2025-11-10 00:16:38.708 [main]  INFO com.book.swap.BookSwapApplication        : Starting BookSwapApplication using Java 17.0.16 with PID 14740 (C:\Users\dell\Desktop\books\book-swap\build\classes\java\main started by dell in C:\Users\dell\Desktop\books\book-swap)
2025-11-10 00:16:38.715 [main] DEBUG com.book.swap.BookSwapApplication        : Running with Spring Boot v3.5.6, Spring v6.2.11
2025-11-10 00:16:38.718 [main]  INFO com.book.swap.BookSwapApplication        : No active profile set, falling back to 1 default profile: "default"
2025-11-10 00:16:40.393 [main]  INFO .s.d.r.c.RepositoryConfigurationDelegate : Bootstrapping Spring Data MongoDB repositories in DEFAULT mode.
2025-11-10 00:16:40.627 [main]  INFO .s.d.r.c.RepositoryConfigurationDelegate : Finished Spring Data repository scanning in 219 ms. Found 6 MongoDB repository interfaces.
2025-11-10 00:16:44.253 [main]  INFO anValidationBeanRegistrationAotProcessor : No Bean Validation provider available - skipping validation constraint hint inference
2025-11-10 00:17:06.690 [restartedMain]  INFO com.book.swap.BookSwapApplication        : Starting BookSwapApplication using Java 23.0.2 with PID 25080 (C:\Users\dell\Desktop\books\book-swap\build\classes\java\main started by dell in C:\Users\dell\Desktop\books\book-swap)
2025-11-10 00:17:06.693 [restartedMain] DEBUG com.book.swap.BookSwapApplication        : Running with Spring Boot v3.5.6, Spring v6.2.11
2025-11-10 00:17:06.694 [restartedMain]  INFO com.book.swap.BookSwapApplication        : No active profile set, falling back to 1 default profile: "default"
2025-11-10 00:17:06.862 [restartedMain]  INFO .e.DevToolsPropertyDefaultsPostProcessor : Devtools property defaults active! Set 'spring.devtools.add-properties' to 'false' to disable
2025-11-10 00:17:06.862 [restartedMain]  INFO .e.DevToolsPropertyDefaultsPostProcessor : For additional web related logging consider setting the 'logging.level.web' property to 'DEBUG'
2025-11-10 00:17:08.763 [restartedMain]  INFO .s.d.r.c.RepositoryConfigurationDelegate : Bootstrapping Spring Data MongoDB repositories in DEFAULT mode.
2025-11-10 00:17:08.964 [restartedMain]  INFO .s.d.r.c.RepositoryConfigurationDelegate : Finished Spring Data repository scanning in 186 ms. Found 6 MongoDB repository interfaces.
2025-11-10 00:17:11.782 [restartedMain]  INFO o.s.b.w.embedded.tomcat.TomcatWebServer  : Tomcat initialized with port 8089 (http)
2025-11-10 00:17:11.820 [restartedMain]  INFO o.apache.catalina.core.StandardService   : Starting service [Tomcat]
2025-11-10 00:17:11.820 [restartedMain]  INFO o.apache.catalina.core.StandardEngine    : Starting Servlet engine: [Apache Tomcat/10.1.46]
2025-11-10 00:17:11.939 [restartedMain]  INFO o.a.c.c.C.[Tomcat].[localhost].[/api]    : Initializing Spring embedded WebApplicationContext
2025-11-10 00:17:11.941 [restartedMain]  INFO w.s.c.ServletWebServerApplicationContext : Root WebApplicationContext: initialization completed in 5076 ms
2025-11-10 00:17:14.315 [restartedMain] DEBUG c.b.s.security.JwtAuthenticationFilter   : Filter 'jwtAuthenticationFilter' configured for use
2025-11-10 00:17:14.378 [restartedMain]  INFO o.s.b.d.a.OptionalLiveReloadServer       : LiveReload server is running on port 35729
2025-11-10 00:17:14.543 [restartedMain]  INFO eAuthenticationProviderManagerConfigurer : Global AuthenticationManager configured with AuthenticationProvider bean with name authenticationProvider
2025-11-10 00:17:14.543 [restartedMain]  WARN r$InitializeUserDetailsManagerConfigurer : Global AuthenticationManager configured with an AuthenticationProvider bean. UserDetailsService beans will not be used by Spring Security for automatically configuring username/password login. Consider removing the AuthenticationProvider bean. Alternatively, consider using the UserDetailsService in a manually instantiated DaoAuthenticationProvider. If the current configuration is intentional, to turn off this warning, increase the logging level of 'org.springframework.security.config.annotation.authentication.configuration.InitializeUserDetailsBeanManagerConfigurer' to ERROR
2025-11-10 00:17:16.923 [restartedMain]  WARN com.book.swap.utils.books.Logger         : [33m⚠ [WARNING] ℹ️ Role already exists: USER[0m
2025-11-10 00:17:16.998 [restartedMain]  WARN com.book.swap.utils.books.Logger         : [33m⚠ [WARNING] ℹ️ Role already exists: ADMIN[0m
2025-11-10 00:17:17.074 [restartedMain]  WARN com.book.swap.utils.books.Logger         : [33m⚠ [WARNING] ℹ️ Role already exists: MODERATOR[0m
2025-11-10 00:17:17.377 [restartedMain]  WARN com.book.swap.utils.books.Logger         : [33m⚠ [WARNING] ℹ️ Permission already exists: CREATE_USER[0m
2025-11-10 00:17:17.458 [restartedMain]  WARN com.book.swap.utils.books.Logger         : [33m⚠ [WARNING] ℹ️ Permission already exists: CREATE_ADMIN[0m
2025-11-10 00:17:17.556 [restartedMain]  WARN com.book.swap.utils.books.Logger         : [33m⚠ [WARNING] ℹ️ Permission already exists: UPDATE_USER[0m
2025-11-10 00:17:17.695 [restartedMain]  WARN com.book.swap.utils.books.Logger         : [33m⚠ [WARNING] ℹ️ Permission already exists: UPDATE_ADMIN[0m
2025-11-10 00:17:17.792 [restartedMain]  WARN com.book.swap.utils.books.Logger         : [33m⚠ [WARNING] ℹ️ Permission already exists: DELETE_USER[0m
2025-11-10 00:17:17.937 [restartedMain]  WARN com.book.swap.utils.books.Logger         : [33m⚠ [WARNING] ℹ️ Permission already exists: DELETE_ROLE[0m
2025-11-10 00:17:19.471 [restartedMain]  INFO o.s.b.a.e.web.EndpointLinksResolver      : Exposing 1 endpoint beneath base path '/actuator'
2025-11-10 00:17:19.979 [restartedMain]  INFO o.s.v.b.OptionalValidatorFactoryBean     : Failed to set up a Bean Validation provider: jakarta.validation.NoProviderFoundException: Unable to create a Configuration, because no Jakarta Validation provider could be found. Add a provider like Hibernate Validator (RI) to your classpath.
2025-11-10 00:17:21.303 [restartedMain]  INFO o.s.b.w.embedded.tomcat.TomcatWebServer  : Tomcat started on port 8089 (http) with context path '/api'
2025-11-10 00:17:21.322 [restartedMain]  INFO com.book.swap.BookSwapApplication        : Started BookSwapApplication in 15.973 seconds (process running for 16.986)
2025-11-10 00:17:29.694 [http-nio-8089-exec-1]  INFO o.a.c.c.C.[Tomcat].[localhost].[/api]    : Initializing Spring DispatcherServlet 'dispatcherServlet'
2025-11-10 00:17:29.694 [http-nio-8089-exec-1]  INFO o.s.web.servlet.DispatcherServlet        : Initializing Servlet 'dispatcherServlet'
2025-11-10 00:17:29.697 [http-nio-8089-exec-1]  INFO o.s.web.servlet.DispatcherServlet        : Completed initialization in 3 ms
2025-11-10 00:17:29.761 [http-nio-8089-exec-1] DEBUG c.b.s.security.JwtAuthenticationFilter   : ➡️ Incoming request path: /api/auth/login
2025-11-10 00:17:29.890 [http-nio-8089-exec-1]  INFO c.book.swap.services.auth.AuthService    : Login attempt for identifier: alpha@gmail.com
2025-11-10 00:17:30.659 [http-nio-8089-exec-1] DEBUG c.b.s.utils.books.InMemoryCacheService   : Session stored: 1762714050457
2025-11-10 00:17:30.715 [http-nio-8089-exec-1]  INFO c.book.swap.services.auth.AuthService    : User logged in successfully: alpha@gmail.com
2025-11-10 00:18:23.772 [http-nio-8089-exec-3] DEBUG c.b.s.security.JwtAuthenticationFilter   : ➡️ Incoming request path: /api/auth/token/logout
2025-11-10 00:18:23.775 [http-nio-8089-exec-3] ERROR c.b.s.c.GlobalExceptionHandler           : Unexpected error: Request method 'POST' is not supported
org.springframework.web.HttpRequestMethodNotSupportedException: Request method 'POST' is not supported
	at org.springframework.web.servlet.mvc.method.RequestMappingInfoHandlerMapping.handleNoMatch(RequestMappingInfoHandlerMapping.java:267)
	at org.springframework.web.servlet.handler.AbstractHandlerMethodMapping.lookupHandlerMethod(AbstractHandlerMethodMapping.java:441)
	at org.springframework.web.servlet.handler.AbstractHandlerMethodMapping.getHandlerInternal(AbstractHandlerMethodMapping.java:382)
	at org.springframework.web.servlet.mvc.method.RequestMappingInfoHandlerMapping.getHandlerInternal(RequestMappingInfoHandlerMapping.java:127)
	at org.springframework.web.servlet.mvc.method.RequestMappingInfoHandlerMapping.getHandlerInternal(RequestMappingInfoHandlerMapping.java:68)
	at org.springframework.web.servlet.handler.AbstractHandlerMapping.getHandler(AbstractHandlerMapping.java:509)
	at org.springframework.web.servlet.DispatcherServlet.getHandler(DispatcherServlet.java:1284)
	at org.springframework.web.servlet.DispatcherServlet.doDispatch(DispatcherServlet.java:1065)
	at org.springframework.web.servlet.DispatcherServlet.doService(DispatcherServlet.java:979)
	at org.springframework.web.servlet.FrameworkServlet.processRequest(FrameworkServlet.java:1014)
	at org.springframework.web.servlet.FrameworkServlet.doPost(FrameworkServlet.java:914)
	at jakarta.servlet.http.HttpServlet.service(HttpServlet.java:590)
	at org.springframework.web.servlet.FrameworkServlet.service(FrameworkServlet.java:885)
	at jakarta.servlet.http.HttpServlet.service(HttpServlet.java:658)
	at org.apache.catalina.core.ApplicationFilterChain.internalDoFilter(ApplicationFilterChain.java:195)
	at org.apache.catalina.core.ApplicationFilterChain.doFilter(ApplicationFilterChain.java:140)
	at org.apache.tomcat.websocket.server.WsFilter.doFilter(WsFilter.java:51)
	at org.apache.catalina.core.ApplicationFilterChain.internalDoFilter(ApplicationFilterChain.java:164)
	at org.apache.catalina.core.ApplicationFilterChain.doFilter(ApplicationFilterChain.java:140)
	at org.springframework.web.filter.OncePerRequestFilter.doFilter(OncePerRequestFilter.java:110)
	at org.apache.catalina.core.ApplicationFilterChain.internalDoFilter(ApplicationFilterChain.java:164)
	at org.apache.catalina.core.ApplicationFilterChain.doFilter(ApplicationFilterChain.java:140)
	at org.springframework.web.filter.CompositeFilter$VirtualFilterChain.doFilter(CompositeFilter.java:108)
	at org.springframework.web.filter.CompositeFilter$VirtualFilterChain.doFilter(CompositeFilter.java:108)
	at org.springframework.security.web.FilterChainProxy.lambda$doFilterInternal$3(FilterChainProxy.java:231)
	at org.springframework.security.web.ObservationFilterChainDecorator$FilterObservation$SimpleFilterObservation.lambda$wrap$1(ObservationFilterChainDecorator.java:490)
	at org.springframework.security.web.ObservationFilterChainDecorator$AroundFilterObservation$SimpleAroundFilterObservation.lambda$wrap$1(ObservationFilterChainDecorator.java:351)
	at org.springframework.security.web.ObservationFilterChainDecorator.lambda$wrapSecured$0(ObservationFilterChainDecorator.java:83)
	at org.springframework.security.web.ObservationFilterChainDecorator$VirtualFilterChain.doFilter(ObservationFilterChainDecorator.java:129)
	at org.springframework.security.web.access.intercept.AuthorizationFilter.doFilter(AuthorizationFilter.java:101)
	at org.springframework.security.web.ObservationFilterChainDecorator$ObservationFilter.wrapFilter(ObservationFilterChainDecorator.java:241)
	at org.springframework.security.web.ObservationFilterChainDecorator$ObservationFilter.doFilter(ObservationFilterChainDecorator.java:228)
	at org.springframework.security.web.ObservationFilterChainDecorator$VirtualFilterChain.doFilter(ObservationFilterChainDecorator.java:138)
	at org.springframework.security.web.access.ExceptionTranslationFilter.doFilter(ExceptionTranslationFilter.java:125)
	at org.springframework.security.web.access.ExceptionTranslationFilter.doFilter(ExceptionTranslationFilter.java:119)
	at org.springframework.security.web.ObservationFilterChainDecorator$ObservationFilter.wrapFilter(ObservationFilterChainDecorator.java:241)
	at org.springframework.security.web.ObservationFilterChainDecorator$ObservationFilter.doFilter(ObservationFilterChainDecorator.java:228)
	at org.springframework.security.web.ObservationFilterChainDecorator$VirtualFilterChain.doFilter(ObservationFilterChainDecorator.java:138)
	at org.springframework.security.web.session.SessionManagementFilter.doFilter(SessionManagementFilter.java:131)
	at org.springframework.security.web.session.SessionManagementFilter.doFilter(SessionManagementFilter.java:85)
	at org.springframework.security.web.ObservationFilterChainDecorator$ObservationFilter.wrapFilter(ObservationFilterChainDecorator.java:241)
	at org.springframework.security.web.ObservationFilterChainDecorator$ObservationFilter.doFilter(ObservationFilterChainDecorator.java:228)
	at org.springframework.security.web.ObservationFilterChainDecorator$VirtualFilterChain.doFilter(ObservationFilterChainDecorator.java:138)
	at org.springframework.security.web.authentication.AnonymousAuthenticationFilter.doFilter(AnonymousAuthenticationFilter.java:100)
	at org.springframework.security.web.ObservationFilterChainDecorator$ObservationFilter.wrapFilter(ObservationFilterChainDecorator.java:241)
	at org.springframework.security.web.ObservationFilterChainDecorator$ObservationFilter.doFilter(ObservationFilterChainDecorator.java:228)
	at org.springframework.security.web.ObservationFilterChainDecorator$VirtualFilterChain.doFilter(ObservationFilterChainDecorator.java:138)
	at org.springframework.security.web.servletapi.SecurityContextHolderAwareRequestFilter.doFilter(SecurityContextHolderAwareRequestFilter.java:179)
	at org.springframework.security.web.ObservationFilterChainDecorator$ObservationFilter.wrapFilter(ObservationFilterChainDecorator.java:241)
	at org.springframework.security.web.ObservationFilterChainDecorator$ObservationFilter.doFilter(ObservationFilterChainDecorator.java:228)
	at org.springframework.security.web.ObservationFilterChainDecorator$VirtualFilterChain.doFilter(ObservationFilterChainDecorator.java:138)
	at org.springframework.security.web.savedrequest.RequestCacheAwareFilter.doFilter(RequestCacheAwareFilter.java:63)
	at org.springframework.security.web.ObservationFilterChainDecorator$ObservationFilter.wrapFilter(ObservationFilterChainDecorator.java:241)
	at org.springframework.security.web.ObservationFilterChainDecorator$ObservationFilter.doFilter(ObservationFilterChainDecorator.java:228)
	at org.springframework.security.web.ObservationFilterChainDecorator$VirtualFilterChain.doFilter(ObservationFilterChainDecorator.java:138)
	at com.book.swap.security.JwtAuthenticationFilter.doFilterInternal(JwtAuthenticationFilter.java:44)
	at org.springframework.web.filter.OncePerRequestFilter.doFilter(OncePerRequestFilter.java:116)
	at org.springframework.security.web.ObservationFilterChainDecorator$ObservationFilter.wrapFilter(ObservationFilterChainDecorator.java:241)
	at org.springframework.security.web.ObservationFilterChainDecorator$ObservationFilter.doFilter(ObservationFilterChainDecorator.java:228)
	at org.springframework.security.web.ObservationFilterChainDecorator$VirtualFilterChain.doFilter(ObservationFilterChainDecorator.java:138)
	at org.springframework.security.web.authentication.logout.LogoutFilter.doFilter(LogoutFilter.java:107)
	at org.springframework.security.web.authentication.logout.LogoutFilter.doFilter(LogoutFilter.java:93)
	at org.springframework.security.web.ObservationFilterChainDecorator$ObservationFilter.wrapFilter(ObservationFilterChainDecorator.java:241)
	at org.springframework.security.web.ObservationFilterChainDecorator$ObservationFilter.doFilter(ObservationFilterChainDecorator.java:228)
	at org.springframework.security.web.ObservationFilterChainDecorator$VirtualFilterChain.doFilter(ObservationFilterChainDecorator.java:138)
	at org.springframework.web.filter.CorsFilter.doFilterInternal(CorsFilter.java:91)
	at org.springframework.web.filter.OncePerRequestFilter.doFilter(OncePerRequestFilter.java:116)
	at org.springframework.security.web.ObservationFilterChainDecorator$ObservationFilter.wrapFilter(ObservationFilterChainDecorator.java:241)
	at org.springframework.security.web.ObservationFilterChainDecorator$ObservationFilter.doFilter(ObservationFilterChainDecorator.java:228)
	at org.springframework.security.web.ObservationFilterChainDecorator$VirtualFilterChain.doFilter(ObservationFilterChainDecorator.java:138)
	at org.springframework.security.web.header.HeaderWriterFilter.doHeadersAfter(HeaderWriterFilter.java:90)
	at org.springframework.security.web.header.HeaderWriterFilter.doFilterInternal(HeaderWriterFilter.java:75)
	at org.springframework.web.filter.OncePerRequestFilter.doFilter(OncePerRequestFilter.java:116)
	at org.springframework.security.web.ObservationFilterChainDecorator$ObservationFilter.wrapFilter(ObservationFilterChainDecorator.java:241)
	at org.springframework.security.web.ObservationFilterChainDecorator$ObservationFilter.doFilter(ObservationFilterChainDecorator.java:228)
	at org.springframework.security.web.ObservationFilterChainDecorator$VirtualFilterChain.doFilter(ObservationFilterChainDecorator.java:138)
	at org.springframework.security.web.context.SecurityContextHolderFilter.doFilter(SecurityContextHolderFilter.java:82)
	at org.springframework.security.web.context.SecurityContextHolderFilter.doFilter(SecurityContextHolderFilter.java:69)
	at org.springframework.security.web.ObservationFilterChainDecorator$ObservationFilter.wrapFilter(ObservationFilterChainDecorator.java:241)
	at org.springframework.security.web.ObservationFilterChainDecorator$ObservationFilter.doFilter(ObservationFilterChainDecorator.java:228)
	at org.springframework.security.web.ObservationFilterChainDecorator$VirtualFilterChain.doFilter(ObservationFilterChainDecorator.java:138)
	at org.springframework.security.web.context.request.async.WebAsyncManagerIntegrationFilter.doFilterInternal(WebAsyncManagerIntegrationFilter.java:62)
	at org.springframework.web.filter.OncePerRequestFilter.doFilter(OncePerRequestFilter.java:116)
	at org.springframework.security.web.ObservationFilterChainDecorator$ObservationFilter.wrapFilter(ObservationFilterChainDecorator.java:241)
	at org.springframework.security.web.ObservationFilterChainDecorator$ObservationFilter.doFilter(ObservationFilterChainDecorator.java:228)
	at org.springframework.security.web.ObservationFilterChainDecorator$VirtualFilterChain.doFilter(ObservationFilterChainDecorator.java:138)
	at org.springframework.security.web.session.DisableEncodeUrlFilter.doFilterInternal(DisableEncodeUrlFilter.java:42)
	at org.springframework.web.filter.OncePerRequestFilter.doFilter(OncePerRequestFilter.java:116)
	at org.springframework.security.web.ObservationFilterChainDecorator$ObservationFilter.wrapFilter(ObservationFilterChainDecorator.java:241)
	at org.springframework.security.web.ObservationFilterChainDecorator$AroundFilterObservation$SimpleAroundFilterObservation.lambda$wrap$0(ObservationFilterChainDecorator.java:334)
	at org.springframework.security.web.ObservationFilterChainDecorator$ObservationFilter.doFilter(ObservationFilterChainDecorator.java:225)
	at org.springframework.security.web.ObservationFilterChainDecorator$VirtualFilterChain.doFilter(ObservationFilterChainDecorator.java:138)
	at org.springframework.security.web.FilterChainProxy.doFilterInternal(FilterChainProxy.java:233)
	at org.springframework.security.web.FilterChainProxy.doFilter(FilterChainProxy.java:191)
	at org.springframework.web.filter.CompositeFilter$VirtualFilterChain.doFilter(CompositeFilter.java:113)
	at org.springframework.web.filter.ServletRequestPathFilter.doFilter(ServletRequestPathFilter.java:52)
	at org.springframework.web.filter.CompositeFilter$VirtualFilterChain.doFilter(CompositeFilter.java:113)
	at org.springframework.web.filter.CompositeFilter.doFilter(CompositeFilter.java:74)
	at org.springframework.security.config.annotation.web.configuration.WebSecurityConfiguration$CompositeFilterChainProxy.doFilter(WebSecurityConfiguration.java:319)
	at org.springframework.web.filter.CompositeFilter$VirtualFilterChain.doFilter(CompositeFilter.java:113)
	at org.springframework.web.servlet.handler.HandlerMappingIntrospector.lambda$createCacheFilter$4(HandlerMappingIntrospector.java:267)
	at org.springframework.web.filter.CompositeFilter$VirtualFilterChain.doFilter(CompositeFilter.java:113)
	at org.springframework.web.filter.CompositeFilter.doFilter(CompositeFilter.java:74)
	at org.springframework.security.config.annotation.web.configuration.WebMvcSecurityConfiguration$CompositeFilterChainProxy.doFilter(WebMvcSecurityConfiguration.java:240)
	at org.springframework.web.filter.DelegatingFilterProxy.invokeDelegate(DelegatingFilterProxy.java:362)
	at org.springframework.web.filter.DelegatingFilterProxy.doFilter(DelegatingFilterProxy.java:278)
	at org.apache.catalina.core.ApplicationFilterChain.internalDoFilter(ApplicationFilterChain.java:164)
	at org.apache.catalina.core.ApplicationFilterChain.doFilter(ApplicationFilterChain.java:140)
	at org.springframework.web.filter.RequestContextFilter.doFilterInternal(RequestContextFilter.java:100)
	at org.springframework.web.filter.OncePerRequestFilter.doFilter(OncePerRequestFilter.java:116)
	at org.apache.catalina.core.ApplicationFilterChain.internalDoFilter(ApplicationFilterChain.java:164)
	at org.apache.catalina.core.ApplicationFilterChain.doFilter(ApplicationFilterChain.java:140)
	at org.springframework.web.filter.FormContentFilter.doFilterInternal(FormContentFilter.java:93)
	at org.springframework.web.filter.OncePerRequestFilter.doFilter(OncePerRequestFilter.java:116)
	at org.apache.catalina.core.ApplicationFilterChain.internalDoFilter(ApplicationFilterChain.java:164)
	at org.apache.catalina.core.ApplicationFilterChain.doFilter(ApplicationFilterChain.java:140)
	at org.springframework.web.filter.ServerHttpObservationFilter.doFilterInternal(ServerHttpObservationFilter.java:110)
	at org.springframework.web.filter.OncePerRequestFilter.doFilter(OncePerRequestFilter.java:116)
	at org.apache.catalina.core.ApplicationFilterChain.internalDoFilter(ApplicationFilterChain.java:164)
	at org.apache.catalina.core.ApplicationFilterChain.doFilter(ApplicationFilterChain.java:140)
	at org.springframework.web.filter.CharacterEncodingFilter.doFilterInternal(CharacterEncodingFilter.java:201)
	at org.springframework.web.filter.OncePerRequestFilter.doFilter(OncePerRequestFilter.java:116)
	at org.apache.catalina.core.ApplicationFilterChain.internalDoFilter(ApplicationFilterChain.java:164)
	at org.apache.catalina.core.ApplicationFilterChain.doFilter(ApplicationFilterChain.java:140)
	at org.apache.catalina.core.StandardWrapperValve.invoke(StandardWrapperValve.java:167)
	at org.apache.catalina.core.StandardContextValve.invoke(StandardContextValve.java:90)
	at org.apache.catalina.authenticator.AuthenticatorBase.invoke(AuthenticatorBase.java:483)
	at org.apache.catalina.core.StandardHostValve.invoke(StandardHostValve.java:116)
	at org.apache.catalina.valves.ErrorReportValve.invoke(ErrorReportValve.java:93)
	at org.apache.catalina.core.StandardEngineValve.invoke(StandardEngineValve.java:74)
	at org.apache.catalina.connector.CoyoteAdapter.service(CoyoteAdapter.java:344)
	at org.apache.coyote.http11.Http11Processor.service(Http11Processor.java:398)
	at org.apache.coyote.AbstractProcessorLight.process(AbstractProcessorLight.java:63)
	at org.apache.coyote.AbstractProtocol$ConnectionHandler.process(AbstractProtocol.java:903)
	at org.apache.tomcat.util.net.NioEndpoint$SocketProcessor.doRun(NioEndpoint.java:1776)
	at org.apache.tomcat.util.net.SocketProcessorBase.run(SocketProcessorBase.java:52)
	at org.apache.tomcat.util.threads.ThreadPoolExecutor.runWorker(ThreadPoolExecutor.java:975)
	at org.apache.tomcat.util.threads.ThreadPoolExecutor$Worker.run(ThreadPoolExecutor.java:493)
	at org.apache.tomcat.util.threads.TaskThread$WrappingRunnable.run(TaskThread.java:63)
	at java.base/java.lang.Thread.run(Thread.java:1575)
2025-11-10 00:18:23.783 [http-nio-8089-exec-3]  WARN .m.m.a.ExceptionHandlerExceptionResolver : Resolved [org.springframework.web.HttpRequestMethodNotSupportedException: Request method 'POST' is not supported]
2025-11-10 00:18:29.583 [http-nio-8089-exec-4] DEBUG c.b.s.security.JwtAuthenticationFilter   : ➡️ Incoming request path: /api/auth/token/logout
2025-11-10 00:18:29.623 [http-nio-8089-exec-4] DEBUG c.b.s.utils.books.InMemoryCacheService   : Session invalidated: 1762714050457
2025-11-10 00:18:29.623 [http-nio-8089-exec-4]  INFO c.book.swap.services.auth.TokenService   : Session invalidated successfully: 1762714050457
2025-11-10 00:18:42.195 [http-nio-8089-exec-6] DEBUG c.b.s.security.JwtAuthenticationFilter   : ➡️ Incoming request path: /api/auth/token/refresh
2025-11-10 00:18:42.215 [http-nio-8089-exec-6]  WARN c.b.s.c.GlobalExceptionHandler           : Illegal argument: Refresh token not found
2025-11-10 00:18:42.217 [http-nio-8089-exec-6]  WARN .m.m.a.ExceptionHandlerExceptionResolver : Resolved [java.lang.IllegalArgumentException: Refresh token not found]
2025-11-10 00:18:48.537 [http-nio-8089-exec-8] DEBUG c.b.s.security.JwtAuthenticationFilter   : ➡️ Incoming request path: /api/auth/login
2025-11-10 00:18:48.540 [http-nio-8089-exec-8]  INFO c.book.swap.services.auth.AuthService    : Login attempt for identifier: alpha@gmail.com
2025-11-10 00:18:48.781 [http-nio-8089-exec-8] DEBUG c.b.s.utils.books.InMemoryCacheService   : Session stored: 1762714128690
2025-11-10 00:18:48.784 [http-nio-8089-exec-8]  INFO c.book.swap.services.auth.AuthService    : User logged in successfully: alpha@gmail.com
2025-11-10 00:19:05.059 [http-nio-8089-exec-9] DEBUG c.b.s.security.JwtAuthenticationFilter   : ➡️ Incoming request path: /api/auth/token/refresh
2025-11-10 00:19:05.063 [http-nio-8089-exec-9]  INFO c.book.swap.services.auth.TokenService   : Attempting to refresh access token
2025-11-10 00:19:05.068 [http-nio-8089-exec-9]  INFO c.book.swap.services.auth.TokenService   : Extracted user email: alpha@gmail.com from refresh token
2025-11-10 00:19:05.169 [http-nio-8089-exec-9]  INFO c.book.swap.services.auth.TokenService   : This is session id 1762714128690
2025-11-10 00:19:05.169 [http-nio-8089-exec-9] DEBUG c.b.s.utils.books.InMemoryCacheService   : Session retrieved: 1762714128690 - Found: true
2025-11-10 00:19:05.170 [http-nio-8089-exec-9]  INFO c.book.swap.services.auth.TokenService   : Refresh token has expired for user: alpha@gmail.com
2025-11-10 00:19:05.171 [http-nio-8089-exec-9]  INFO c.book.swap.services.auth.TokenService   : Access token refreshed successfully for user: alpha@gmail.com
2025-11-10 00:19:11.578 [http-nio-8089-exec-10] DEBUG c.b.s.security.JwtAuthenticationFilter   : ➡️ Incoming request path: /api/auth/token/logout
2025-11-10 00:19:11.586 [http-nio-8089-exec-10] DEBUG c.b.s.utils.books.InMemoryCacheService   : Session invalidated: 1762714128690
2025-11-10 00:19:11.586 [http-nio-8089-exec-10]  INFO c.book.swap.services.auth.TokenService   : Session invalidated successfully: 1762714128690
2025-11-10 00:19:15.308 [http-nio-8089-exec-2] DEBUG c.b.s.security.JwtAuthenticationFilter   : ➡️ Incoming request path: /api/auth/token/refresh
2025-11-10 00:19:15.310 [http-nio-8089-exec-2]  WARN c.b.s.c.GlobalExceptionHandler           : Illegal argument: Refresh token not found
2025-11-10 00:19:15.312 [http-nio-8089-exec-2]  WARN .m.m.a.ExceptionHandlerExceptionResolver : Resolved [java.lang.IllegalArgumentException: Refresh token not found]
2025-11-10 00:20:30.936 [http-nio-8089-exec-1] DEBUG c.b.s.security.JwtAuthenticationFilter   : ➡️ Incoming request path: /api/auth/token/validate/eyJhbGciOiJIUzI1NiJ9.eyJyb2xlcyI6WzEwMF0sInNlc3Npb25JZCI6MTc2MjcxNDEyODY5MCwidHlwZSI6IkFDQ0VTUyIsInVzZXJJZCI6IjY5MTBhNzEwOTQyNmNhZTEzMjgwMDg1MSIsInN1YiI6ImFscGhhQGdtYWlsLmNvbSIsImlhdCI6MTc2MjcxNDEyOCwiZXhwIjoxNzYyNzE3NzI4fQ.MGQE3Jqf4ysu0j9XwtErmyVhKAvnLgmu5WPcp_TjnR8
2025-11-10 00:20:30.945 [http-nio-8089-exec-1]  INFO c.book.swap.services.auth.TokenService   : Validating access token
2025-11-10 00:20:31.072 [http-nio-8089-exec-1] DEBUG c.b.s.utils.books.InMemoryCacheService   : Session retrieved: 1762714128690 - Found: false
2025-11-10 00:20:31.072 [http-nio-8089-exec-1]  WARN c.book.swap.services.auth.TokenService   : Invalid session for user: alpha@gmail.com
2025-11-10 00:20:38.851 [http-nio-8089-exec-5] DEBUG c.b.s.security.JwtAuthenticationFilter   : ➡️ Incoming request path: /api/auth/token/refresh
2025-11-10 00:20:38.852 [http-nio-8089-exec-5]  WARN c.b.s.c.GlobalExceptionHandler           : Illegal argument: Refresh token not found
2025-11-10 00:20:38.854 [http-nio-8089-exec-5]  WARN .m.m.a.ExceptionHandlerExceptionResolver : Resolved [java.lang.IllegalArgumentException: Refresh token not found]
2025-11-10 00:20:43.413 [http-nio-8089-exec-6] DEBUG c.b.s.security.JwtAuthenticationFilter   : ➡️ Incoming request path: /api/auth/login
2025-11-10 00:20:43.415 [http-nio-8089-exec-6]  INFO c.book.swap.services.auth.AuthService    : Login attempt for identifier: alpha@gmail.com
2025-11-10 00:20:43.674 [http-nio-8089-exec-6] DEBUG c.b.s.utils.books.InMemoryCacheService   : Session stored: 1762714243581
2025-11-10 00:20:43.675 [http-nio-8089-exec-6]  INFO c.book.swap.services.auth.AuthService    : User logged in successfully: alpha@gmail.com
2025-11-10 00:20:52.245 [http-nio-8089-exec-7] DEBUG c.b.s.security.JwtAuthenticationFilter   : ➡️ Incoming request path: /api/auth/token/refresh
2025-11-10 00:20:52.248 [http-nio-8089-exec-7]  INFO c.book.swap.services.auth.TokenService   : Attempting to refresh access token
2025-11-10 00:20:52.251 [http-nio-8089-exec-7]  INFO c.book.swap.services.auth.TokenService   : Extracted user email: alpha@gmail.com from refresh token
2025-11-10 00:20:52.349 [http-nio-8089-exec-7]  INFO c.book.swap.services.auth.TokenService   : This is session id 1762714243581
2025-11-10 00:20:52.349 [http-nio-8089-exec-7] DEBUG c.b.s.utils.books.InMemoryCacheService   : Session retrieved: 1762714243581 - Found: true
2025-11-10 00:20:52.349 [http-nio-8089-exec-7]  INFO c.book.swap.services.auth.TokenService   : Refresh token has expired for user: alpha@gmail.com
2025-11-10 00:20:52.351 [http-nio-8089-exec-7]  INFO c.book.swap.services.auth.TokenService   : Access token refreshed successfully for user: alpha@gmail.com
2025-11-10 00:21:11.874 [http-nio-8089-exec-8] DEBUG c.b.s.security.JwtAuthenticationFilter   : ➡️ Incoming request path: /api/auth/token/validate/eyJhbGciOiJIUzI1NiJ9.eyJyb2xlcyI6WzEwMF0sInNlc3Npb25JZCI6MTc2MjcxNDI0MzU4MSwidHlwZSI6IkFDQ0VTUyIsInVzZXJJZCI6IjY5MTBhNzEwOTQyNmNhZTEzMjgwMDg1MSIsInN1YiI6ImFscGhhQGdtYWlsLmNvbSIsImlhdCI6MTc2MjcxNDI1MiwiZXhwIjoxNzYyNzE3ODUyfQ.SkJKBjBTsyyHSrYr-s87CUuaTzwiS-To0oNbME2jY4o
2025-11-10 00:21:11.875 [http-nio-8089-exec-8]  INFO c.book.swap.services.auth.TokenService   : Validating access token
2025-11-10 00:21:11.992 [http-nio-8089-exec-8] DEBUG c.b.s.utils.books.InMemoryCacheService   : Session retrieved: 1762714243581 - Found: true
2025-11-10 00:21:11.992 [http-nio-8089-exec-8]  INFO c.book.swap.services.auth.TokenService   : Access token validated successfully for user: alpha@gmail.com
2025-11-10 00:21:27.982 [http-nio-8089-exec-9] DEBUG c.b.s.security.JwtAuthenticationFilter   : ➡️ Incoming request path: /api/auth/token/logout
2025-11-10 00:21:27.987 [http-nio-8089-exec-9] DEBUG c.b.s.utils.books.InMemoryCacheService   : Session invalidated: 1762714243581
2025-11-10 00:21:27.987 [http-nio-8089-exec-9]  INFO c.book.swap.services.auth.TokenService   : Session invalidated successfully: 1762714243581
2025-11-10 00:37:01.559 [main]  INFO com.book.swap.BookSwapApplication        : Starting BookSwapApplication using Java 17.0.16 with PID 28720 (C:\Users\dell\Desktop\books\book-swap\build\classes\java\main started by dell in C:\Users\dell\Desktop\books\book-swap)
2025-11-10 00:37:01.572 [main] DEBUG com.book.swap.BookSwapApplication        : Running with Spring Boot v3.5.6, Spring v6.2.11
2025-11-10 00:37:01.573 [main]  INFO com.book.swap.BookSwapApplication        : No active profile set, falling back to 1 default profile: "default"
2025-11-10 00:37:03.600 [main]  INFO .s.d.r.c.RepositoryConfigurationDelegate : Bootstrapping Spring Data MongoDB repositories in DEFAULT mode.
2025-11-10 00:37:03.759 [main]  INFO .s.d.r.c.RepositoryConfigurationDelegate : Finished Spring Data repository scanning in 150 ms. Found 6 MongoDB repository interfaces.
2025-11-10 00:37:06.974 [main]  INFO anValidationBeanRegistrationAotProcessor : No Bean Validation provider available - skipping validation constraint hint inference
2025-11-10 00:37:22.323 [restartedMain]  INFO com.book.swap.BookSwapApplication        : Starting BookSwapApplication using Java 23.0.2 with PID 28284 (C:\Users\dell\Desktop\books\book-swap\build\classes\java\main started by dell in C:\Users\dell\Desktop\books\book-swap)
2025-11-10 00:37:22.329 [restartedMain] DEBUG com.book.swap.BookSwapApplication        : Running with Spring Boot v3.5.6, Spring v6.2.11
2025-11-10 00:37:22.331 [restartedMain]  INFO com.book.swap.BookSwapApplication        : No active profile set, falling back to 1 default profile: "default"
2025-11-10 00:37:22.552 [restartedMain]  INFO .e.DevToolsPropertyDefaultsPostProcessor : Devtools property defaults active! Set 'spring.devtools.add-properties' to 'false' to disable
2025-11-10 00:37:22.552 [restartedMain]  INFO .e.DevToolsPropertyDefaultsPostProcessor : For additional web related logging consider setting the 'logging.level.web' property to 'DEBUG'
2025-11-10 00:37:24.609 [restartedMain]  INFO .s.d.r.c.RepositoryConfigurationDelegate : Bootstrapping Spring Data MongoDB repositories in DEFAULT mode.
2025-11-10 00:37:25.364 [restartedMain]  INFO .s.d.r.c.RepositoryConfigurationDelegate : Finished Spring Data repository scanning in 750 ms. Found 6 MongoDB repository interfaces.
2025-11-10 00:37:27.800 [restartedMain]  INFO o.s.b.w.embedded.tomcat.TomcatWebServer  : Tomcat initialized with port 8089 (http)
2025-11-10 00:37:27.830 [restartedMain]  INFO o.apache.catalina.core.StandardService   : Starting service [Tomcat]
2025-11-10 00:37:27.832 [restartedMain]  INFO o.apache.catalina.core.StandardEngine    : Starting Servlet engine: [Apache Tomcat/10.1.46]
2025-11-10 00:37:27.959 [restartedMain]  INFO o.a.c.c.C.[Tomcat].[localhost].[/api]    : Initializing Spring embedded WebApplicationContext
2025-11-10 00:37:27.959 [restartedMain]  INFO w.s.c.ServletWebServerApplicationContext : Root WebApplicationContext: initialization completed in 5405 ms
2025-11-10 00:37:30.700 [restartedMain] DEBUG c.b.s.security.JwtAuthenticationFilter   : Filter 'jwtAuthenticationFilter' configured for use
2025-11-10 00:37:30.754 [restartedMain]  INFO o.s.b.d.a.OptionalLiveReloadServer       : LiveReload server is running on port 35729
2025-11-10 00:37:30.897 [restartedMain]  INFO eAuthenticationProviderManagerConfigurer : Global AuthenticationManager configured with AuthenticationProvider bean with name authenticationProvider
2025-11-10 00:37:30.897 [restartedMain]  WARN r$InitializeUserDetailsManagerConfigurer : Global AuthenticationManager configured with an AuthenticationProvider bean. UserDetailsService beans will not be used by Spring Security for automatically configuring username/password login. Consider removing the AuthenticationProvider bean. Alternatively, consider using the UserDetailsService in a manually instantiated DaoAuthenticationProvider. If the current configuration is intentional, to turn off this warning, increase the logging level of 'org.springframework.security.config.annotation.authentication.configuration.InitializeUserDetailsBeanManagerConfigurer' to ERROR
2025-11-10 00:37:33.684 [restartedMain]  INFO o.s.b.a.e.web.EndpointLinksResolver      : Exposing 1 endpoint beneath base path '/actuator'
2025-11-10 00:37:34.038 [restartedMain]  INFO o.s.v.b.OptionalValidatorFactoryBean     : Failed to set up a Bean Validation provider: jakarta.validation.NoProviderFoundException: Unable to create a Configuration, because no Jakarta Validation provider could be found. Add a provider like Hibernate Validator (RI) to your classpath.
2025-11-10 00:37:35.317 [restartedMain]  INFO o.s.b.w.embedded.tomcat.TomcatWebServer  : Tomcat started on port 8089 (http) with context path '/api'
2025-11-10 00:37:35.335 [restartedMain]  INFO com.book.swap.BookSwapApplication        : Started BookSwapApplication in 14.224 seconds (process running for 14.968)
2025-11-10 00:37:47.310 [http-nio-8089-exec-1]  INFO o.a.c.c.C.[Tomcat].[localhost].[/api]    : Initializing Spring DispatcherServlet 'dispatcherServlet'
2025-11-10 00:37:47.311 [http-nio-8089-exec-1]  INFO o.s.web.servlet.DispatcherServlet        : Initializing Servlet 'dispatcherServlet'
2025-11-10 00:37:47.313 [http-nio-8089-exec-1]  INFO o.s.web.servlet.DispatcherServlet        : Completed initialization in 2 ms
2025-11-10 00:37:47.368 [http-nio-8089-exec-1] DEBUG c.b.s.security.JwtAuthenticationFilter   : ➡️ Incoming request path: /api/user/get-all-users
2025-11-10 00:37:47.492 [http-nio-8089-exec-1]  WARN c.b.s.security.JwtAuthenticationFilter   : ⏰ Token expired: JWT expired at 2025-11-09T16:29:02Z. Current time: 2025-11-09T19:07:47Z, a difference of 9525491 milliseconds.  Allowed clock skew: 0 milliseconds.
2025-11-10 00:38:01.620 [http-nio-8089-exec-4] DEBUG c.b.s.security.JwtAuthenticationFilter   : ➡️ Incoming request path: /api/user/get-all-users
2025-11-10 00:38:02.071 [http-nio-8089-exec-4] DEBUG c.b.s.security.CustomUserDetailsService  : Loaded user: alpha@gmail.com with roles [ROLE_USER]
2025-11-10 00:38:02.075 [http-nio-8089-exec-4] DEBUG com.book.swap.security.JwtService        : Checking token for username alpha@gmail.com, alpha@gmail.com
2025-11-10 00:38:02.078 [http-nio-8089-exec-4] DEBUG com.book.swap.security.JwtService        : Token expired for isValid false
2025-11-10 00:38:02.080 [http-nio-8089-exec-4] DEBUG c.b.s.security.JwtAuthenticationFilter   : ✅ User authenticated successfully: alpha@gmail.com
2025-11-10 00:38:09.678 [http-nio-8089-exec-5] DEBUG c.b.s.security.JwtAuthenticationFilter   : ➡️ Incoming request path: /api/user/get-all-users
2025-11-10 00:38:09.799 [http-nio-8089-exec-5] DEBUG c.b.s.security.CustomUserDetailsService  : Loaded user: alpha@gmail.com with roles [ROLE_USER]
2025-11-10 00:38:09.801 [http-nio-8089-exec-5] DEBUG com.book.swap.security.JwtService        : Checking token for username alpha@gmail.com, alpha@gmail.com
2025-11-10 00:38:09.802 [http-nio-8089-exec-5] DEBUG com.book.swap.security.JwtService        : Token expired for isValid false
2025-11-10 00:38:09.803 [http-nio-8089-exec-5] DEBUG c.b.s.security.JwtAuthenticationFilter   : ✅ User authenticated successfully: alpha@gmail.com
2025-11-10 00:38:21.233 [http-nio-8089-exec-6] DEBUG c.b.s.security.JwtAuthenticationFilter   : ➡️ Incoming request path: /api/user/get-all-users
2025-11-10 00:38:21.355 [http-nio-8089-exec-6] DEBUG c.b.s.security.CustomUserDetailsService  : Loaded user: alpha@gmail.com with roles [ROLE_USER]
2025-11-10 00:38:21.357 [http-nio-8089-exec-6] DEBUG com.book.swap.security.JwtService        : Checking token for username alpha@gmail.com, alpha@gmail.com
2025-11-10 00:38:21.359 [http-nio-8089-exec-6] DEBUG com.book.swap.security.JwtService        : Token expired for isValid false
2025-11-10 00:38:21.360 [http-nio-8089-exec-6] DEBUG c.b.s.security.JwtAuthenticationFilter   : ✅ User authenticated successfully: alpha@gmail.com
2025-11-10 00:39:07.530 [main]  INFO com.book.swap.BookSwapApplication        : Starting BookSwapApplication using Java 17.0.16 with PID 16904 (C:\Users\dell\Desktop\books\book-swap\build\classes\java\main started by dell in C:\Users\dell\Desktop\books\book-swap)
2025-11-10 00:39:07.530 [main] DEBUG com.book.swap.BookSwapApplication        : Running with Spring Boot v3.5.6, Spring v6.2.11
2025-11-10 00:39:07.533 [main]  INFO com.book.swap.BookSwapApplication        : No active profile set, falling back to 1 default profile: "default"
2025-11-10 00:39:09.000 [main]  INFO .s.d.r.c.RepositoryConfigurationDelegate : Bootstrapping Spring Data MongoDB repositories in DEFAULT mode.
2025-11-10 00:39:09.209 [main]  INFO .s.d.r.c.RepositoryConfigurationDelegate : Finished Spring Data repository scanning in 199 ms. Found 6 MongoDB repository interfaces.
2025-11-10 00:39:12.277 [main]  INFO anValidationBeanRegistrationAotProcessor : No Bean Validation provider available - skipping validation constraint hint inference
2025-11-10 00:39:26.014 [restartedMain]  INFO com.book.swap.BookSwapApplication        : Starting BookSwapApplication using Java 23.0.2 with PID 24228 (C:\Users\dell\Desktop\books\book-swap\build\classes\java\main started by dell in C:\Users\dell\Desktop\books\book-swap)
2025-11-10 00:39:26.064 [restartedMain] DEBUG com.book.swap.BookSwapApplication        : Running with Spring Boot v3.5.6, Spring v6.2.11
2025-11-10 00:39:26.064 [restartedMain]  INFO com.book.swap.BookSwapApplication        : No active profile set, falling back to 1 default profile: "default"
2025-11-10 00:39:26.243 [restartedMain]  INFO .e.DevToolsPropertyDefaultsPostProcessor : Devtools property defaults active! Set 'spring.devtools.add-properties' to 'false' to disable
2025-11-10 00:39:26.243 [restartedMain]  INFO .e.DevToolsPropertyDefaultsPostProcessor : For additional web related logging consider setting the 'logging.level.web' property to 'DEBUG'
2025-11-10 00:39:27.882 [restartedMain]  INFO .s.d.r.c.RepositoryConfigurationDelegate : Bootstrapping Spring Data MongoDB repositories in DEFAULT mode.
2025-11-10 00:39:28.100 [restartedMain]  INFO .s.d.r.c.RepositoryConfigurationDelegate : Finished Spring Data repository scanning in 202 ms. Found 6 MongoDB repository interfaces.
2025-11-10 00:39:30.231 [restartedMain]  INFO o.s.b.w.embedded.tomcat.TomcatWebServer  : Tomcat initialized with port 8089 (http)
2025-11-10 00:39:30.266 [restartedMain]  INFO o.apache.catalina.core.StandardService   : Starting service [Tomcat]
2025-11-10 00:39:30.266 [restartedMain]  INFO o.apache.catalina.core.StandardEngine    : Starting Servlet engine: [Apache Tomcat/10.1.46]
2025-11-10 00:39:30.359 [restartedMain]  INFO o.a.c.c.C.[Tomcat].[localhost].[/api]    : Initializing Spring embedded WebApplicationContext
2025-11-10 00:39:30.359 [restartedMain]  INFO w.s.c.ServletWebServerApplicationContext : Root WebApplicationContext: initialization completed in 4114 ms
2025-11-10 00:39:32.261 [restartedMain] DEBUG c.b.s.security.JwtAuthenticationFilter   : Filter 'jwtAuthenticationFilter' configured for use
2025-11-10 00:39:32.326 [restartedMain]  INFO o.s.b.d.a.OptionalLiveReloadServer       : LiveReload server is running on port 35729
2025-11-10 00:39:32.504 [restartedMain]  INFO eAuthenticationProviderManagerConfigurer : Global AuthenticationManager configured with AuthenticationProvider bean with name authenticationProvider
2025-11-10 00:39:32.510 [restartedMain]  WARN r$InitializeUserDetailsManagerConfigurer : Global AuthenticationManager configured with an AuthenticationProvider bean. UserDetailsService beans will not be used by Spring Security for automatically configuring username/password login. Consider removing the AuthenticationProvider bean. Alternatively, consider using the UserDetailsService in a manually instantiated DaoAuthenticationProvider. If the current configuration is intentional, to turn off this warning, increase the logging level of 'org.springframework.security.config.annotation.authentication.configuration.InitializeUserDetailsBeanManagerConfigurer' to ERROR
2025-11-10 00:39:34.750 [restartedMain]  INFO o.s.b.a.e.web.EndpointLinksResolver      : Exposing 1 endpoint beneath base path '/actuator'
2025-11-10 00:39:35.119 [restartedMain]  INFO o.s.v.b.OptionalValidatorFactoryBean     : Failed to set up a Bean Validation provider: jakarta.validation.NoProviderFoundException: Unable to create a Configuration, because no Jakarta Validation provider could be found. Add a provider like Hibernate Validator (RI) to your classpath.
2025-11-10 00:39:36.017 [restartedMain]  INFO o.s.b.w.embedded.tomcat.TomcatWebServer  : Tomcat started on port 8089 (http) with context path '/api'
2025-11-10 00:39:36.053 [restartedMain]  INFO com.book.swap.BookSwapApplication        : Started BookSwapApplication in 11.227 seconds (process running for 11.981)
2025-11-10 00:39:56.587 [http-nio-8089-exec-2]  INFO o.a.c.c.C.[Tomcat].[localhost].[/api]    : Initializing Spring DispatcherServlet 'dispatcherServlet'
2025-11-10 00:39:56.588 [http-nio-8089-exec-2]  INFO o.s.web.servlet.DispatcherServlet        : Initializing Servlet 'dispatcherServlet'
2025-11-10 00:39:56.590 [http-nio-8089-exec-2]  INFO o.s.web.servlet.DispatcherServlet        : Completed initialization in 2 ms
2025-11-10 00:39:56.657 [http-nio-8089-exec-2] DEBUG c.b.s.security.JwtAuthenticationFilter   : ➡️ Incoming request path: /api/user/get-all-users
2025-11-10 00:39:56.904 [http-nio-8089-exec-2] DEBUG c.b.s.security.CustomUserDetailsService  : Loaded user: alpha@gmail.com with roles [ROLE_USER]
2025-11-10 00:39:56.916 [http-nio-8089-exec-2] DEBUG com.book.swap.security.JwtService        : Checking token for username alpha@gmail.com, alpha@gmail.com
2025-11-10 00:39:56.920 [http-nio-8089-exec-2] DEBUG com.book.swap.security.JwtService        : Token expired for isValid false
2025-11-10 00:39:56.923 [http-nio-8089-exec-2] DEBUG c.b.s.security.JwtAuthenticationFilter   : ✅ User authenticated successfully: alpha@gmail.com
2025-11-10 00:39:57.007 [http-nio-8089-exec-2] ERROR c.b.s.c.GlobalExceptionHandler           : Unexpected error: Method parameter 'role': Failed to convert value of type 'java.lang.String' to required type 'int'; For input string: ""
org.springframework.web.method.annotation.MethodArgumentTypeMismatchException: Method parameter 'role': Failed to convert value of type 'java.lang.String' to required type 'int'; For input string: ""
	at org.springframework.web.method.annotation.AbstractNamedValueMethodArgumentResolver.convertIfNecessary(AbstractNamedValueMethodArgumentResolver.java:301)
	at org.springframework.web.method.annotation.AbstractNamedValueMethodArgumentResolver.resolveArgument(AbstractNamedValueMethodArgumentResolver.java:136)
	at org.springframework.web.method.support.HandlerMethodArgumentResolverComposite.resolveArgument(HandlerMethodArgumentResolverComposite.java:122)
	at org.springframework.web.method.support.InvocableHandlerMethod.getMethodArgumentValues(InvocableHandlerMethod.java:227)
	at org.springframework.web.method.support.InvocableHandlerMethod.invokeForRequest(InvocableHandlerMethod.java:181)
	at org.springframework.web.servlet.mvc.method.annotation.ServletInvocableHandlerMethod.invokeAndHandle(ServletInvocableHandlerMethod.java:118)
	at org.springframework.web.servlet.mvc.method.annotation.RequestMappingHandlerAdapter.invokeHandlerMethod(RequestMappingHandlerAdapter.java:991)
	at org.springframework.web.servlet.mvc.method.annotation.RequestMappingHandlerAdapter.handleInternal(RequestMappingHandlerAdapter.java:896)
	at org.springframework.web.servlet.mvc.method.AbstractHandlerMethodAdapter.handle(AbstractHandlerMethodAdapter.java:87)
	at org.springframework.web.servlet.DispatcherServlet.doDispatch(DispatcherServlet.java:1089)
	at org.springframework.web.servlet.DispatcherServlet.doService(DispatcherServlet.java:979)
	at org.springframework.web.servlet.FrameworkServlet.processRequest(FrameworkServlet.java:1014)
	at org.springframework.web.servlet.FrameworkServlet.doGet(FrameworkServlet.java:903)
	at jakarta.servlet.http.HttpServlet.service(HttpServlet.java:564)
	at org.springframework.web.servlet.FrameworkServlet.service(FrameworkServlet.java:885)
	at jakarta.servlet.http.HttpServlet.service(HttpServlet.java:658)
	at org.apache.catalina.core.ApplicationFilterChain.internalDoFilter(ApplicationFilterChain.java:195)
	at org.apache.catalina.core.ApplicationFilterChain.doFilter(ApplicationFilterChain.java:140)
	at org.apache.tomcat.websocket.server.WsFilter.doFilter(WsFilter.java:51)
	at org.apache.catalina.core.ApplicationFilterChain.internalDoFilter(ApplicationFilterChain.java:164)
	at org.apache.catalina.core.ApplicationFilterChain.doFilter(ApplicationFilterChain.java:140)
	at org.springframework.web.filter.OncePerRequestFilter.doFilter(OncePerRequestFilter.java:110)
	at org.apache.catalina.core.ApplicationFilterChain.internalDoFilter(ApplicationFilterChain.java:164)
	at org.apache.catalina.core.ApplicationFilterChain.doFilter(ApplicationFilterChain.java:140)
	at org.springframework.web.filter.CompositeFilter$VirtualFilterChain.doFilter(CompositeFilter.java:108)
	at org.springframework.web.filter.CompositeFilter$VirtualFilterChain.doFilter(CompositeFilter.java:108)
	at org.springframework.security.web.FilterChainProxy.lambda$doFilterInternal$3(FilterChainProxy.java:231)
	at org.springframework.security.web.ObservationFilterChainDecorator$FilterObservation$SimpleFilterObservation.lambda$wrap$1(ObservationFilterChainDecorator.java:490)
	at org.springframework.security.web.ObservationFilterChainDecorator$AroundFilterObservation$SimpleAroundFilterObservation.lambda$wrap$1(ObservationFilterChainDecorator.java:351)
	at org.springframework.security.web.ObservationFilterChainDecorator.lambda$wrapSecured$0(ObservationFilterChainDecorator.java:83)
	at org.springframework.security.web.ObservationFilterChainDecorator$VirtualFilterChain.doFilter(ObservationFilterChainDecorator.java:129)
	at org.springframework.security.web.access.intercept.AuthorizationFilter.doFilter(AuthorizationFilter.java:101)
	at org.springframework.security.web.ObservationFilterChainDecorator$ObservationFilter.wrapFilter(ObservationFilterChainDecorator.java:241)
	at org.springframework.security.web.ObservationFilterChainDecorator$ObservationFilter.doFilter(ObservationFilterChainDecorator.java:228)
	at org.springframework.security.web.ObservationFilterChainDecorator$VirtualFilterChain.doFilter(ObservationFilterChainDecorator.java:138)
	at org.springframework.security.web.access.ExceptionTranslationFilter.doFilter(ExceptionTranslationFilter.java:125)
	at org.springframework.security.web.access.ExceptionTranslationFilter.doFilter(ExceptionTranslationFilter.java:119)
	at org.springframework.security.web.ObservationFilterChainDecorator$ObservationFilter.wrapFilter(ObservationFilterChainDecorator.java:241)
	at org.springframework.security.web.ObservationFilterChainDecorator$ObservationFilter.doFilter(ObservationFilterChainDecorator.java:228)
	at org.springframework.security.web.ObservationFilterChainDecorator$VirtualFilterChain.doFilter(ObservationFilterChainDecorator.java:138)
	at org.springframework.security.web.session.SessionManagementFilter.doFilter(SessionManagementFilter.java:131)
	at org.springframework.security.web.session.SessionManagementFilter.doFilter(SessionManagementFilter.java:85)
	at org.springframework.security.web.ObservationFilterChainDecorator$ObservationFilter.wrapFilter(ObservationFilterChainDecorator.java:241)
	at org.springframework.security.web.ObservationFilterChainDecorator$ObservationFilter.doFilter(ObservationFilterChainDecorator.java:228)
	at org.springframework.security.web.ObservationFilterChainDecorator$VirtualFilterChain.doFilter(ObservationFilterChainDecorator.java:138)
	at org.springframework.security.web.authentication.AnonymousAuthenticationFilter.doFilter(AnonymousAuthenticationFilter.java:100)
	at org.springframework.security.web.ObservationFilterChainDecorator$ObservationFilter.wrapFilter(ObservationFilterChainDecorator.java:241)
	at org.springframework.security.web.ObservationFilterChainDecorator$ObservationFilter.doFilter(ObservationFilterChainDecorator.java:228)
	at org.springframework.security.web.ObservationFilterChainDecorator$VirtualFilterChain.doFilter(ObservationFilterChainDecorator.java:138)
	at org.springframework.security.web.servletapi.SecurityContextHolderAwareRequestFilter.doFilter(SecurityContextHolderAwareRequestFilter.java:179)
	at org.springframework.security.web.ObservationFilterChainDecorator$ObservationFilter.wrapFilter(ObservationFilterChainDecorator.java:241)
	at org.springframework.security.web.ObservationFilterChainDecorator$ObservationFilter.doFilter(ObservationFilterChainDecorator.java:228)
	at org.springframework.security.web.ObservationFilterChainDecorator$VirtualFilterChain.doFilter(ObservationFilterChainDecorator.java:138)
	at org.springframework.security.web.savedrequest.RequestCacheAwareFilter.doFilter(RequestCacheAwareFilter.java:63)
	at org.springframework.security.web.ObservationFilterChainDecorator$ObservationFilter.wrapFilter(ObservationFilterChainDecorator.java:241)
	at org.springframework.security.web.ObservationFilterChainDecorator$ObservationFilter.doFilter(ObservationFilterChainDecorator.java:228)
	at org.springframework.security.web.ObservationFilterChainDecorator$VirtualFilterChain.doFilter(ObservationFilterChainDecorator.java:138)
	at com.book.swap.security.JwtAuthenticationFilter.doFilterInternal(JwtAuthenticationFilter.java:92)
	at org.springframework.web.filter.OncePerRequestFilter.doFilter(OncePerRequestFilter.java:116)
	at org.springframework.security.web.ObservationFilterChainDecorator$ObservationFilter.wrapFilter(ObservationFilterChainDecorator.java:241)
	at org.springframework.security.web.ObservationFilterChainDecorator$ObservationFilter.doFilter(ObservationFilterChainDecorator.java:228)
	at org.springframework.security.web.ObservationFilterChainDecorator$VirtualFilterChain.doFilter(ObservationFilterChainDecorator.java:138)
	at org.springframework.security.web.authentication.logout.LogoutFilter.doFilter(LogoutFilter.java:107)
	at org.springframework.security.web.authentication.logout.LogoutFilter.doFilter(LogoutFilter.java:93)
	at org.springframework.security.web.ObservationFilterChainDecorator$ObservationFilter.wrapFilter(ObservationFilterChainDecorator.java:241)
	at org.springframework.security.web.ObservationFilterChainDecorator$ObservationFilter.doFilter(ObservationFilterChainDecorator.java:228)
	at org.springframework.security.web.ObservationFilterChainDecorator$VirtualFilterChain.doFilter(ObservationFilterChainDecorator.java:138)
	at org.springframework.web.filter.CorsFilter.doFilterInternal(CorsFilter.java:91)
	at org.springframework.web.filter.OncePerRequestFilter.doFilter(OncePerRequestFilter.java:116)
	at org.springframework.security.web.ObservationFilterChainDecorator$ObservationFilter.wrapFilter(ObservationFilterChainDecorator.java:241)
	at org.springframework.security.web.ObservationFilterChainDecorator$ObservationFilter.doFilter(ObservationFilterChainDecorator.java:228)
	at org.springframework.security.web.ObservationFilterChainDecorator$VirtualFilterChain.doFilter(ObservationFilterChainDecorator.java:138)
	at org.springframework.security.web.header.HeaderWriterFilter.doHeadersAfter(HeaderWriterFilter.java:90)
	at org.springframework.security.web.header.HeaderWriterFilter.doFilterInternal(HeaderWriterFilter.java:75)
	at org.springframework.web.filter.OncePerRequestFilter.doFilter(OncePerRequestFilter.java:116)
	at org.springframework.security.web.ObservationFilterChainDecorator$ObservationFilter.wrapFilter(ObservationFilterChainDecorator.java:241)
	at org.springframework.security.web.ObservationFilterChainDecorator$ObservationFilter.doFilter(ObservationFilterChainDecorator.java:228)
	at org.springframework.security.web.ObservationFilterChainDecorator$VirtualFilterChain.doFilter(ObservationFilterChainDecorator.java:138)
	at org.springframework.security.web.context.SecurityContextHolderFilter.doFilter(SecurityContextHolderFilter.java:82)
	at org.springframework.security.web.context.SecurityContextHolderFilter.doFilter(SecurityContextHolderFilter.java:69)
	at org.springframework.security.web.ObservationFilterChainDecorator$ObservationFilter.wrapFilter(ObservationFilterChainDecorator.java:241)
	at org.springframework.security.web.ObservationFilterChainDecorator$ObservationFilter.doFilter(ObservationFilterChainDecorator.java:228)
	at org.springframework.security.web.ObservationFilterChainDecorator$VirtualFilterChain.doFilter(ObservationFilterChainDecorator.java:138)
	at org.springframework.security.web.context.request.async.WebAsyncManagerIntegrationFilter.doFilterInternal(WebAsyncManagerIntegrationFilter.java:62)
	at org.springframework.web.filter.OncePerRequestFilter.doFilter(OncePerRequestFilter.java:116)
	at org.springframework.security.web.ObservationFilterChainDecorator$ObservationFilter.wrapFilter(ObservationFilterChainDecorator.java:241)
	at org.springframework.security.web.ObservationFilterChainDecorator$ObservationFilter.doFilter(ObservationFilterChainDecorator.java:228)
	at org.springframework.security.web.ObservationFilterChainDecorator$VirtualFilterChain.doFilter(ObservationFilterChainDecorator.java:138)
	at org.springframework.security.web.session.DisableEncodeUrlFilter.doFilterInternal(DisableEncodeUrlFilter.java:42)
	at org.springframework.web.filter.OncePerRequestFilter.doFilter(OncePerRequestFilter.java:116)
	at org.springframework.security.web.ObservationFilterChainDecorator$ObservationFilter.wrapFilter(ObservationFilterChainDecorator.java:241)
	at org.springframework.security.web.ObservationFilterChainDecorator$AroundFilterObservation$SimpleAroundFilterObservation.lambda$wrap$0(ObservationFilterChainDecorator.java:334)
	at org.springframework.security.web.ObservationFilterChainDecorator$ObservationFilter.doFilter(ObservationFilterChainDecorator.java:225)
	at org.springframework.security.web.ObservationFilterChainDecorator$VirtualFilterChain.doFilter(ObservationFilterChainDecorator.java:138)
	at org.springframework.security.web.FilterChainProxy.doFilterInternal(FilterChainProxy.java:233)
	at org.springframework.security.web.FilterChainProxy.doFilter(FilterChainProxy.java:191)
	at org.springframework.web.filter.CompositeFilter$VirtualFilterChain.doFilter(CompositeFilter.java:113)
	at org.springframework.web.filter.ServletRequestPathFilter.doFilter(ServletRequestPathFilter.java:52)
	at org.springframework.web.filter.CompositeFilter$VirtualFilterChain.doFilter(CompositeFilter.java:113)
	at org.springframework.web.filter.CompositeFilter.doFilter(CompositeFilter.java:74)
	at org.springframework.security.config.annotation.web.configuration.WebSecurityConfiguration$CompositeFilterChainProxy.doFilter(WebSecurityConfiguration.java:319)
	at org.springframework.web.filter.CompositeFilter$VirtualFilterChain.doFilter(CompositeFilter.java:113)
	at org.springframework.web.servlet.handler.HandlerMappingIntrospector.lambda$createCacheFilter$4(HandlerMappingIntrospector.java:267)
	at org.springframework.web.filter.CompositeFilter$VirtualFilterChain.doFilter(CompositeFilter.java:113)
	at org.springframework.web.filter.CompositeFilter.doFilter(CompositeFilter.java:74)
	at org.springframework.security.config.annotation.web.configuration.WebMvcSecurityConfiguration$CompositeFilterChainProxy.doFilter(WebMvcSecurityConfiguration.java:240)
	at org.springframework.web.filter.DelegatingFilterProxy.invokeDelegate(DelegatingFilterProxy.java:362)
	at org.springframework.web.filter.DelegatingFilterProxy.doFilter(DelegatingFilterProxy.java:278)
	at org.apache.catalina.core.ApplicationFilterChain.internalDoFilter(ApplicationFilterChain.java:164)
	at org.apache.catalina.core.ApplicationFilterChain.doFilter(ApplicationFilterChain.java:140)
	at org.springframework.web.filter.RequestContextFilter.doFilterInternal(RequestContextFilter.java:100)
	at org.springframework.web.filter.OncePerRequestFilter.doFilter(OncePerRequestFilter.java:116)
	at org.apache.catalina.core.ApplicationFilterChain.internalDoFilter(ApplicationFilterChain.java:164)
	at org.apache.catalina.core.ApplicationFilterChain.doFilter(ApplicationFilterChain.java:140)
	at org.springframework.web.filter.FormContentFilter.doFilterInternal(FormContentFilter.java:93)
	at org.springframework.web.filter.OncePerRequestFilter.doFilter(OncePerRequestFilter.java:116)
	at org.apache.catalina.core.ApplicationFilterChain.internalDoFilter(ApplicationFilterChain.java:164)
	at org.apache.catalina.core.ApplicationFilterChain.doFilter(ApplicationFilterChain.java:140)
	at org.springframework.web.filter.ServerHttpObservationFilter.doFilterInternal(ServerHttpObservationFilter.java:110)
	at org.springframework.web.filter.OncePerRequestFilter.doFilter(OncePerRequestFilter.java:116)
	at org.apache.catalina.core.ApplicationFilterChain.internalDoFilter(ApplicationFilterChain.java:164)
	at org.apache.catalina.core.ApplicationFilterChain.doFilter(ApplicationFilterChain.java:140)
	at org.springframework.web.filter.CharacterEncodingFilter.doFilterInternal(CharacterEncodingFilter.java:201)
	at org.springframework.web.filter.OncePerRequestFilter.doFilter(OncePerRequestFilter.java:116)
	at org.apache.catalina.core.ApplicationFilterChain.internalDoFilter(ApplicationFilterChain.java:164)
	at org.apache.catalina.core.ApplicationFilterChain.doFilter(ApplicationFilterChain.java:140)
	at org.apache.catalina.core.StandardWrapperValve.invoke(StandardWrapperValve.java:167)
	at org.apache.catalina.core.StandardContextValve.invoke(StandardContextValve.java:90)
	at org.apache.catalina.authenticator.AuthenticatorBase.invoke(AuthenticatorBase.java:483)
	at org.apache.catalina.core.StandardHostValve.invoke(StandardHostValve.java:116)
	at org.apache.catalina.valves.ErrorReportValve.invoke(ErrorReportValve.java:93)
	at org.apache.catalina.core.StandardEngineValve.invoke(StandardEngineValve.java:74)
	at org.apache.catalina.connector.CoyoteAdapter.service(CoyoteAdapter.java:344)
	at org.apache.coyote.http11.Http11Processor.service(Http11Processor.java:398)
	at org.apache.coyote.AbstractProcessorLight.process(AbstractProcessorLight.java:63)
	at org.apache.coyote.AbstractProtocol$ConnectionHandler.process(AbstractProtocol.java:903)
	at org.apache.tomcat.util.net.NioEndpoint$SocketProcessor.doRun(NioEndpoint.java:1776)
	at org.apache.tomcat.util.net.SocketProcessorBase.run(SocketProcessorBase.java:52)
	at org.apache.tomcat.util.threads.ThreadPoolExecutor.runWorker(ThreadPoolExecutor.java:975)
	at org.apache.tomcat.util.threads.ThreadPoolExecutor$Worker.run(ThreadPoolExecutor.java:493)
	at org.apache.tomcat.util.threads.TaskThread$WrappingRunnable.run(TaskThread.java:63)
	at java.base/java.lang.Thread.run(Thread.java:1575)
Caused by: java.lang.NumberFormatException: For input string: ""
	at java.base/java.lang.NumberFormatException.forInputString(NumberFormatException.java:67)
	at java.base/java.lang.Integer.parseInt(Integer.java:565)
	at java.base/java.lang.Integer.valueOf(Integer.java:935)
	at org.springframework.util.NumberUtils.parseNumber(NumberUtils.java:201)
	at org.springframework.beans.propertyeditors.CustomNumberEditor.setAsText(CustomNumberEditor.java:115)
	at org.springframework.beans.TypeConverterDelegate.doConvertTextValue(TypeConverterDelegate.java:439)
	at org.springframework.beans.TypeConverterDelegate.doConvertValue(TypeConverterDelegate.java:412)
	at org.springframework.beans.TypeConverterDelegate.convertIfNecessary(TypeConverterDelegate.java:161)
	at org.springframework.beans.TypeConverterSupport.convertIfNecessary(TypeConverterSupport.java:80)
	at org.springframework.beans.TypeConverterSupport.convertIfNecessary(TypeConverterSupport.java:53)
	at org.springframework.validation.DataBinder.convertIfNecessary(DataBinder.java:867)
	at org.springframework.web.method.annotation.AbstractNamedValueMethodArgumentResolver.convertIfNecessary(AbstractNamedValueMethodArgumentResolver.java:293)
	... 141 common frames omitted
2025-11-10 00:39:57.065 [http-nio-8089-exec-2]  WARN .m.m.a.ExceptionHandlerExceptionResolver : Resolved [org.springframework.web.method.annotation.MethodArgumentTypeMismatchException: Method parameter 'role': Failed to convert value of type 'java.lang.String' to required type 'int'; For input string: ""]
2025-11-10 00:40:24.962 [main]  INFO com.book.swap.BookSwapApplication        : Starting BookSwapApplication using Java 17.0.16 with PID 22864 (C:\Users\dell\Desktop\books\book-swap\build\classes\java\main started by dell in C:\Users\dell\Desktop\books\book-swap)
2025-11-10 00:40:24.977 [main] DEBUG com.book.swap.BookSwapApplication        : Running with Spring Boot v3.5.6, Spring v6.2.11
2025-11-10 00:40:24.977 [main]  INFO com.book.swap.BookSwapApplication        : No active profile set, falling back to 1 default profile: "default"
2025-11-10 00:40:26.692 [main]  INFO .s.d.r.c.RepositoryConfigurationDelegate : Bootstrapping Spring Data MongoDB repositories in DEFAULT mode.
2025-11-10 00:40:26.880 [main]  INFO .s.d.r.c.RepositoryConfigurationDelegate : Finished Spring Data repository scanning in 185 ms. Found 6 MongoDB repository interfaces.
2025-11-10 00:40:30.569 [main]  INFO anValidationBeanRegistrationAotProcessor : No Bean Validation provider available - skipping validation constraint hint inference
2025-11-10 00:40:42.709 [restartedMain]  INFO com.book.swap.BookSwapApplication        : Starting BookSwapApplication using Java 23.0.2 with PID 23352 (C:\Users\dell\Desktop\books\book-swap\build\classes\java\main started by dell in C:\Users\dell\Desktop\books\book-swap)
2025-11-10 00:40:42.714 [restartedMain] DEBUG com.book.swap.BookSwapApplication        : Running with Spring Boot v3.5.6, Spring v6.2.11
2025-11-10 00:40:42.718 [restartedMain]  INFO com.book.swap.BookSwapApplication        : No active profile set, falling back to 1 default profile: "default"
2025-11-10 00:40:42.952 [restartedMain]  INFO .e.DevToolsPropertyDefaultsPostProcessor : Devtools property defaults active! Set 'spring.devtools.add-properties' to 'false' to disable
2025-11-10 00:40:42.952 [restartedMain]  INFO .e.DevToolsPropertyDefaultsPostProcessor : For additional web related logging consider setting the 'logging.level.web' property to 'DEBUG'
2025-11-10 00:40:44.809 [restartedMain]  INFO .s.d.r.c.RepositoryConfigurationDelegate : Bootstrapping Spring Data MongoDB repositories in DEFAULT mode.
2025-11-10 00:40:45.009 [restartedMain]  INFO .s.d.r.c.RepositoryConfigurationDelegate : Finished Spring Data repository scanning in 192 ms. Found 6 MongoDB repository interfaces.
2025-11-10 00:40:47.087 [restartedMain]  INFO o.s.b.w.embedded.tomcat.TomcatWebServer  : Tomcat initialized with port 8089 (http)
2025-11-10 00:40:47.121 [restartedMain]  INFO o.apache.catalina.core.StandardService   : Starting service [Tomcat]
2025-11-10 00:40:47.121 [restartedMain]  INFO o.apache.catalina.core.StandardEngine    : Starting Servlet engine: [Apache Tomcat/10.1.46]
2025-11-10 00:40:47.245 [restartedMain]  INFO o.a.c.c.C.[Tomcat].[localhost].[/api]    : Initializing Spring embedded WebApplicationContext
2025-11-10 00:40:47.259 [restartedMain]  INFO w.s.c.ServletWebServerApplicationContext : Root WebApplicationContext: initialization completed in 4293 ms
2025-11-10 00:40:49.494 [restartedMain] DEBUG c.b.s.security.JwtAuthenticationFilter   : Filter 'jwtAuthenticationFilter' configured for use
2025-11-10 00:40:49.573 [restartedMain]  INFO o.s.b.d.a.OptionalLiveReloadServer       : LiveReload server is running on port 35729
2025-11-10 00:40:49.811 [restartedMain]  INFO eAuthenticationProviderManagerConfigurer : Global AuthenticationManager configured with AuthenticationProvider bean with name authenticationProvider
2025-11-10 00:40:49.811 [restartedMain]  WARN r$InitializeUserDetailsManagerConfigurer : Global AuthenticationManager configured with an AuthenticationProvider bean. UserDetailsService beans will not be used by Spring Security for automatically configuring username/password login. Consider removing the AuthenticationProvider bean. Alternatively, consider using the UserDetailsService in a manually instantiated DaoAuthenticationProvider. If the current configuration is intentional, to turn off this warning, increase the logging level of 'org.springframework.security.config.annotation.authentication.configuration.InitializeUserDetailsBeanManagerConfigurer' to ERROR
2025-11-10 00:40:52.017 [restartedMain]  INFO o.s.b.a.e.web.EndpointLinksResolver      : Exposing 1 endpoint beneath base path '/actuator'
2025-11-10 00:40:52.491 [restartedMain]  INFO o.s.v.b.OptionalValidatorFactoryBean     : Failed to set up a Bean Validation provider: jakarta.validation.NoProviderFoundException: Unable to create a Configuration, because no Jakarta Validation provider could be found. Add a provider like Hibernate Validator (RI) to your classpath.
2025-11-10 00:40:53.391 [restartedMain]  INFO o.s.b.w.embedded.tomcat.TomcatWebServer  : Tomcat started on port 8089 (http) with context path '/api'
2025-11-10 00:40:53.429 [restartedMain]  INFO com.book.swap.BookSwapApplication        : Started BookSwapApplication in 12.199 seconds (process running for 13.156)
2025-11-10 00:40:58.567 [http-nio-8089-exec-1]  INFO o.a.c.c.C.[Tomcat].[localhost].[/api]    : Initializing Spring DispatcherServlet 'dispatcherServlet'
2025-11-10 00:40:58.567 [http-nio-8089-exec-1]  INFO o.s.web.servlet.DispatcherServlet        : Initializing Servlet 'dispatcherServlet'
2025-11-10 00:40:58.570 [http-nio-8089-exec-1]  INFO o.s.web.servlet.DispatcherServlet        : Completed initialization in 2 ms
2025-11-10 00:40:58.676 [http-nio-8089-exec-1] DEBUG c.b.s.security.JwtAuthenticationFilter   : ➡️ Incoming request path: /api/user/get-all-users
2025-11-10 00:40:58.950 [http-nio-8089-exec-1] DEBUG c.b.s.security.CustomUserDetailsService  : Loaded user: alpha@gmail.com with roles [ROLE_USER]
2025-11-10 00:40:58.961 [http-nio-8089-exec-1] DEBUG com.book.swap.security.JwtService        : Checking token for username alpha@gmail.com, alpha@gmail.com
2025-11-10 00:40:58.965 [http-nio-8089-exec-1] DEBUG com.book.swap.security.JwtService        : Token expired for isValid false
2025-11-10 00:40:58.971 [http-nio-8089-exec-1] DEBUG c.b.s.security.JwtAuthenticationFilter   : ✅ User authenticated successfully: alpha@gmail.com
2025-11-10 00:40:59.063 [http-nio-8089-exec-1] ERROR c.b.s.c.GlobalExceptionHandler           : Unexpected error: Required request parameter 'role' for method parameter type int is not present
org.springframework.web.bind.MissingServletRequestParameterException: Required request parameter 'role' for method parameter type int is not present
	at org.springframework.web.method.annotation.RequestParamMethodArgumentResolver.handleMissingValueInternal(RequestParamMethodArgumentResolver.java:220)
	at org.springframework.web.method.annotation.RequestParamMethodArgumentResolver.handleMissingValue(RequestParamMethodArgumentResolver.java:196)
	at org.springframework.web.method.annotation.AbstractNamedValueMethodArgumentResolver.resolveArgument(AbstractNamedValueMethodArgumentResolver.java:125)
	at org.springframework.web.method.support.HandlerMethodArgumentResolverComposite.resolveArgument(HandlerMethodArgumentResolverComposite.java:122)
	at org.springframework.web.method.support.InvocableHandlerMethod.getMethodArgumentValues(InvocableHandlerMethod.java:227)
	at org.springframework.web.method.support.InvocableHandlerMethod.invokeForRequest(InvocableHandlerMethod.java:181)
	at org.springframework.web.servlet.mvc.method.annotation.ServletInvocableHandlerMethod.invokeAndHandle(ServletInvocableHandlerMethod.java:118)
	at org.springframework.web.servlet.mvc.method.annotation.RequestMappingHandlerAdapter.invokeHandlerMethod(RequestMappingHandlerAdapter.java:991)
	at org.springframework.web.servlet.mvc.method.annotation.RequestMappingHandlerAdapter.handleInternal(RequestMappingHandlerAdapter.java:896)
	at org.springframework.web.servlet.mvc.method.AbstractHandlerMethodAdapter.handle(AbstractHandlerMethodAdapter.java:87)
	at org.springframework.web.servlet.DispatcherServlet.doDispatch(DispatcherServlet.java:1089)
	at org.springframework.web.servlet.DispatcherServlet.doService(DispatcherServlet.java:979)
	at org.springframework.web.servlet.FrameworkServlet.processRequest(FrameworkServlet.java:1014)
	at org.springframework.web.servlet.FrameworkServlet.doGet(FrameworkServlet.java:903)
	at jakarta.servlet.http.HttpServlet.service(HttpServlet.java:564)
	at org.springframework.web.servlet.FrameworkServlet.service(FrameworkServlet.java:885)
	at jakarta.servlet.http.HttpServlet.service(HttpServlet.java:658)
	at org.apache.catalina.core.ApplicationFilterChain.internalDoFilter(ApplicationFilterChain.java:195)
	at org.apache.catalina.core.ApplicationFilterChain.doFilter(ApplicationFilterChain.java:140)
	at org.apache.tomcat.websocket.server.WsFilter.doFilter(WsFilter.java:51)
	at org.apache.catalina.core.ApplicationFilterChain.internalDoFilter(ApplicationFilterChain.java:164)
	at org.apache.catalina.core.ApplicationFilterChain.doFilter(ApplicationFilterChain.java:140)
	at org.springframework.web.filter.OncePerRequestFilter.doFilter(OncePerRequestFilter.java:110)
	at org.apache.catalina.core.ApplicationFilterChain.internalDoFilter(ApplicationFilterChain.java:164)
	at org.apache.catalina.core.ApplicationFilterChain.doFilter(ApplicationFilterChain.java:140)
	at org.springframework.web.filter.CompositeFilter$VirtualFilterChain.doFilter(CompositeFilter.java:108)
	at org.springframework.web.filter.CompositeFilter$VirtualFilterChain.doFilter(CompositeFilter.java:108)
	at org.springframework.security.web.FilterChainProxy.lambda$doFilterInternal$3(FilterChainProxy.java:231)
	at org.springframework.security.web.ObservationFilterChainDecorator$FilterObservation$SimpleFilterObservation.lambda$wrap$1(ObservationFilterChainDecorator.java:490)
	at org.springframework.security.web.ObservationFilterChainDecorator$AroundFilterObservation$SimpleAroundFilterObservation.lambda$wrap$1(ObservationFilterChainDecorator.java:351)
	at org.springframework.security.web.ObservationFilterChainDecorator.lambda$wrapSecured$0(ObservationFilterChainDecorator.java:83)
	at org.springframework.security.web.ObservationFilterChainDecorator$VirtualFilterChain.doFilter(ObservationFilterChainDecorator.java:129)
	at org.springframework.security.web.access.intercept.AuthorizationFilter.doFilter(AuthorizationFilter.java:101)
	at org.springframework.security.web.ObservationFilterChainDecorator$ObservationFilter.wrapFilter(ObservationFilterChainDecorator.java:241)
	at org.springframework.security.web.ObservationFilterChainDecorator$ObservationFilter.doFilter(ObservationFilterChainDecorator.java:228)
	at org.springframework.security.web.ObservationFilterChainDecorator$VirtualFilterChain.doFilter(ObservationFilterChainDecorator.java:138)
	at org.springframework.security.web.access.ExceptionTranslationFilter.doFilter(ExceptionTranslationFilter.java:125)
	at org.springframework.security.web.access.ExceptionTranslationFilter.doFilter(ExceptionTranslationFilter.java:119)
	at org.springframework.security.web.ObservationFilterChainDecorator$ObservationFilter.wrapFilter(ObservationFilterChainDecorator.java:241)
	at org.springframework.security.web.ObservationFilterChainDecorator$ObservationFilter.doFilter(ObservationFilterChainDecorator.java:228)
	at org.springframework.security.web.ObservationFilterChainDecorator$VirtualFilterChain.doFilter(ObservationFilterChainDecorator.java:138)
	at org.springframework.security.web.session.SessionManagementFilter.doFilter(SessionManagementFilter.java:131)
	at org.springframework.security.web.session.SessionManagementFilter.doFilter(SessionManagementFilter.java:85)
	at org.springframework.security.web.ObservationFilterChainDecorator$ObservationFilter.wrapFilter(ObservationFilterChainDecorator.java:241)
	at org.springframework.security.web.ObservationFilterChainDecorator$ObservationFilter.doFilter(ObservationFilterChainDecorator.java:228)
	at org.springframework.security.web.ObservationFilterChainDecorator$VirtualFilterChain.doFilter(ObservationFilterChainDecorator.java:138)
	at org.springframework.security.web.authentication.AnonymousAuthenticationFilter.doFilter(AnonymousAuthenticationFilter.java:100)
	at org.springframework.security.web.ObservationFilterChainDecorator$ObservationFilter.wrapFilter(ObservationFilterChainDecorator.java:241)
	at org.springframework.security.web.ObservationFilterChainDecorator$ObservationFilter.doFilter(ObservationFilterChainDecorator.java:228)
	at org.springframework.security.web.ObservationFilterChainDecorator$VirtualFilterChain.doFilter(ObservationFilterChainDecorator.java:138)
	at org.springframework.security.web.servletapi.SecurityContextHolderAwareRequestFilter.doFilter(SecurityContextHolderAwareRequestFilter.java:179)
	at org.springframework.security.web.ObservationFilterChainDecorator$ObservationFilter.wrapFilter(ObservationFilterChainDecorator.java:241)
	at org.springframework.security.web.ObservationFilterChainDecorator$ObservationFilter.doFilter(ObservationFilterChainDecorator.java:228)
	at org.springframework.security.web.ObservationFilterChainDecorator$VirtualFilterChain.doFilter(ObservationFilterChainDecorator.java:138)
	at org.springframework.security.web.savedrequest.RequestCacheAwareFilter.doFilter(RequestCacheAwareFilter.java:63)
	at org.springframework.security.web.ObservationFilterChainDecorator$ObservationFilter.wrapFilter(ObservationFilterChainDecorator.java:241)
	at org.springframework.security.web.ObservationFilterChainDecorator$ObservationFilter.doFilter(ObservationFilterChainDecorator.java:228)
	at org.springframework.security.web.ObservationFilterChainDecorator$VirtualFilterChain.doFilter(ObservationFilterChainDecorator.java:138)
	at com.book.swap.security.JwtAuthenticationFilter.doFilterInternal(JwtAuthenticationFilter.java:92)
	at org.springframework.web.filter.OncePerRequestFilter.doFilter(OncePerRequestFilter.java:116)
	at org.springframework.security.web.ObservationFilterChainDecorator$ObservationFilter.wrapFilter(ObservationFilterChainDecorator.java:241)
	at org.springframework.security.web.ObservationFilterChainDecorator$ObservationFilter.doFilter(ObservationFilterChainDecorator.java:228)
	at org.springframework.security.web.ObservationFilterChainDecorator$VirtualFilterChain.doFilter(ObservationFilterChainDecorator.java:138)
	at org.springframework.security.web.authentication.logout.LogoutFilter.doFilter(LogoutFilter.java:107)
	at org.springframework.security.web.authentication.logout.LogoutFilter.doFilter(LogoutFilter.java:93)
	at org.springframework.security.web.ObservationFilterChainDecorator$ObservationFilter.wrapFilter(ObservationFilterChainDecorator.java:241)
	at org.springframework.security.web.ObservationFilterChainDecorator$ObservationFilter.doFilter(ObservationFilterChainDecorator.java:228)
	at org.springframework.security.web.ObservationFilterChainDecorator$VirtualFilterChain.doFilter(ObservationFilterChainDecorator.java:138)
	at org.springframework.web.filter.CorsFilter.doFilterInternal(CorsFilter.java:91)
	at org.springframework.web.filter.OncePerRequestFilter.doFilter(OncePerRequestFilter.java:116)
	at org.springframework.security.web.ObservationFilterChainDecorator$ObservationFilter.wrapFilter(ObservationFilterChainDecorator.java:241)
	at org.springframework.security.web.ObservationFilterChainDecorator$ObservationFilter.doFilter(ObservationFilterChainDecorator.java:228)
	at org.springframework.security.web.ObservationFilterChainDecorator$VirtualFilterChain.doFilter(ObservationFilterChainDecorator.java:138)
	at org.springframework.security.web.header.HeaderWriterFilter.doHeadersAfter(HeaderWriterFilter.java:90)
	at org.springframework.security.web.header.HeaderWriterFilter.doFilterInternal(HeaderWriterFilter.java:75)
	at org.springframework.web.filter.OncePerRequestFilter.doFilter(OncePerRequestFilter.java:116)
	at org.springframework.security.web.ObservationFilterChainDecorator$ObservationFilter.wrapFilter(ObservationFilterChainDecorator.java:241)
	at org.springframework.security.web.ObservationFilterChainDecorator$ObservationFilter.doFilter(ObservationFilterChainDecorator.java:228)
	at org.springframework.security.web.ObservationFilterChainDecorator$VirtualFilterChain.doFilter(ObservationFilterChainDecorator.java:138)
	at org.springframework.security.web.context.SecurityContextHolderFilter.doFilter(SecurityContextHolderFilter.java:82)
	at org.springframework.security.web.context.SecurityContextHolderFilter.doFilter(SecurityContextHolderFilter.java:69)
	at org.springframework.security.web.ObservationFilterChainDecorator$ObservationFilter.wrapFilter(ObservationFilterChainDecorator.java:241)
	at org.springframework.security.web.ObservationFilterChainDecorator$ObservationFilter.doFilter(ObservationFilterChainDecorator.java:228)
	at org.springframework.security.web.ObservationFilterChainDecorator$VirtualFilterChain.doFilter(ObservationFilterChainDecorator.java:138)
	at org.springframework.security.web.context.request.async.WebAsyncManagerIntegrationFilter.doFilterInternal(WebAsyncManagerIntegrationFilter.java:62)
	at org.springframework.web.filter.OncePerRequestFilter.doFilter(OncePerRequestFilter.java:116)
	at org.springframework.security.web.ObservationFilterChainDecorator$ObservationFilter.wrapFilter(ObservationFilterChainDecorator.java:241)
	at org.springframework.security.web.ObservationFilterChainDecorator$ObservationFilter.doFilter(ObservationFilterChainDecorator.java:228)
	at org.springframework.security.web.ObservationFilterChainDecorator$VirtualFilterChain.doFilter(ObservationFilterChainDecorator.java:138)
	at org.springframework.security.web.session.DisableEncodeUrlFilter.doFilterInternal(DisableEncodeUrlFilter.java:42)
	at org.springframework.web.filter.OncePerRequestFilter.doFilter(OncePerRequestFilter.java:116)
	at org.springframework.security.web.ObservationFilterChainDecorator$ObservationFilter.wrapFilter(ObservationFilterChainDecorator.java:241)
	at org.springframework.security.web.ObservationFilterChainDecorator$AroundFilterObservation$SimpleAroundFilterObservation.lambda$wrap$0(ObservationFilterChainDecorator.java:334)
	at org.springframework.security.web.ObservationFilterChainDecorator$ObservationFilter.doFilter(ObservationFilterChainDecorator.java:225)
	at org.springframework.security.web.ObservationFilterChainDecorator$VirtualFilterChain.doFilter(ObservationFilterChainDecorator.java:138)
	at org.springframework.security.web.FilterChainProxy.doFilterInternal(FilterChainProxy.java:233)
	at org.springframework.security.web.FilterChainProxy.doFilter(FilterChainProxy.java:191)
	at org.springframework.web.filter.CompositeFilter$VirtualFilterChain.doFilter(CompositeFilter.java:113)
	at org.springframework.web.filter.ServletRequestPathFilter.doFilter(ServletRequestPathFilter.java:52)
	at org.springframework.web.filter.CompositeFilter$VirtualFilterChain.doFilter(CompositeFilter.java:113)
	at org.springframework.web.filter.CompositeFilter.doFilter(CompositeFilter.java:74)
	at org.springframework.security.config.annotation.web.configuration.WebSecurityConfiguration$CompositeFilterChainProxy.doFilter(WebSecurityConfiguration.java:319)
	at org.springframework.web.filter.CompositeFilter$VirtualFilterChain.doFilter(CompositeFilter.java:113)
	at org.springframework.web.servlet.handler.HandlerMappingIntrospector.lambda$createCacheFilter$4(HandlerMappingIntrospector.java:267)
	at org.springframework.web.filter.CompositeFilter$VirtualFilterChain.doFilter(CompositeFilter.java:113)
	at org.springframework.web.filter.CompositeFilter.doFilter(CompositeFilter.java:74)
	at org.springframework.security.config.annotation.web.configuration.WebMvcSecurityConfiguration$CompositeFilterChainProxy.doFilter(WebMvcSecurityConfiguration.java:240)
	at org.springframework.web.filter.DelegatingFilterProxy.invokeDelegate(DelegatingFilterProxy.java:362)
	at org.springframework.web.filter.DelegatingFilterProxy.doFilter(DelegatingFilterProxy.java:278)
	at org.apache.catalina.core.ApplicationFilterChain.internalDoFilter(ApplicationFilterChain.java:164)
	at org.apache.catalina.core.ApplicationFilterChain.doFilter(ApplicationFilterChain.java:140)
	at org.springframework.web.filter.RequestContextFilter.doFilterInternal(RequestContextFilter.java:100)
	at org.springframework.web.filter.OncePerRequestFilter.doFilter(OncePerRequestFilter.java:116)
	at org.apache.catalina.core.ApplicationFilterChain.internalDoFilter(ApplicationFilterChain.java:164)
	at org.apache.catalina.core.ApplicationFilterChain.doFilter(ApplicationFilterChain.java:140)
	at org.springframework.web.filter.FormContentFilter.doFilterInternal(FormContentFilter.java:93)
	at org.springframework.web.filter.OncePerRequestFilter.doFilter(OncePerRequestFilter.java:116)
	at org.apache.catalina.core.ApplicationFilterChain.internalDoFilter(ApplicationFilterChain.java:164)
	at org.apache.catalina.core.ApplicationFilterChain.doFilter(ApplicationFilterChain.java:140)
	at org.springframework.web.filter.ServerHttpObservationFilter.doFilterInternal(ServerHttpObservationFilter.java:110)
	at org.springframework.web.filter.OncePerRequestFilter.doFilter(OncePerRequestFilter.java:116)
	at org.apache.catalina.core.ApplicationFilterChain.internalDoFilter(ApplicationFilterChain.java:164)
	at org.apache.catalina.core.ApplicationFilterChain.doFilter(ApplicationFilterChain.java:140)
	at org.springframework.web.filter.CharacterEncodingFilter.doFilterInternal(CharacterEncodingFilter.java:201)
	at org.springframework.web.filter.OncePerRequestFilter.doFilter(OncePerRequestFilter.java:116)
	at org.apache.catalina.core.ApplicationFilterChain.internalDoFilter(ApplicationFilterChain.java:164)
	at org.apache.catalina.core.ApplicationFilterChain.doFilter(ApplicationFilterChain.java:140)
	at org.apache.catalina.core.StandardWrapperValve.invoke(StandardWrapperValve.java:167)
	at org.apache.catalina.core.StandardContextValve.invoke(StandardContextValve.java:90)
	at org.apache.catalina.authenticator.AuthenticatorBase.invoke(AuthenticatorBase.java:483)
	at org.apache.catalina.core.StandardHostValve.invoke(StandardHostValve.java:116)
	at org.apache.catalina.valves.ErrorReportValve.invoke(ErrorReportValve.java:93)
	at org.apache.catalina.core.StandardEngineValve.invoke(StandardEngineValve.java:74)
	at org.apache.catalina.connector.CoyoteAdapter.service(CoyoteAdapter.java:344)
	at org.apache.coyote.http11.Http11Processor.service(Http11Processor.java:398)
	at org.apache.coyote.AbstractProcessorLight.process(AbstractProcessorLight.java:63)
	at org.apache.coyote.AbstractProtocol$ConnectionHandler.process(AbstractProtocol.java:903)
	at org.apache.tomcat.util.net.NioEndpoint$SocketProcessor.doRun(NioEndpoint.java:1776)
	at org.apache.tomcat.util.net.SocketProcessorBase.run(SocketProcessorBase.java:52)
	at org.apache.tomcat.util.threads.ThreadPoolExecutor.runWorker(ThreadPoolExecutor.java:975)
	at org.apache.tomcat.util.threads.ThreadPoolExecutor$Worker.run(ThreadPoolExecutor.java:493)
	at org.apache.tomcat.util.threads.TaskThread$WrappingRunnable.run(TaskThread.java:63)
	at java.base/java.lang.Thread.run(Thread.java:1575)
2025-11-10 00:40:59.154 [http-nio-8089-exec-1]  WARN .m.m.a.ExceptionHandlerExceptionResolver : Resolved [org.springframework.web.bind.MissingServletRequestParameterException: Required request parameter 'role' for method parameter type int is not present]
2025-11-10 00:42:18.653 [main]  INFO com.book.swap.BookSwapApplication        : Starting BookSwapApplication using Java 17.0.16 with PID 14120 (C:\Users\dell\Desktop\books\book-swap\build\classes\java\main started by dell in C:\Users\dell\Desktop\books\book-swap)
2025-11-10 00:42:18.655 [main] DEBUG com.book.swap.BookSwapApplication        : Running with Spring Boot v3.5.6, Spring v6.2.11
2025-11-10 00:42:18.659 [main]  INFO com.book.swap.BookSwapApplication        : No active profile set, falling back to 1 default profile: "default"
2025-11-10 00:42:20.189 [main]  INFO .s.d.r.c.RepositoryConfigurationDelegate : Bootstrapping Spring Data MongoDB repositories in DEFAULT mode.
2025-11-10 00:42:20.400 [main]  INFO .s.d.r.c.RepositoryConfigurationDelegate : Finished Spring Data repository scanning in 192 ms. Found 6 MongoDB repository interfaces.
2025-11-10 00:42:23.539 [main]  INFO anValidationBeanRegistrationAotProcessor : No Bean Validation provider available - skipping validation constraint hint inference
2025-11-10 00:42:36.557 [restartedMain]  INFO com.book.swap.BookSwapApplication        : Starting BookSwapApplication using Java 23.0.2 with PID 8536 (C:\Users\dell\Desktop\books\book-swap\build\classes\java\main started by dell in C:\Users\dell\Desktop\books\book-swap)
2025-11-10 00:42:36.559 [restartedMain] DEBUG com.book.swap.BookSwapApplication        : Running with Spring Boot v3.5.6, Spring v6.2.11
2025-11-10 00:42:36.561 [restartedMain]  INFO com.book.swap.BookSwapApplication        : No active profile set, falling back to 1 default profile: "default"
2025-11-10 00:42:36.731 [restartedMain]  INFO .e.DevToolsPropertyDefaultsPostProcessor : Devtools property defaults active! Set 'spring.devtools.add-properties' to 'false' to disable
2025-11-10 00:42:36.732 [restartedMain]  INFO .e.DevToolsPropertyDefaultsPostProcessor : For additional web related logging consider setting the 'logging.level.web' property to 'DEBUG'
2025-11-10 00:42:38.515 [restartedMain]  INFO .s.d.r.c.RepositoryConfigurationDelegate : Bootstrapping Spring Data MongoDB repositories in DEFAULT mode.
2025-11-10 00:42:38.720 [restartedMain]  INFO .s.d.r.c.RepositoryConfigurationDelegate : Finished Spring Data repository scanning in 197 ms. Found 6 MongoDB repository interfaces.
2025-11-10 00:42:40.759 [restartedMain]  INFO o.s.b.w.embedded.tomcat.TomcatWebServer  : Tomcat initialized with port 8089 (http)
2025-11-10 00:42:40.797 [restartedMain]  INFO o.apache.catalina.core.StandardService   : Starting service [Tomcat]
2025-11-10 00:42:40.800 [restartedMain]  INFO o.apache.catalina.core.StandardEngine    : Starting Servlet engine: [Apache Tomcat/10.1.46]
2025-11-10 00:42:40.901 [restartedMain]  INFO o.a.c.c.C.[Tomcat].[localhost].[/api]    : Initializing Spring embedded WebApplicationContext
2025-11-10 00:42:40.909 [restartedMain]  INFO w.s.c.ServletWebServerApplicationContext : Root WebApplicationContext: initialization completed in 4167 ms
2025-11-10 00:42:43.123 [restartedMain] DEBUG c.b.s.security.JwtAuthenticationFilter   : Filter 'jwtAuthenticationFilter' configured for use
2025-11-10 00:42:43.182 [restartedMain]  INFO o.s.b.d.a.OptionalLiveReloadServer       : LiveReload server is running on port 35729
2025-11-10 00:42:43.346 [restartedMain]  INFO eAuthenticationProviderManagerConfigurer : Global AuthenticationManager configured with AuthenticationProvider bean with name authenticationProvider
2025-11-10 00:42:43.349 [restartedMain]  WARN r$InitializeUserDetailsManagerConfigurer : Global AuthenticationManager configured with an AuthenticationProvider bean. UserDetailsService beans will not be used by Spring Security for automatically configuring username/password login. Consider removing the AuthenticationProvider bean. Alternatively, consider using the UserDetailsService in a manually instantiated DaoAuthenticationProvider. If the current configuration is intentional, to turn off this warning, increase the logging level of 'org.springframework.security.config.annotation.authentication.configuration.InitializeUserDetailsBeanManagerConfigurer' to ERROR
2025-11-10 00:42:45.320 [restartedMain]  INFO o.s.b.a.e.web.EndpointLinksResolver      : Exposing 1 endpoint beneath base path '/actuator'
2025-11-10 00:42:45.718 [restartedMain]  INFO o.s.v.b.OptionalValidatorFactoryBean     : Failed to set up a Bean Validation provider: jakarta.validation.NoProviderFoundException: Unable to create a Configuration, because no Jakarta Validation provider could be found. Add a provider like Hibernate Validator (RI) to your classpath.
2025-11-10 00:42:46.570 [restartedMain]  INFO o.s.b.w.embedded.tomcat.TomcatWebServer  : Tomcat started on port 8089 (http) with context path '/api'
2025-11-10 00:42:46.659 [restartedMain]  INFO com.book.swap.BookSwapApplication        : Started BookSwapApplication in 11.285 seconds (process running for 12.029)
2025-11-10 00:42:51.876 [http-nio-8089-exec-1]  INFO o.a.c.c.C.[Tomcat].[localhost].[/api]    : Initializing Spring DispatcherServlet 'dispatcherServlet'
2025-11-10 00:42:51.877 [http-nio-8089-exec-1]  INFO o.s.web.servlet.DispatcherServlet        : Initializing Servlet 'dispatcherServlet'
2025-11-10 00:42:51.880 [http-nio-8089-exec-1]  INFO o.s.web.servlet.DispatcherServlet        : Completed initialization in 3 ms
2025-11-10 00:42:51.973 [http-nio-8089-exec-1] DEBUG c.b.s.security.JwtAuthenticationFilter   : ➡️ Incoming request path: /api/user/get-all-users
2025-11-10 00:42:52.391 [http-nio-8089-exec-1] DEBUG c.b.s.security.CustomUserDetailsService  : Loaded user: alpha@gmail.com with roles [ROLE_USER]
2025-11-10 00:42:52.402 [http-nio-8089-exec-1] DEBUG com.book.swap.security.JwtService        : Checking token for username alpha@gmail.com, alpha@gmail.com
2025-11-10 00:42:52.407 [http-nio-8089-exec-1] DEBUG com.book.swap.security.JwtService        : Token expired for isValid false
2025-11-10 00:42:52.409 [http-nio-8089-exec-1] DEBUG c.b.s.security.JwtAuthenticationFilter   : ✅ User authenticated successfully: alpha@gmail.com
2025-11-10 00:43:01.601 [http-nio-8089-exec-3] DEBUG c.b.s.security.JwtAuthenticationFilter   : ➡️ Incoming request path: /api/user/get-all-users
2025-11-10 00:43:01.693 [http-nio-8089-exec-3] DEBUG c.b.s.security.CustomUserDetailsService  : Loaded user: alpha@gmail.com with roles [ROLE_USER]
2025-11-10 00:43:01.695 [http-nio-8089-exec-3] DEBUG com.book.swap.security.JwtService        : Checking token for username alpha@gmail.com, alpha@gmail.com
2025-11-10 00:43:01.697 [http-nio-8089-exec-3] DEBUG com.book.swap.security.JwtService        : Token expired for isValid false
2025-11-10 00:43:01.698 [http-nio-8089-exec-3] DEBUG c.b.s.security.JwtAuthenticationFilter   : ✅ User authenticated successfully: alpha@gmail.com
2025-11-10 00:46:41.350 [main]  INFO com.book.swap.BookSwapApplication        : Starting BookSwapApplication using Java 17.0.16 with PID 25808 (C:\Users\dell\Desktop\books\book-swap\build\classes\java\main started by dell in C:\Users\dell\Desktop\books\book-swap)
2025-11-10 00:46:41.351 [main] DEBUG com.book.swap.BookSwapApplication        : Running with Spring Boot v3.5.6, Spring v6.2.11
2025-11-10 00:46:41.351 [main]  INFO com.book.swap.BookSwapApplication        : No active profile set, falling back to 1 default profile: "default"
2025-11-10 00:46:42.961 [main]  INFO .s.d.r.c.RepositoryConfigurationDelegate : Bootstrapping Spring Data MongoDB repositories in DEFAULT mode.
2025-11-10 00:46:43.229 [main]  INFO .s.d.r.c.RepositoryConfigurationDelegate : Finished Spring Data repository scanning in 250 ms. Found 6 MongoDB repository interfaces.
2025-11-10 00:46:46.047 [main]  INFO anValidationBeanRegistrationAotProcessor : No Bean Validation provider available - skipping validation constraint hint inference
2025-11-10 00:46:58.592 [restartedMain]  INFO com.book.swap.BookSwapApplication        : Starting BookSwapApplication using Java 23.0.2 with PID 27472 (C:\Users\dell\Desktop\books\book-swap\build\classes\java\main started by dell in C:\Users\dell\Desktop\books\book-swap)
2025-11-10 00:46:58.592 [restartedMain] DEBUG com.book.swap.BookSwapApplication        : Running with Spring Boot v3.5.6, Spring v6.2.11
2025-11-10 00:46:58.597 [restartedMain]  INFO com.book.swap.BookSwapApplication        : No active profile set, falling back to 1 default profile: "default"
2025-11-10 00:46:58.783 [restartedMain]  INFO .e.DevToolsPropertyDefaultsPostProcessor : Devtools property defaults active! Set 'spring.devtools.add-properties' to 'false' to disable
2025-11-10 00:46:58.783 [restartedMain]  INFO .e.DevToolsPropertyDefaultsPostProcessor : For additional web related logging consider setting the 'logging.level.web' property to 'DEBUG'
2025-11-10 00:47:00.476 [restartedMain]  INFO .s.d.r.c.RepositoryConfigurationDelegate : Bootstrapping Spring Data MongoDB repositories in DEFAULT mode.
2025-11-10 00:47:00.665 [restartedMain]  INFO .s.d.r.c.RepositoryConfigurationDelegate : Finished Spring Data repository scanning in 188 ms. Found 6 MongoDB repository interfaces.
2025-11-10 00:47:02.693 [restartedMain]  INFO o.s.b.w.embedded.tomcat.TomcatWebServer  : Tomcat initialized with port 8089 (http)
2025-11-10 00:47:02.711 [restartedMain]  INFO o.apache.catalina.core.StandardService   : Starting service [Tomcat]
2025-11-10 00:47:02.711 [restartedMain]  INFO o.apache.catalina.core.StandardEngine    : Starting Servlet engine: [Apache Tomcat/10.1.46]
2025-11-10 00:47:02.804 [restartedMain]  INFO o.a.c.c.C.[Tomcat].[localhost].[/api]    : Initializing Spring embedded WebApplicationContext
2025-11-10 00:47:02.804 [restartedMain]  INFO w.s.c.ServletWebServerApplicationContext : Root WebApplicationContext: initialization completed in 4021 ms
2025-11-10 00:47:04.782 [restartedMain] DEBUG c.b.s.security.JwtAuthenticationFilter   : Filter 'jwtAuthenticationFilter' configured for use
2025-11-10 00:47:04.832 [restartedMain]  INFO o.s.b.d.a.OptionalLiveReloadServer       : LiveReload server is running on port 35729
2025-11-10 00:47:05.071 [restartedMain]  INFO eAuthenticationProviderManagerConfigurer : Global AuthenticationManager configured with AuthenticationProvider bean with name authenticationProvider
2025-11-10 00:47:05.071 [restartedMain]  WARN r$InitializeUserDetailsManagerConfigurer : Global AuthenticationManager configured with an AuthenticationProvider bean. UserDetailsService beans will not be used by Spring Security for automatically configuring username/password login. Consider removing the AuthenticationProvider bean. Alternatively, consider using the UserDetailsService in a manually instantiated DaoAuthenticationProvider. If the current configuration is intentional, to turn off this warning, increase the logging level of 'org.springframework.security.config.annotation.authentication.configuration.InitializeUserDetailsBeanManagerConfigurer' to ERROR
2025-11-10 00:47:07.030 [restartedMain]  INFO o.s.b.a.e.web.EndpointLinksResolver      : Exposing 1 endpoint beneath base path '/actuator'
2025-11-10 00:47:07.410 [restartedMain]  INFO o.s.v.b.OptionalValidatorFactoryBean     : Failed to set up a Bean Validation provider: jakarta.validation.NoProviderFoundException: Unable to create a Configuration, because no Jakarta Validation provider could be found. Add a provider like Hibernate Validator (RI) to your classpath.
2025-11-10 00:47:08.354 [restartedMain]  INFO o.s.b.w.embedded.tomcat.TomcatWebServer  : Tomcat started on port 8089 (http) with context path '/api'
2025-11-10 00:47:08.380 [restartedMain]  INFO com.book.swap.BookSwapApplication        : Started BookSwapApplication in 10.861 seconds (process running for 11.63)
2025-11-10 00:47:23.889 [http-nio-8089-exec-2]  INFO o.a.c.c.C.[Tomcat].[localhost].[/api]    : Initializing Spring DispatcherServlet 'dispatcherServlet'
2025-11-10 00:47:23.890 [http-nio-8089-exec-2]  INFO o.s.web.servlet.DispatcherServlet        : Initializing Servlet 'dispatcherServlet'
2025-11-10 00:47:23.892 [http-nio-8089-exec-2]  INFO o.s.web.servlet.DispatcherServlet        : Completed initialization in 1 ms
2025-11-10 00:47:23.976 [http-nio-8089-exec-2] DEBUG c.b.s.security.JwtAuthenticationFilter   : ➡️ Incoming request path: /api/user/get-all-users
2025-11-10 00:47:24.345 [http-nio-8089-exec-2] DEBUG c.b.s.security.CustomUserDetailsService  : Loaded user: alpha@gmail.com with roles [ROLE_USER]
2025-11-10 00:47:24.355 [http-nio-8089-exec-2] DEBUG com.book.swap.security.JwtService        : Checking token for username alpha@gmail.com, alpha@gmail.com
2025-11-10 00:47:24.361 [http-nio-8089-exec-2] DEBUG com.book.swap.security.JwtService        : Token expired for isValid false
2025-11-10 00:47:24.366 [http-nio-8089-exec-2] DEBUG c.b.s.security.JwtAuthenticationFilter   : ✅ User authenticated successfully: alpha@gmail.com
2025-11-10 00:47:31.640 [http-nio-8089-exec-3] DEBUG c.b.s.security.JwtAuthenticationFilter   : ➡️ Incoming request path: /api/user/get-all-users
2025-11-10 00:47:31.801 [http-nio-8089-exec-3] DEBUG c.b.s.security.CustomUserDetailsService  : Loaded user: alpha@gmail.com with roles [ROLE_USER]
2025-11-10 00:47:31.803 [http-nio-8089-exec-3] DEBUG com.book.swap.security.JwtService        : Checking token for username alpha@gmail.com, alpha@gmail.com
2025-11-10 00:47:31.804 [http-nio-8089-exec-3] DEBUG com.book.swap.security.JwtService        : Token expired for isValid false
2025-11-10 00:47:31.804 [http-nio-8089-exec-3] DEBUG c.b.s.security.JwtAuthenticationFilter   : ✅ User authenticated successfully: alpha@gmail.com
2025-11-10 00:47:40.170 [http-nio-8089-exec-4] DEBUG c.b.s.security.JwtAuthenticationFilter   : ➡️ Incoming request path: /api/user/get-all-users
2025-11-10 00:47:40.259 [http-nio-8089-exec-4] DEBUG c.b.s.security.CustomUserDetailsService  : Loaded user: alpha@gmail.com with roles [ROLE_USER]
2025-11-10 00:47:40.262 [http-nio-8089-exec-4] DEBUG com.book.swap.security.JwtService        : Checking token for username alpha@gmail.com, alpha@gmail.com
2025-11-10 00:47:40.264 [http-nio-8089-exec-4] DEBUG com.book.swap.security.JwtService        : Token expired for isValid false
2025-11-10 00:47:40.264 [http-nio-8089-exec-4] DEBUG c.b.s.security.JwtAuthenticationFilter   : ✅ User authenticated successfully: alpha@gmail.com
2025-11-10 00:47:45.851 [http-nio-8089-exec-5] DEBUG c.b.s.security.JwtAuthenticationFilter   : ➡️ Incoming request path: /api/user/get-all-users
2025-11-10 00:47:45.961 [http-nio-8089-exec-5] DEBUG c.b.s.security.CustomUserDetailsService  : Loaded user: alpha@gmail.com with roles [ROLE_USER]
2025-11-10 00:47:45.964 [http-nio-8089-exec-5] DEBUG com.book.swap.security.JwtService        : Checking token for username alpha@gmail.com, alpha@gmail.com
2025-11-10 00:47:45.966 [http-nio-8089-exec-5] DEBUG com.book.swap.security.JwtService        : Token expired for isValid false
2025-11-10 00:47:45.967 [http-nio-8089-exec-5] DEBUG c.b.s.security.JwtAuthenticationFilter   : ✅ User authenticated successfully: alpha@gmail.com
2025-11-10 00:48:07.208 [http-nio-8089-exec-6] DEBUG c.b.s.security.JwtAuthenticationFilter   : ➡️ Incoming request path: /api/user/get-all-users
2025-11-10 00:48:07.288 [http-nio-8089-exec-6] DEBUG c.b.s.security.CustomUserDetailsService  : Loaded user: alpha@gmail.com with roles [ROLE_USER]
2025-11-10 00:48:07.292 [http-nio-8089-exec-6] DEBUG com.book.swap.security.JwtService        : Checking token for username alpha@gmail.com, alpha@gmail.com
2025-11-10 00:48:07.295 [http-nio-8089-exec-6] DEBUG com.book.swap.security.JwtService        : Token expired for isValid false
2025-11-10 00:48:07.295 [http-nio-8089-exec-6] DEBUG c.b.s.security.JwtAuthenticationFilter   : ✅ User authenticated successfully: alpha@gmail.com
2025-11-10 00:48:17.910 [http-nio-8089-exec-7] DEBUG c.b.s.security.JwtAuthenticationFilter   : ➡️ Incoming request path: /api/user/get-all-users
2025-11-10 00:48:18.039 [http-nio-8089-exec-7] DEBUG c.b.s.security.CustomUserDetailsService  : Loaded user: alpha@gmail.com with roles [ROLE_USER]
2025-11-10 00:48:18.043 [http-nio-8089-exec-7] DEBUG com.book.swap.security.JwtService        : Checking token for username alpha@gmail.com, alpha@gmail.com
2025-11-10 00:48:18.044 [http-nio-8089-exec-7] DEBUG com.book.swap.security.JwtService        : Token expired for isValid false
2025-11-10 00:48:18.044 [http-nio-8089-exec-7] DEBUG c.b.s.security.JwtAuthenticationFilter   : ✅ User authenticated successfully: alpha@gmail.com
2025-11-10 00:51:07.210 [http-nio-8089-exec-10] DEBUG c.b.s.security.JwtAuthenticationFilter   : ➡️ Incoming request path: /api/user/get-all-users
2025-11-10 00:51:07.303 [http-nio-8089-exec-10] DEBUG c.b.s.security.CustomUserDetailsService  : Loaded user: alpha@gmail.com with roles [ROLE_USER]
2025-11-10 00:51:07.305 [http-nio-8089-exec-10] DEBUG com.book.swap.security.JwtService        : Checking token for username alpha@gmail.com, alpha@gmail.com
2025-11-10 00:51:07.308 [http-nio-8089-exec-10] DEBUG com.book.swap.security.JwtService        : Token expired for isValid false
2025-11-10 00:51:07.308 [http-nio-8089-exec-10] DEBUG c.b.s.security.JwtAuthenticationFilter   : ✅ User authenticated successfully: alpha@gmail.com
2025-11-10 00:51:32.856 [http-nio-8089-exec-1] DEBUG c.b.s.security.JwtAuthenticationFilter   : ➡️ Incoming request path: /api/user/get-all-users
2025-11-10 00:51:32.952 [http-nio-8089-exec-1] DEBUG c.b.s.security.CustomUserDetailsService  : Loaded user: alpha@gmail.com with roles [ROLE_USER]
2025-11-10 00:51:32.954 [http-nio-8089-exec-1] DEBUG com.book.swap.security.JwtService        : Checking token for username alpha@gmail.com, alpha@gmail.com
2025-11-10 00:51:32.956 [http-nio-8089-exec-1] DEBUG com.book.swap.security.JwtService        : Token expired for isValid false
2025-11-10 00:51:32.956 [http-nio-8089-exec-1] DEBUG c.b.s.security.JwtAuthenticationFilter   : ✅ User authenticated successfully: alpha@gmail.com
2025-11-10 00:51:51.303 [http-nio-8089-exec-2] DEBUG c.b.s.security.JwtAuthenticationFilter   : ➡️ Incoming request path: /api/auth/register
2025-11-10 00:51:51.331 [http-nio-8089-exec-2]  INFO c.book.swap.services.auth.AuthService    : Attempting to register user with email: alpha1@gmail.com
2025-11-10 00:51:51.736 [http-nio-8089-exec-2]  INFO c.book.swap.services.auth.AuthService    : User registered successfully with ID: 6910e9cfa09b6ac9511bb2fc
2025-11-10 00:51:57.207 [http-nio-8089-exec-3] DEBUG c.b.s.security.JwtAuthenticationFilter   : ➡️ Incoming request path: /api/user/get-all-users
2025-11-10 00:51:57.271 [http-nio-8089-exec-3] DEBUG c.b.s.security.CustomUserDetailsService  : Loaded user: alpha@gmail.com with roles [ROLE_USER]
2025-11-10 00:51:57.273 [http-nio-8089-exec-3] DEBUG com.book.swap.security.JwtService        : Checking token for username alpha@gmail.com, alpha@gmail.com
2025-11-10 00:51:57.275 [http-nio-8089-exec-3] DEBUG com.book.swap.security.JwtService        : Token expired for isValid false
2025-11-10 00:51:57.275 [http-nio-8089-exec-3] DEBUG c.b.s.security.JwtAuthenticationFilter   : ✅ User authenticated successfully: alpha@gmail.com
2025-11-10 00:52:06.286 [http-nio-8089-exec-4] DEBUG c.b.s.security.JwtAuthenticationFilter   : ➡️ Incoming request path: /api/user/get-all-users
2025-11-10 00:52:06.380 [http-nio-8089-exec-4] DEBUG c.b.s.security.CustomUserDetailsService  : Loaded user: alpha@gmail.com with roles [ROLE_USER]
2025-11-10 00:52:06.382 [http-nio-8089-exec-4] DEBUG com.book.swap.security.JwtService        : Checking token for username alpha@gmail.com, alpha@gmail.com
2025-11-10 00:52:06.384 [http-nio-8089-exec-4] DEBUG com.book.swap.security.JwtService        : Token expired for isValid false
2025-11-10 00:52:06.384 [http-nio-8089-exec-4] DEBUG c.b.s.security.JwtAuthenticationFilter   : ✅ User authenticated successfully: alpha@gmail.com
2025-11-10 00:52:22.659 [http-nio-8089-exec-5] DEBUG c.b.s.security.JwtAuthenticationFilter   : ➡️ Incoming request path: /api/user/get-all-users
2025-11-10 00:52:22.765 [http-nio-8089-exec-5] DEBUG c.b.s.security.CustomUserDetailsService  : Loaded user: alpha@gmail.com with roles [ROLE_USER]
2025-11-10 00:52:22.767 [http-nio-8089-exec-5] DEBUG com.book.swap.security.JwtService        : Checking token for username alpha@gmail.com, alpha@gmail.com
2025-11-10 00:52:22.769 [http-nio-8089-exec-5] DEBUG com.book.swap.security.JwtService        : Token expired for isValid false
2025-11-10 00:52:22.770 [http-nio-8089-exec-5] DEBUG c.b.s.security.JwtAuthenticationFilter   : ✅ User authenticated successfully: alpha@gmail.com
2025-11-10 00:52:30.417 [http-nio-8089-exec-6] DEBUG c.b.s.security.JwtAuthenticationFilter   : ➡️ Incoming request path: /api/user/get-all-users
2025-11-10 00:52:30.494 [http-nio-8089-exec-6] DEBUG c.b.s.security.CustomUserDetailsService  : Loaded user: alpha@gmail.com with roles [ROLE_USER]
2025-11-10 00:52:30.496 [http-nio-8089-exec-6] DEBUG com.book.swap.security.JwtService        : Checking token for username alpha@gmail.com, alpha@gmail.com
2025-11-10 00:52:30.500 [http-nio-8089-exec-6] DEBUG com.book.swap.security.JwtService        : Token expired for isValid false
2025-11-10 00:52:30.500 [http-nio-8089-exec-6] DEBUG c.b.s.security.JwtAuthenticationFilter   : ✅ User authenticated successfully: alpha@gmail.com
2025-11-10 00:55:09.913 [main]  INFO com.book.swap.BookSwapApplication        : Starting BookSwapApplication using Java 17.0.16 with PID 28960 (C:\Users\dell\Desktop\books\book-swap\build\classes\java\main started by dell in C:\Users\dell\Desktop\books\book-swap)
2025-11-10 00:55:09.918 [main] DEBUG com.book.swap.BookSwapApplication        : Running with Spring Boot v3.5.6, Spring v6.2.11
2025-11-10 00:55:09.919 [main]  INFO com.book.swap.BookSwapApplication        : No active profile set, falling back to 1 default profile: "default"
2025-11-10 00:55:12.130 [main]  INFO .s.d.r.c.RepositoryConfigurationDelegate : Bootstrapping Spring Data MongoDB repositories in DEFAULT mode.
2025-11-10 00:55:12.496 [main]  INFO .s.d.r.c.RepositoryConfigurationDelegate : Finished Spring Data repository scanning in 349 ms. Found 6 MongoDB repository interfaces.
2025-11-10 00:55:17.189 [main]  INFO anValidationBeanRegistrationAotProcessor : No Bean Validation provider available - skipping validation constraint hint inference
2025-11-10 00:55:34.411 [restartedMain]  INFO com.book.swap.BookSwapApplication        : Starting BookSwapApplication using Java 23.0.2 with PID 28352 (C:\Users\dell\Desktop\books\book-swap\build\classes\java\main started by dell in C:\Users\dell\Desktop\books\book-swap)
2025-11-10 00:55:34.413 [restartedMain] DEBUG com.book.swap.BookSwapApplication        : Running with Spring Boot v3.5.6, Spring v6.2.11
2025-11-10 00:55:34.414 [restartedMain]  INFO com.book.swap.BookSwapApplication        : No active profile set, falling back to 1 default profile: "default"
2025-11-10 00:55:34.622 [restartedMain]  INFO .e.DevToolsPropertyDefaultsPostProcessor : Devtools property defaults active! Set 'spring.devtools.add-properties' to 'false' to disable
2025-11-10 00:55:34.624 [restartedMain]  INFO .e.DevToolsPropertyDefaultsPostProcessor : For additional web related logging consider setting the 'logging.level.web' property to 'DEBUG'
2025-11-10 00:55:36.308 [restartedMain]  INFO .s.d.r.c.RepositoryConfigurationDelegate : Bootstrapping Spring Data MongoDB repositories in DEFAULT mode.
2025-11-10 00:55:36.500 [restartedMain]  INFO .s.d.r.c.RepositoryConfigurationDelegate : Finished Spring Data repository scanning in 184 ms. Found 6 MongoDB repository interfaces.
2025-11-10 00:55:38.510 [restartedMain]  INFO o.s.b.w.embedded.tomcat.TomcatWebServer  : Tomcat initialized with port 8089 (http)
2025-11-10 00:55:38.541 [restartedMain]  INFO o.apache.catalina.core.StandardService   : Starting service [Tomcat]
2025-11-10 00:55:38.542 [restartedMain]  INFO o.apache.catalina.core.StandardEngine    : Starting Servlet engine: [Apache Tomcat/10.1.46]
2025-11-10 00:55:38.711 [restartedMain]  INFO o.a.c.c.C.[Tomcat].[localhost].[/api]    : Initializing Spring embedded WebApplicationContext
2025-11-10 00:55:38.713 [restartedMain]  INFO w.s.c.ServletWebServerApplicationContext : Root WebApplicationContext: initialization completed in 4085 ms
2025-11-10 00:55:40.923 [restartedMain] DEBUG c.b.s.security.JwtAuthenticationFilter   : Filter 'jwtAuthenticationFilter' configured for use
2025-11-10 00:55:40.991 [restartedMain]  INFO o.s.b.d.a.OptionalLiveReloadServer       : LiveReload server is running on port 35729
2025-11-10 00:55:41.156 [restartedMain]  INFO eAuthenticationProviderManagerConfigurer : Global AuthenticationManager configured with AuthenticationProvider bean with name authenticationProvider
2025-11-10 00:55:41.159 [restartedMain]  WARN r$InitializeUserDetailsManagerConfigurer : Global AuthenticationManager configured with an AuthenticationProvider bean. UserDetailsService beans will not be used by Spring Security for automatically configuring username/password login. Consider removing the AuthenticationProvider bean. Alternatively, consider using the UserDetailsService in a manually instantiated DaoAuthenticationProvider. If the current configuration is intentional, to turn off this warning, increase the logging level of 'org.springframework.security.config.annotation.authentication.configuration.InitializeUserDetailsBeanManagerConfigurer' to ERROR
2025-11-10 00:55:43.357 [restartedMain]  INFO o.s.b.a.e.web.EndpointLinksResolver      : Exposing 1 endpoint beneath base path '/actuator'
2025-11-10 00:55:43.735 [restartedMain]  INFO o.s.v.b.OptionalValidatorFactoryBean     : Failed to set up a Bean Validation provider: jakarta.validation.NoProviderFoundException: Unable to create a Configuration, because no Jakarta Validation provider could be found. Add a provider like Hibernate Validator (RI) to your classpath.
2025-11-10 00:55:44.659 [restartedMain]  INFO o.s.b.w.embedded.tomcat.TomcatWebServer  : Tomcat started on port 8089 (http) with context path '/api'
2025-11-10 00:55:44.699 [restartedMain]  INFO com.book.swap.BookSwapApplication        : Started BookSwapApplication in 11.558 seconds (process running for 12.371)
2025-11-10 00:56:42.744 [main]  INFO com.book.swap.BookSwapApplication        : Starting BookSwapApplication using Java 17.0.16 with PID 24396 (C:\Users\dell\Desktop\books\book-swap\build\classes\java\main started by dell in C:\Users\dell\Desktop\books\book-swap)
2025-11-10 00:56:42.749 [main] DEBUG com.book.swap.BookSwapApplication        : Running with Spring Boot v3.5.6, Spring v6.2.11
2025-11-10 00:56:42.750 [main]  INFO com.book.swap.BookSwapApplication        : No active profile set, falling back to 1 default profile: "default"
2025-11-10 00:56:44.399 [main]  INFO .s.d.r.c.RepositoryConfigurationDelegate : Bootstrapping Spring Data MongoDB repositories in DEFAULT mode.
2025-11-10 00:56:44.603 [main]  INFO .s.d.r.c.RepositoryConfigurationDelegate : Finished Spring Data repository scanning in 190 ms. Found 6 MongoDB repository interfaces.
2025-11-10 00:56:47.718 [main]  INFO anValidationBeanRegistrationAotProcessor : No Bean Validation provider available - skipping validation constraint hint inference
2025-11-10 00:57:00.646 [restartedMain]  INFO com.book.swap.BookSwapApplication        : Starting BookSwapApplication using Java 23.0.2 with PID 18580 (C:\Users\dell\Desktop\books\book-swap\build\classes\java\main started by dell in C:\Users\dell\Desktop\books\book-swap)
2025-11-10 00:57:00.648 [restartedMain] DEBUG com.book.swap.BookSwapApplication        : Running with Spring Boot v3.5.6, Spring v6.2.11
2025-11-10 00:57:00.649 [restartedMain]  INFO com.book.swap.BookSwapApplication        : No active profile set, falling back to 1 default profile: "default"
2025-11-10 00:57:00.818 [restartedMain]  INFO .e.DevToolsPropertyDefaultsPostProcessor : Devtools property defaults active! Set 'spring.devtools.add-properties' to 'false' to disable
2025-11-10 00:57:00.819 [restartedMain]  INFO .e.DevToolsPropertyDefaultsPostProcessor : For additional web related logging consider setting the 'logging.level.web' property to 'DEBUG'
2025-11-10 00:57:02.598 [restartedMain]  INFO .s.d.r.c.RepositoryConfigurationDelegate : Bootstrapping Spring Data MongoDB repositories in DEFAULT mode.
2025-11-10 00:57:02.843 [restartedMain]  INFO .s.d.r.c.RepositoryConfigurationDelegate : Finished Spring Data repository scanning in 236 ms. Found 6 MongoDB repository interfaces.
2025-11-10 00:57:04.987 [restartedMain]  INFO o.s.b.w.embedded.tomcat.TomcatWebServer  : Tomcat initialized with port 8089 (http)
2025-11-10 00:57:05.020 [restartedMain]  INFO o.apache.catalina.core.StandardService   : Starting service [Tomcat]
2025-11-10 00:57:05.043 [restartedMain]  INFO o.apache.catalina.core.StandardEngine    : Starting Servlet engine: [Apache Tomcat/10.1.46]
2025-11-10 00:57:05.184 [restartedMain]  INFO o.a.c.c.C.[Tomcat].[localhost].[/api]    : Initializing Spring embedded WebApplicationContext
2025-11-10 00:57:05.186 [restartedMain]  INFO w.s.c.ServletWebServerApplicationContext : Root WebApplicationContext: initialization completed in 4364 ms
2025-11-10 00:57:07.270 [restartedMain] DEBUG c.b.s.security.JwtAuthenticationFilter   : Filter 'jwtAuthenticationFilter' configured for use
2025-11-10 00:57:07.322 [restartedMain]  INFO o.s.b.d.a.OptionalLiveReloadServer       : LiveReload server is running on port 35729
2025-11-10 00:57:07.468 [restartedMain]  INFO eAuthenticationProviderManagerConfigurer : Global AuthenticationManager configured with AuthenticationProvider bean with name authenticationProvider
2025-11-10 00:57:07.469 [restartedMain]  WARN r$InitializeUserDetailsManagerConfigurer : Global AuthenticationManager configured with an AuthenticationProvider bean. UserDetailsService beans will not be used by Spring Security for automatically configuring username/password login. Consider removing the AuthenticationProvider bean. Alternatively, consider using the UserDetailsService in a manually instantiated DaoAuthenticationProvider. If the current configuration is intentional, to turn off this warning, increase the logging level of 'org.springframework.security.config.annotation.authentication.configuration.InitializeUserDetailsBeanManagerConfigurer' to ERROR
2025-11-10 00:57:09.516 [restartedMain]  INFO o.s.b.a.e.web.EndpointLinksResolver      : Exposing 1 endpoint beneath base path '/actuator'
2025-11-10 00:57:09.915 [restartedMain]  INFO o.s.v.b.OptionalValidatorFactoryBean     : Failed to set up a Bean Validation provider: jakarta.validation.NoProviderFoundException: Unable to create a Configuration, because no Jakarta Validation provider could be found. Add a provider like Hibernate Validator (RI) to your classpath.
2025-11-10 00:57:10.838 [restartedMain]  INFO o.s.b.w.embedded.tomcat.TomcatWebServer  : Tomcat started on port 8089 (http) with context path '/api'
2025-11-10 00:57:10.866 [restartedMain]  INFO com.book.swap.BookSwapApplication        : Started BookSwapApplication in 11.514 seconds (process running for 12.306)
2025-11-10 00:57:17.181 [http-nio-8089-exec-4]  INFO o.a.c.c.C.[Tomcat].[localhost].[/api]    : Initializing Spring DispatcherServlet 'dispatcherServlet'
2025-11-10 00:57:17.181 [http-nio-8089-exec-4]  INFO o.s.web.servlet.DispatcherServlet        : Initializing Servlet 'dispatcherServlet'
2025-11-10 00:57:17.184 [http-nio-8089-exec-4]  INFO o.s.web.servlet.DispatcherServlet        : Completed initialization in 2 ms
2025-11-10 00:57:17.271 [http-nio-8089-exec-4] DEBUG c.b.s.security.JwtAuthenticationFilter   : ➡️ Incoming request path: /api/user/get-all-users
2025-11-10 00:57:17.569 [http-nio-8089-exec-4] DEBUG c.b.s.security.CustomUserDetailsService  : Loaded user: alpha@gmail.com with roles [ROLE_USER]
2025-11-10 00:57:17.584 [http-nio-8089-exec-4] DEBUG com.book.swap.security.JwtService        : Checking token for username alpha@gmail.com, alpha@gmail.com
2025-11-10 00:57:17.588 [http-nio-8089-exec-4] DEBUG com.book.swap.security.JwtService        : Token expired for isValid false
2025-11-10 00:57:17.590 [http-nio-8089-exec-4] DEBUG c.b.s.security.JwtAuthenticationFilter   : ✅ User authenticated successfully: alpha@gmail.com
2025-11-10 00:57:26.881 [http-nio-8089-exec-3] DEBUG c.b.s.security.JwtAuthenticationFilter   : ➡️ Incoming request path: /api/user/get-all-users
2025-11-10 00:57:26.979 [http-nio-8089-exec-3] DEBUG c.b.s.security.CustomUserDetailsService  : Loaded user: alpha@gmail.com with roles [ROLE_USER]
2025-11-10 00:57:26.981 [http-nio-8089-exec-3] DEBUG com.book.swap.security.JwtService        : Checking token for username alpha@gmail.com, alpha@gmail.com
2025-11-10 00:57:26.984 [http-nio-8089-exec-3] DEBUG com.book.swap.security.JwtService        : Token expired for isValid false
2025-11-10 00:57:26.984 [http-nio-8089-exec-3] DEBUG c.b.s.security.JwtAuthenticationFilter   : ✅ User authenticated successfully: alpha@gmail.com
2025-11-10 00:57:42.636 [http-nio-8089-exec-2] DEBUG c.b.s.security.JwtAuthenticationFilter   : ➡️ Incoming request path: /api/auth/register
2025-11-10 00:57:42.667 [http-nio-8089-exec-2]  INFO c.book.swap.services.auth.AuthService    : Attempting to register user with email: beta@gmail.com
2025-11-10 00:57:43.045 [http-nio-8089-exec-2]  INFO c.book.swap.services.auth.AuthService    : User registered successfully with ID: 6910eb2e20c5688398824d21
2025-11-10 00:57:49.592 [http-nio-8089-exec-6] DEBUG c.b.s.security.JwtAuthenticationFilter   : ➡️ Incoming request path: /api/user/get-all-users
2025-11-10 00:57:49.682 [http-nio-8089-exec-6] DEBUG c.b.s.security.CustomUserDetailsService  : Loaded user: alpha@gmail.com with roles [ROLE_USER]
2025-11-10 00:57:49.684 [http-nio-8089-exec-6] DEBUG com.book.swap.security.JwtService        : Checking token for username alpha@gmail.com, alpha@gmail.com
2025-11-10 00:57:49.685 [http-nio-8089-exec-6] DEBUG com.book.swap.security.JwtService        : Token expired for isValid false
2025-11-10 00:57:49.685 [http-nio-8089-exec-6] DEBUG c.b.s.security.JwtAuthenticationFilter   : ✅ User authenticated successfully: alpha@gmail.com
2025-11-10 00:59:23.628 [restartedMain]  INFO com.book.swap.BookSwapApplication        : Starting BookSwapApplication using Java 23.0.2 with PID 24228 (C:\Users\dell\Desktop\books\book-swap\build\classes\java\main started by dell in C:\Users\dell\Desktop\books\book-swap)
2025-11-10 00:59:23.631 [restartedMain] DEBUG com.book.swap.BookSwapApplication        : Running with Spring Boot v3.5.6, Spring v6.2.11
2025-11-10 00:59:23.631 [restartedMain]  INFO com.book.swap.BookSwapApplication        : No active profile set, falling back to 1 default profile: "default"
2025-11-10 00:59:23.786 [restartedMain]  INFO .e.DevToolsPropertyDefaultsPostProcessor : Devtools property defaults active! Set 'spring.devtools.add-properties' to 'false' to disable
2025-11-10 00:59:23.786 [restartedMain]  INFO .e.DevToolsPropertyDefaultsPostProcessor : For additional web related logging consider setting the 'logging.level.web' property to 'DEBUG'
2025-11-10 00:59:25.323 [restartedMain]  INFO .s.d.r.c.RepositoryConfigurationDelegate : Bootstrapping Spring Data MongoDB repositories in DEFAULT mode.
2025-11-10 00:59:25.512 [restartedMain]  INFO .s.d.r.c.RepositoryConfigurationDelegate : Finished Spring Data repository scanning in 181 ms. Found 6 MongoDB repository interfaces.
2025-11-10 00:59:27.313 [restartedMain]  INFO o.s.b.w.embedded.tomcat.TomcatWebServer  : Tomcat initialized with port 8089 (http)
2025-11-10 00:59:27.347 [restartedMain]  INFO o.apache.catalina.core.StandardService   : Starting service [Tomcat]
2025-11-10 00:59:27.347 [restartedMain]  INFO o.apache.catalina.core.StandardEngine    : Starting Servlet engine: [Apache Tomcat/10.1.46]
2025-11-10 00:59:27.443 [restartedMain]  INFO o.a.c.c.C.[Tomcat].[localhost].[/api]    : Initializing Spring embedded WebApplicationContext
2025-11-10 00:59:27.447 [restartedMain]  INFO w.s.c.ServletWebServerApplicationContext : Root WebApplicationContext: initialization completed in 3661 ms
2025-11-10 00:59:29.559 [restartedMain] DEBUG c.b.s.security.JwtAuthenticationFilter   : Filter 'jwtAuthenticationFilter' configured for use
2025-11-10 00:59:29.618 [restartedMain]  INFO o.s.b.d.a.OptionalLiveReloadServer       : LiveReload server is running on port 35729
2025-11-10 00:59:29.824 [restartedMain]  INFO eAuthenticationProviderManagerConfigurer : Global AuthenticationManager configured with AuthenticationProvider bean with name authenticationProvider
2025-11-10 00:59:29.825 [restartedMain]  WARN r$InitializeUserDetailsManagerConfigurer : Global AuthenticationManager configured with an AuthenticationProvider bean. UserDetailsService beans will not be used by Spring Security for automatically configuring username/password login. Consider removing the AuthenticationProvider bean. Alternatively, consider using the UserDetailsService in a manually instantiated DaoAuthenticationProvider. If the current configuration is intentional, to turn off this warning, increase the logging level of 'org.springframework.security.config.annotation.authentication.configuration.InitializeUserDetailsBeanManagerConfigurer' to ERROR
2025-11-10 00:59:31.835 [restartedMain]  INFO o.s.b.a.e.web.EndpointLinksResolver      : Exposing 1 endpoint beneath base path '/actuator'
2025-11-10 00:59:32.232 [restartedMain]  INFO o.s.v.b.OptionalValidatorFactoryBean     : Failed to set up a Bean Validation provider: jakarta.validation.NoProviderFoundException: Unable to create a Configuration, because no Jakarta Validation provider could be found. Add a provider like Hibernate Validator (RI) to your classpath.
2025-11-10 00:59:33.170 [restartedMain]  INFO o.s.b.w.embedded.tomcat.TomcatWebServer  : Tomcat started on port 8089 (http) with context path '/api'
2025-11-10 00:59:33.202 [restartedMain]  INFO com.book.swap.BookSwapApplication        : Started BookSwapApplication in 10.55 seconds (process running for 11.255)
2025-11-10 01:01:42.709 [main]  INFO com.book.swap.BookSwapApplication        : Starting BookSwapApplication using Java 17.0.16 with PID 9672 (C:\Users\dell\Desktop\books\book-swap\build\classes\java\main started by dell in C:\Users\dell\Desktop\books\book-swap)
2025-11-10 01:01:42.710 [main] DEBUG com.book.swap.BookSwapApplication        : Running with Spring Boot v3.5.6, Spring v6.2.11
2025-11-10 01:01:42.710 [main]  INFO com.book.swap.BookSwapApplication        : No active profile set, falling back to 1 default profile: "default"
2025-11-10 01:01:44.313 [main]  INFO .s.d.r.c.RepositoryConfigurationDelegate : Bootstrapping Spring Data MongoDB repositories in DEFAULT mode.
2025-11-10 01:01:44.550 [main]  INFO .s.d.r.c.RepositoryConfigurationDelegate : Finished Spring Data repository scanning in 224 ms. Found 6 MongoDB repository interfaces.
2025-11-10 01:01:47.509 [main]  INFO anValidationBeanRegistrationAotProcessor : No Bean Validation provider available - skipping validation constraint hint inference
2025-11-10 01:01:58.949 [restartedMain]  INFO com.book.swap.BookSwapApplication        : Starting BookSwapApplication using Java 23.0.2 with PID 24812 (C:\Users\dell\Desktop\books\book-swap\build\classes\java\main started by dell in C:\Users\dell\Desktop\books\book-swap)
2025-11-10 01:01:58.952 [restartedMain] DEBUG com.book.swap.BookSwapApplication        : Running with Spring Boot v3.5.6, Spring v6.2.11
2025-11-10 01:01:58.954 [restartedMain]  INFO com.book.swap.BookSwapApplication        : No active profile set, falling back to 1 default profile: "default"
2025-11-10 01:01:59.160 [restartedMain]  INFO .e.DevToolsPropertyDefaultsPostProcessor : Devtools property defaults active! Set 'spring.devtools.add-properties' to 'false' to disable
2025-11-10 01:01:59.160 [restartedMain]  INFO .e.DevToolsPropertyDefaultsPostProcessor : For additional web related logging consider setting the 'logging.level.web' property to 'DEBUG'
2025-11-10 01:02:00.885 [restartedMain]  INFO .s.d.r.c.RepositoryConfigurationDelegate : Bootstrapping Spring Data MongoDB repositories in DEFAULT mode.
2025-11-10 01:02:01.054 [restartedMain]  INFO .s.d.r.c.RepositoryConfigurationDelegate : Finished Spring Data repository scanning in 159 ms. Found 6 MongoDB repository interfaces.
2025-11-10 01:02:03.480 [restartedMain]  INFO o.s.b.w.embedded.tomcat.TomcatWebServer  : Tomcat initialized with port 8089 (http)
2025-11-10 01:02:03.527 [restartedMain]  INFO o.apache.catalina.core.StandardService   : Starting service [Tomcat]
2025-11-10 01:02:03.528 [restartedMain]  INFO o.apache.catalina.core.StandardEngine    : Starting Servlet engine: [Apache Tomcat/10.1.46]
2025-11-10 01:02:03.635 [restartedMain]  INFO o.a.c.c.C.[Tomcat].[localhost].[/api]    : Initializing Spring embedded WebApplicationContext
2025-11-10 01:02:03.635 [restartedMain]  INFO w.s.c.ServletWebServerApplicationContext : Root WebApplicationContext: initialization completed in 4475 ms
2025-11-10 01:02:05.750 [restartedMain] DEBUG c.b.s.security.JwtAuthenticationFilter   : Filter 'jwtAuthenticationFilter' configured for use
2025-11-10 01:02:05.818 [restartedMain]  INFO o.s.b.d.a.OptionalLiveReloadServer       : LiveReload server is running on port 35729
2025-11-10 01:02:16.187 [main]  INFO com.book.swap.BookSwapApplication        : Starting BookSwapApplication using Java 17.0.16 with PID 25788 (C:\Users\dell\Desktop\books\book-swap\build\classes\java\main started by dell in C:\Users\dell\Desktop\books\book-swap)
2025-11-10 01:02:16.188 [main] DEBUG com.book.swap.BookSwapApplication        : Running with Spring Boot v3.5.6, Spring v6.2.11
2025-11-10 01:02:16.194 [main]  INFO com.book.swap.BookSwapApplication        : No active profile set, falling back to 1 default profile: "default"
2025-11-10 01:02:17.926 [main]  INFO .s.d.r.c.RepositoryConfigurationDelegate : Bootstrapping Spring Data MongoDB repositories in DEFAULT mode.
2025-11-10 01:02:18.171 [main]  INFO .s.d.r.c.RepositoryConfigurationDelegate : Finished Spring Data repository scanning in 230 ms. Found 6 MongoDB repository interfaces.
2025-11-10 01:02:21.477 [main]  INFO anValidationBeanRegistrationAotProcessor : No Bean Validation provider available - skipping validation constraint hint inference
2025-11-10 01:02:43.170 [restartedMain]  INFO com.book.swap.BookSwapApplication        : Starting BookSwapApplication using Java 23.0.2 with PID 22512 (C:\Users\dell\Desktop\books\book-swap\build\classes\java\main started by dell in C:\Users\dell\Desktop\books\book-swap)
2025-11-10 01:02:43.172 [restartedMain] DEBUG com.book.swap.BookSwapApplication        : Running with Spring Boot v3.5.6, Spring v6.2.11
2025-11-10 01:02:43.174 [restartedMain]  INFO com.book.swap.BookSwapApplication        : No active profile set, falling back to 1 default profile: "default"
2025-11-10 01:02:43.350 [restartedMain]  INFO .e.DevToolsPropertyDefaultsPostProcessor : Devtools property defaults active! Set 'spring.devtools.add-properties' to 'false' to disable
2025-11-10 01:02:43.350 [restartedMain]  INFO .e.DevToolsPropertyDefaultsPostProcessor : For additional web related logging consider setting the 'logging.level.web' property to 'DEBUG'
2025-11-10 01:02:45.172 [restartedMain]  INFO .s.d.r.c.RepositoryConfigurationDelegate : Bootstrapping Spring Data MongoDB repositories in DEFAULT mode.
2025-11-10 01:02:45.554 [restartedMain]  INFO .s.d.r.c.RepositoryConfigurationDelegate : Finished Spring Data repository scanning in 376 ms. Found 6 MongoDB repository interfaces.
2025-11-10 01:02:48.413 [restartedMain]  INFO o.s.b.w.embedded.tomcat.TomcatWebServer  : Tomcat initialized with port 8089 (http)
2025-11-10 01:02:48.469 [restartedMain]  INFO o.apache.catalina.core.StandardService   : Starting service [Tomcat]
2025-11-10 01:02:48.472 [restartedMain]  INFO o.apache.catalina.core.StandardEngine    : Starting Servlet engine: [Apache Tomcat/10.1.46]
2025-11-10 01:02:48.800 [restartedMain]  INFO o.a.c.c.C.[Tomcat].[localhost].[/api]    : Initializing Spring embedded WebApplicationContext
2025-11-10 01:02:48.800 [restartedMain]  INFO w.s.c.ServletWebServerApplicationContext : Root WebApplicationContext: initialization completed in 5446 ms
2025-11-10 01:02:51.550 [restartedMain] DEBUG c.b.s.security.JwtAuthenticationFilter   : Filter 'jwtAuthenticationFilter' configured for use
2025-11-10 01:02:51.600 [restartedMain]  INFO o.s.b.d.a.OptionalLiveReloadServer       : LiveReload server is running on port 35729
2025-11-10 01:02:51.776 [restartedMain]  INFO eAuthenticationProviderManagerConfigurer : Global AuthenticationManager configured with AuthenticationProvider bean with name authenticationProvider
2025-11-10 01:02:51.776 [restartedMain]  WARN r$InitializeUserDetailsManagerConfigurer : Global AuthenticationManager configured with an AuthenticationProvider bean. UserDetailsService beans will not be used by Spring Security for automatically configuring username/password login. Consider removing the AuthenticationProvider bean. Alternatively, consider using the UserDetailsService in a manually instantiated DaoAuthenticationProvider. If the current configuration is intentional, to turn off this warning, increase the logging level of 'org.springframework.security.config.annotation.authentication.configuration.InitializeUserDetailsBeanManagerConfigurer' to ERROR
2025-11-10 01:02:53.877 [restartedMain]  INFO o.s.b.a.e.web.EndpointLinksResolver      : Exposing 1 endpoint beneath base path '/actuator'
2025-11-10 01:02:54.275 [restartedMain]  INFO o.s.v.b.OptionalValidatorFactoryBean     : Failed to set up a Bean Validation provider: jakarta.validation.NoProviderFoundException: Unable to create a Configuration, because no Jakarta Validation provider could be found. Add a provider like Hibernate Validator (RI) to your classpath.
2025-11-10 01:02:55.100 [restartedMain]  INFO o.s.b.w.embedded.tomcat.TomcatWebServer  : Tomcat started on port 8089 (http) with context path '/api'
2025-11-10 01:02:55.132 [restartedMain]  INFO com.book.swap.BookSwapApplication        : Started BookSwapApplication in 13.143 seconds (process running for 14.225)
2025-11-10 01:03:40.309 [main]  INFO com.book.swap.BookSwapApplication        : Starting BookSwapApplication using Java 17.0.16 with PID 13360 (C:\Users\dell\Desktop\books\book-swap\build\classes\java\main started by dell in C:\Users\dell\Desktop\books\book-swap)
2025-11-10 01:03:40.311 [main] DEBUG com.book.swap.BookSwapApplication        : Running with Spring Boot v3.5.6, Spring v6.2.11
2025-11-10 01:03:40.311 [main]  INFO com.book.swap.BookSwapApplication        : No active profile set, falling back to 1 default profile: "default"
2025-11-10 01:03:42.059 [main]  INFO .s.d.r.c.RepositoryConfigurationDelegate : Bootstrapping Spring Data MongoDB repositories in DEFAULT mode.
2025-11-10 01:03:42.268 [main]  INFO .s.d.r.c.RepositoryConfigurationDelegate : Finished Spring Data repository scanning in 196 ms. Found 6 MongoDB repository interfaces.
2025-11-10 01:03:46.310 [main]  INFO anValidationBeanRegistrationAotProcessor : No Bean Validation provider available - skipping validation constraint hint inference
2025-11-10 01:03:56.483 [restartedMain]  INFO com.book.swap.BookSwapApplication        : Starting BookSwapApplication using Java 23.0.2 with PID 19116 (C:\Users\dell\Desktop\books\book-swap\build\classes\java\main started by dell in C:\Users\dell\Desktop\books\book-swap)
2025-11-10 01:03:56.487 [restartedMain] DEBUG com.book.swap.BookSwapApplication        : Running with Spring Boot v3.5.6, Spring v6.2.11
2025-11-10 01:03:56.489 [restartedMain]  INFO com.book.swap.BookSwapApplication        : No active profile set, falling back to 1 default profile: "default"
2025-11-10 01:03:56.663 [restartedMain]  INFO .e.DevToolsPropertyDefaultsPostProcessor : Devtools property defaults active! Set 'spring.devtools.add-properties' to 'false' to disable
2025-11-10 01:03:56.663 [restartedMain]  INFO .e.DevToolsPropertyDefaultsPostProcessor : For additional web related logging consider setting the 'logging.level.web' property to 'DEBUG'
2025-11-10 01:03:58.283 [restartedMain]  INFO .s.d.r.c.RepositoryConfigurationDelegate : Bootstrapping Spring Data MongoDB repositories in DEFAULT mode.
2025-11-10 01:03:58.479 [restartedMain]  INFO .s.d.r.c.RepositoryConfigurationDelegate : Finished Spring Data repository scanning in 183 ms. Found 6 MongoDB repository interfaces.
2025-11-10 01:04:00.780 [restartedMain]  INFO o.s.b.w.embedded.tomcat.TomcatWebServer  : Tomcat initialized with port 8089 (http)
2025-11-10 01:04:00.820 [restartedMain]  INFO o.apache.catalina.core.StandardService   : Starting service [Tomcat]
2025-11-10 01:04:00.820 [restartedMain]  INFO o.apache.catalina.core.StandardEngine    : Starting Servlet engine: [Apache Tomcat/10.1.46]
2025-11-10 01:04:01.041 [restartedMain]  INFO o.a.c.c.C.[Tomcat].[localhost].[/api]    : Initializing Spring embedded WebApplicationContext
2025-11-10 01:04:01.047 [restartedMain]  INFO w.s.c.ServletWebServerApplicationContext : Root WebApplicationContext: initialization completed in 4376 ms
2025-11-10 01:04:03.064 [restartedMain] DEBUG c.b.s.security.JwtAuthenticationFilter   : Filter 'jwtAuthenticationFilter' configured for use
2025-11-10 01:04:03.113 [restartedMain]  INFO o.s.b.d.a.OptionalLiveReloadServer       : LiveReload server is running on port 35729
2025-11-10 01:04:03.240 [restartedMain]  INFO eAuthenticationProviderManagerConfigurer : Global AuthenticationManager configured with AuthenticationProvider bean with name authenticationProvider
2025-11-10 01:04:03.242 [restartedMain]  WARN r$InitializeUserDetailsManagerConfigurer : Global AuthenticationManager configured with an AuthenticationProvider bean. UserDetailsService beans will not be used by Spring Security for automatically configuring username/password login. Consider removing the AuthenticationProvider bean. Alternatively, consider using the UserDetailsService in a manually instantiated DaoAuthenticationProvider. If the current configuration is intentional, to turn off this warning, increase the logging level of 'org.springframework.security.config.annotation.authentication.configuration.InitializeUserDetailsBeanManagerConfigurer' to ERROR
2025-11-10 01:04:05.422 [restartedMain]  INFO o.s.b.a.e.web.EndpointLinksResolver      : Exposing 1 endpoint beneath base path '/actuator'
2025-11-10 01:04:05.821 [restartedMain]  INFO o.s.v.b.OptionalValidatorFactoryBean     : Failed to set up a Bean Validation provider: jakarta.validation.NoProviderFoundException: Unable to create a Configuration, because no Jakarta Validation provider could be found. Add a provider like Hibernate Validator (RI) to your classpath.
2025-11-10 01:04:06.722 [restartedMain]  INFO o.s.b.w.embedded.tomcat.TomcatWebServer  : Tomcat started on port 8089 (http) with context path '/api'
2025-11-10 01:04:06.754 [restartedMain]  INFO com.book.swap.BookSwapApplication        : Started BookSwapApplication in 11.377 seconds (process running for 12.167)
2025-11-10 01:04:14.401 [http-nio-8089-exec-1]  INFO o.a.c.c.C.[Tomcat].[localhost].[/api]    : Initializing Spring DispatcherServlet 'dispatcherServlet'
2025-11-10 01:04:14.401 [http-nio-8089-exec-1]  INFO o.s.web.servlet.DispatcherServlet        : Initializing Servlet 'dispatcherServlet'
2025-11-10 01:04:14.403 [http-nio-8089-exec-1]  INFO o.s.web.servlet.DispatcherServlet        : Completed initialization in 1 ms
2025-11-10 01:04:14.461 [http-nio-8089-exec-1] DEBUG c.b.s.security.JwtAuthenticationFilter   : ➡️ Incoming request path: /api/user/get-all-users
2025-11-10 01:04:14.743 [http-nio-8089-exec-1] DEBUG c.b.s.security.CustomUserDetailsService  : Loaded user: alpha@gmail.com with roles [ROLE_USER]
2025-11-10 01:04:14.753 [http-nio-8089-exec-1] DEBUG com.book.swap.security.JwtService        : Checking token for username alpha@gmail.com, alpha@gmail.com
2025-11-10 01:04:14.758 [http-nio-8089-exec-1] DEBUG com.book.swap.security.JwtService        : Token expired for isValid false
2025-11-10 01:04:14.760 [http-nio-8089-exec-1] DEBUG c.b.s.security.JwtAuthenticationFilter   : ✅ User authenticated successfully: alpha@gmail.com
2025-11-10 01:05:11.880 [main]  INFO com.book.swap.BookSwapApplication        : Starting BookSwapApplication using Java 17.0.16 with PID 26788 (C:\Users\dell\Desktop\books\book-swap\build\classes\java\main started by dell in C:\Users\dell\Desktop\books\book-swap)
2025-11-10 01:05:11.882 [main] DEBUG com.book.swap.BookSwapApplication        : Running with Spring Boot v3.5.6, Spring v6.2.11
2025-11-10 01:05:11.884 [main]  INFO com.book.swap.BookSwapApplication        : No active profile set, falling back to 1 default profile: "default"
2025-11-10 01:05:13.566 [main]  INFO .s.d.r.c.RepositoryConfigurationDelegate : Bootstrapping Spring Data MongoDB repositories in DEFAULT mode.
2025-11-10 01:05:13.777 [main]  INFO .s.d.r.c.RepositoryConfigurationDelegate : Finished Spring Data repository scanning in 201 ms. Found 6 MongoDB repository interfaces.
2025-11-10 01:05:17.391 [main]  INFO anValidationBeanRegistrationAotProcessor : No Bean Validation provider available - skipping validation constraint hint inference
2025-11-10 01:05:27.962 [restartedMain]  INFO com.book.swap.BookSwapApplication        : Starting BookSwapApplication using Java 23.0.2 with PID 28908 (C:\Users\dell\Desktop\books\book-swap\build\classes\java\main started by dell in C:\Users\dell\Desktop\books\book-swap)
2025-11-10 01:05:27.965 [restartedMain] DEBUG com.book.swap.BookSwapApplication        : Running with Spring Boot v3.5.6, Spring v6.2.11
2025-11-10 01:05:27.966 [restartedMain]  INFO com.book.swap.BookSwapApplication        : No active profile set, falling back to 1 default profile: "default"
2025-11-10 01:05:28.136 [restartedMain]  INFO .e.DevToolsPropertyDefaultsPostProcessor : Devtools property defaults active! Set 'spring.devtools.add-properties' to 'false' to disable
2025-11-10 01:05:28.137 [restartedMain]  INFO .e.DevToolsPropertyDefaultsPostProcessor : For additional web related logging consider setting the 'logging.level.web' property to 'DEBUG'
2025-11-10 01:05:29.773 [restartedMain]  INFO .s.d.r.c.RepositoryConfigurationDelegate : Bootstrapping Spring Data MongoDB repositories in DEFAULT mode.
2025-11-10 01:05:29.985 [restartedMain]  INFO .s.d.r.c.RepositoryConfigurationDelegate : Finished Spring Data repository scanning in 200 ms. Found 6 MongoDB repository interfaces.
2025-11-10 01:05:32.002 [restartedMain]  INFO o.s.b.w.embedded.tomcat.TomcatWebServer  : Tomcat initialized with port 8089 (http)
2025-11-10 01:05:32.039 [restartedMain]  INFO o.apache.catalina.core.StandardService   : Starting service [Tomcat]
2025-11-10 01:05:32.040 [restartedMain]  INFO o.apache.catalina.core.StandardEngine    : Starting Servlet engine: [Apache Tomcat/10.1.46]
2025-11-10 01:05:32.131 [restartedMain]  INFO o.a.c.c.C.[Tomcat].[localhost].[/api]    : Initializing Spring embedded WebApplicationContext
2025-11-10 01:05:32.133 [restartedMain]  INFO w.s.c.ServletWebServerApplicationContext : Root WebApplicationContext: initialization completed in 3993 ms
2025-11-10 01:05:34.223 [restartedMain] DEBUG c.b.s.security.JwtAuthenticationFilter   : Filter 'jwtAuthenticationFilter' configured for use
2025-11-10 01:05:34.329 [restartedMain]  INFO o.s.b.d.a.OptionalLiveReloadServer       : LiveReload server is running on port 35729
2025-11-10 01:05:34.494 [restartedMain]  INFO eAuthenticationProviderManagerConfigurer : Global AuthenticationManager configured with AuthenticationProvider bean with name authenticationProvider
2025-11-10 01:05:34.495 [restartedMain]  WARN r$InitializeUserDetailsManagerConfigurer : Global AuthenticationManager configured with an AuthenticationProvider bean. UserDetailsService beans will not be used by Spring Security for automatically configuring username/password login. Consider removing the AuthenticationProvider bean. Alternatively, consider using the UserDetailsService in a manually instantiated DaoAuthenticationProvider. If the current configuration is intentional, to turn off this warning, increase the logging level of 'org.springframework.security.config.annotation.authentication.configuration.InitializeUserDetailsBeanManagerConfigurer' to ERROR
2025-11-10 01:05:36.403 [restartedMain]  INFO o.s.b.a.e.web.EndpointLinksResolver      : Exposing 1 endpoint beneath base path '/actuator'
2025-11-10 01:05:36.795 [restartedMain]  INFO o.s.v.b.OptionalValidatorFactoryBean     : Failed to set up a Bean Validation provider: jakarta.validation.NoProviderFoundException: Unable to create a Configuration, because no Jakarta Validation provider could be found. Add a provider like Hibernate Validator (RI) to your classpath.
2025-11-10 01:05:37.895 [restartedMain]  INFO o.s.b.w.embedded.tomcat.TomcatWebServer  : Tomcat started on port 8089 (http) with context path '/api'
2025-11-10 01:05:37.925 [restartedMain]  INFO com.book.swap.BookSwapApplication        : Started BookSwapApplication in 11.065 seconds (process running for 11.851)
2025-11-10 01:05:53.375 [http-nio-8089-exec-1]  INFO o.a.c.c.C.[Tomcat].[localhost].[/api]    : Initializing Spring DispatcherServlet 'dispatcherServlet'
2025-11-10 01:05:53.376 [http-nio-8089-exec-1]  INFO o.s.web.servlet.DispatcherServlet        : Initializing Servlet 'dispatcherServlet'
2025-11-10 01:05:53.378 [http-nio-8089-exec-1]  INFO o.s.web.servlet.DispatcherServlet        : Completed initialization in 2 ms
2025-11-10 01:05:53.433 [http-nio-8089-exec-1] DEBUG c.b.s.security.JwtAuthenticationFilter   : ➡️ Incoming request path: /api/user/get-all-users
2025-11-10 01:05:53.704 [http-nio-8089-exec-1] DEBUG c.b.s.security.CustomUserDetailsService  : Loaded user: alpha@gmail.com with roles [ROLE_USER]
2025-11-10 01:05:53.711 [http-nio-8089-exec-1] DEBUG com.book.swap.security.JwtService        : Checking token for username alpha@gmail.com, alpha@gmail.com
2025-11-10 01:05:53.716 [http-nio-8089-exec-1] DEBUG com.book.swap.security.JwtService        : Token expired for isValid false
2025-11-10 01:05:53.720 [http-nio-8089-exec-1] DEBUG c.b.s.security.JwtAuthenticationFilter   : ✅ User authenticated successfully: alpha@gmail.com
2025-11-10 01:06:24.757 [http-nio-8089-exec-3] DEBUG c.b.s.security.JwtAuthenticationFilter   : ➡️ Incoming request path: /api/user/get-all-users
2025-11-10 01:06:24.832 [http-nio-8089-exec-3] DEBUG c.b.s.security.CustomUserDetailsService  : Loaded user: alpha@gmail.com with roles [ROLE_USER]
2025-11-10 01:06:24.838 [http-nio-8089-exec-3] DEBUG com.book.swap.security.JwtService        : Checking token for username alpha@gmail.com, alpha@gmail.com
2025-11-10 01:06:24.843 [http-nio-8089-exec-3] DEBUG com.book.swap.security.JwtService        : Token expired for isValid false
2025-11-10 01:06:24.844 [http-nio-8089-exec-3] DEBUG c.b.s.security.JwtAuthenticationFilter   : ✅ User authenticated successfully: alpha@gmail.com
2025-11-10 01:06:42.840 [http-nio-8089-exec-4] DEBUG c.b.s.security.JwtAuthenticationFilter   : ➡️ Incoming request path: /api/user/get-all-users
2025-11-10 01:06:42.933 [http-nio-8089-exec-4] DEBUG c.b.s.security.CustomUserDetailsService  : Loaded user: alpha@gmail.com with roles [ROLE_USER]
2025-11-10 01:06:42.935 [http-nio-8089-exec-4] DEBUG com.book.swap.security.JwtService        : Checking token for username alpha@gmail.com, alpha@gmail.com
2025-11-10 01:06:42.937 [http-nio-8089-exec-4] DEBUG com.book.swap.security.JwtService        : Token expired for isValid false
2025-11-10 01:06:42.937 [http-nio-8089-exec-4] DEBUG c.b.s.security.JwtAuthenticationFilter   : ✅ User authenticated successfully: alpha@gmail.com
2025-11-10 01:06:43.220 [http-nio-8089-exec-4] ERROR c.b.s.c.GlobalExceptionHandler           : Unexpected error: toIndex = 10
java.lang.IndexOutOfBoundsException: toIndex = 10
	at java.base/java.util.AbstractList.subListRangeCheck(AbstractList.java:509)
	at java.base/java.util.ArrayList.subList(ArrayList.java:1191)
	at com.book.swap.services.UserService.getAllUsers(UserService.java:75)
	at com.book.swap.controllers.users.UserController.getUsers(UserController.java:35)
	at java.base/jdk.internal.reflect.DirectMethodHandleAccessor.invoke(DirectMethodHandleAccessor.java:103)
	at java.base/java.lang.reflect.Method.invoke(Method.java:580)
	at org.springframework.aop.support.AopUtils.invokeJoinpointUsingReflection(AopUtils.java:360)
	at org.springframework.aop.framework.ReflectiveMethodInvocation.invokeJoinpoint(ReflectiveMethodInvocation.java:196)
	at org.springframework.aop.framework.ReflectiveMethodInvocation.proceed(ReflectiveMethodInvocation.java:163)
	at org.springframework.security.authorization.method.AuthorizationManagerBeforeMethodInterceptor.proceed(AuthorizationManagerBeforeMethodInterceptor.java:268)
	at org.springframework.security.authorization.method.AuthorizationManagerBeforeMethodInterceptor.attemptAuthorization(AuthorizationManagerBeforeMethodInterceptor.java:263)
	at org.springframework.security.authorization.method.AuthorizationManagerBeforeMethodInterceptor.invoke(AuthorizationManagerBeforeMethodInterceptor.java:196)
	at org.springframework.security.config.annotation.method.configuration.DeferringMethodInterceptor.invoke(DeferringMethodInterceptor.java:44)
	at org.springframework.aop.framework.ReflectiveMethodInvocation.proceed(ReflectiveMethodInvocation.java:184)
	at org.springframework.aop.framework.CglibAopProxy$DynamicAdvisedInterceptor.intercept(CglibAopProxy.java:728)
	at com.book.swap.controllers.users.UserController$$SpringCGLIB$$0.getUsers(<generated>)
	at java.base/jdk.internal.reflect.DirectMethodHandleAccessor.invoke(DirectMethodHandleAccessor.java:103)
	at java.base/java.lang.reflect.Method.invoke(Method.java:580)
	at org.springframework.web.method.support.InvocableHandlerMethod.doInvoke(InvocableHandlerMethod.java:258)
	at org.springframework.web.method.support.InvocableHandlerMethod.invokeForRequest(InvocableHandlerMethod.java:191)
	at org.springframework.web.servlet.mvc.method.annotation.ServletInvocableHandlerMethod.invokeAndHandle(ServletInvocableHandlerMethod.java:118)
	at org.springframework.web.servlet.mvc.method.annotation.RequestMappingHandlerAdapter.invokeHandlerMethod(RequestMappingHandlerAdapter.java:991)
	at org.springframework.web.servlet.mvc.method.annotation.RequestMappingHandlerAdapter.handleInternal(RequestMappingHandlerAdapter.java:896)
	at org.springframework.web.servlet.mvc.method.AbstractHandlerMethodAdapter.handle(AbstractHandlerMethodAdapter.java:87)
	at org.springframework.web.servlet.DispatcherServlet.doDispatch(DispatcherServlet.java:1089)
	at org.springframework.web.servlet.DispatcherServlet.doService(DispatcherServlet.java:979)
	at org.springframework.web.servlet.FrameworkServlet.processRequest(FrameworkServlet.java:1014)
	at org.springframework.web.servlet.FrameworkServlet.doGet(FrameworkServlet.java:903)
	at jakarta.servlet.http.HttpServlet.service(HttpServlet.java:564)
	at org.springframework.web.servlet.FrameworkServlet.service(FrameworkServlet.java:885)
	at jakarta.servlet.http.HttpServlet.service(HttpServlet.java:658)
	at org.apache.catalina.core.ApplicationFilterChain.internalDoFilter(ApplicationFilterChain.java:195)
	at org.apache.catalina.core.ApplicationFilterChain.doFilter(ApplicationFilterChain.java:140)
	at org.apache.tomcat.websocket.server.WsFilter.doFilter(WsFilter.java:51)
	at org.apache.catalina.core.ApplicationFilterChain.internalDoFilter(ApplicationFilterChain.java:164)
	at org.apache.catalina.core.ApplicationFilterChain.doFilter(ApplicationFilterChain.java:140)
	at org.springframework.web.filter.OncePerRequestFilter.doFilter(OncePerRequestFilter.java:110)
	at org.apache.catalina.core.ApplicationFilterChain.internalDoFilter(ApplicationFilterChain.java:164)
	at org.apache.catalina.core.ApplicationFilterChain.doFilter(ApplicationFilterChain.java:140)
	at org.springframework.web.filter.CompositeFilter$VirtualFilterChain.doFilter(CompositeFilter.java:108)
	at org.springframework.web.filter.CompositeFilter$VirtualFilterChain.doFilter(CompositeFilter.java:108)
	at org.springframework.security.web.FilterChainProxy.lambda$doFilterInternal$3(FilterChainProxy.java:231)
	at org.springframework.security.web.ObservationFilterChainDecorator$FilterObservation$SimpleFilterObservation.lambda$wrap$1(ObservationFilterChainDecorator.java:490)
	at org.springframework.security.web.ObservationFilterChainDecorator$AroundFilterObservation$SimpleAroundFilterObservation.lambda$wrap$1(ObservationFilterChainDecorator.java:351)
	at org.springframework.security.web.ObservationFilterChainDecorator.lambda$wrapSecured$0(ObservationFilterChainDecorator.java:83)
	at org.springframework.security.web.ObservationFilterChainDecorator$VirtualFilterChain.doFilter(ObservationFilterChainDecorator.java:129)
	at org.springframework.security.web.access.intercept.AuthorizationFilter.doFilter(AuthorizationFilter.java:101)
	at org.springframework.security.web.ObservationFilterChainDecorator$ObservationFilter.wrapFilter(ObservationFilterChainDecorator.java:241)
	at org.springframework.security.web.ObservationFilterChainDecorator$ObservationFilter.doFilter(ObservationFilterChainDecorator.java:228)
	at org.springframework.security.web.ObservationFilterChainDecorator$VirtualFilterChain.doFilter(ObservationFilterChainDecorator.java:138)
	at org.springframework.security.web.access.ExceptionTranslationFilter.doFilter(ExceptionTranslationFilter.java:125)
	at org.springframework.security.web.access.ExceptionTranslationFilter.doFilter(ExceptionTranslationFilter.java:119)
	at org.springframework.security.web.ObservationFilterChainDecorator$ObservationFilter.wrapFilter(ObservationFilterChainDecorator.java:241)
	at org.springframework.security.web.ObservationFilterChainDecorator$ObservationFilter.doFilter(ObservationFilterChainDecorator.java:228)
	at org.springframework.security.web.ObservationFilterChainDecorator$VirtualFilterChain.doFilter(ObservationFilterChainDecorator.java:138)
	at org.springframework.security.web.session.SessionManagementFilter.doFilter(SessionManagementFilter.java:131)
	at org.springframework.security.web.session.SessionManagementFilter.doFilter(SessionManagementFilter.java:85)
	at org.springframework.security.web.ObservationFilterChainDecorator$ObservationFilter.wrapFilter(ObservationFilterChainDecorator.java:241)
	at org.springframework.security.web.ObservationFilterChainDecorator$ObservationFilter.doFilter(ObservationFilterChainDecorator.java:228)
	at org.springframework.security.web.ObservationFilterChainDecorator$VirtualFilterChain.doFilter(ObservationFilterChainDecorator.java:138)
	at org.springframework.security.web.authentication.AnonymousAuthenticationFilter.doFilter(AnonymousAuthenticationFilter.java:100)
	at org.springframework.security.web.ObservationFilterChainDecorator$ObservationFilter.wrapFilter(ObservationFilterChainDecorator.java:241)
	at org.springframework.security.web.ObservationFilterChainDecorator$ObservationFilter.doFilter(ObservationFilterChainDecorator.java:228)
	at org.springframework.security.web.ObservationFilterChainDecorator$VirtualFilterChain.doFilter(ObservationFilterChainDecorator.java:138)
	at org.springframework.security.web.servletapi.SecurityContextHolderAwareRequestFilter.doFilter(SecurityContextHolderAwareRequestFilter.java:179)
	at org.springframework.security.web.ObservationFilterChainDecorator$ObservationFilter.wrapFilter(ObservationFilterChainDecorator.java:241)
	at org.springframework.security.web.ObservationFilterChainDecorator$ObservationFilter.doFilter(ObservationFilterChainDecorator.java:228)
	at org.springframework.security.web.ObservationFilterChainDecorator$VirtualFilterChain.doFilter(ObservationFilterChainDecorator.java:138)
	at org.springframework.security.web.savedrequest.RequestCacheAwareFilter.doFilter(RequestCacheAwareFilter.java:63)
	at org.springframework.security.web.ObservationFilterChainDecorator$ObservationFilter.wrapFilter(ObservationFilterChainDecorator.java:241)
	at org.springframework.security.web.ObservationFilterChainDecorator$ObservationFilter.doFilter(ObservationFilterChainDecorator.java:228)
	at org.springframework.security.web.ObservationFilterChainDecorator$VirtualFilterChain.doFilter(ObservationFilterChainDecorator.java:138)
	at com.book.swap.security.JwtAuthenticationFilter.doFilterInternal(JwtAuthenticationFilter.java:92)
	at org.springframework.web.filter.OncePerRequestFilter.doFilter(OncePerRequestFilter.java:116)
	at org.springframework.security.web.ObservationFilterChainDecorator$ObservationFilter.wrapFilter(ObservationFilterChainDecorator.java:241)
	at org.springframework.security.web.ObservationFilterChainDecorator$ObservationFilter.doFilter(ObservationFilterChainDecorator.java:228)
	at org.springframework.security.web.ObservationFilterChainDecorator$VirtualFilterChain.doFilter(ObservationFilterChainDecorator.java:138)
	at org.springframework.security.web.authentication.logout.LogoutFilter.doFilter(LogoutFilter.java:107)
	at org.springframework.security.web.authentication.logout.LogoutFilter.doFilter(LogoutFilter.java:93)
	at org.springframework.security.web.ObservationFilterChainDecorator$ObservationFilter.wrapFilter(ObservationFilterChainDecorator.java:241)
	at org.springframework.security.web.ObservationFilterChainDecorator$ObservationFilter.doFilter(ObservationFilterChainDecorator.java:228)
	at org.springframework.security.web.ObservationFilterChainDecorator$VirtualFilterChain.doFilter(ObservationFilterChainDecorator.java:138)
	at org.springframework.web.filter.CorsFilter.doFilterInternal(CorsFilter.java:91)
	at org.springframework.web.filter.OncePerRequestFilter.doFilter(OncePerRequestFilter.java:116)
	at org.springframework.security.web.ObservationFilterChainDecorator$ObservationFilter.wrapFilter(ObservationFilterChainDecorator.java:241)
	at org.springframework.security.web.ObservationFilterChainDecorator$ObservationFilter.doFilter(ObservationFilterChainDecorator.java:228)
	at org.springframework.security.web.ObservationFilterChainDecorator$VirtualFilterChain.doFilter(ObservationFilterChainDecorator.java:138)
	at org.springframework.security.web.header.HeaderWriterFilter.doHeadersAfter(HeaderWriterFilter.java:90)
	at org.springframework.security.web.header.HeaderWriterFilter.doFilterInternal(HeaderWriterFilter.java:75)
	at org.springframework.web.filter.OncePerRequestFilter.doFilter(OncePerRequestFilter.java:116)
	at org.springframework.security.web.ObservationFilterChainDecorator$ObservationFilter.wrapFilter(ObservationFilterChainDecorator.java:241)
	at org.springframework.security.web.ObservationFilterChainDecorator$ObservationFilter.doFilter(ObservationFilterChainDecorator.java:228)
	at org.springframework.security.web.ObservationFilterChainDecorator$VirtualFilterChain.doFilter(ObservationFilterChainDecorator.java:138)
	at org.springframework.security.web.context.SecurityContextHolderFilter.doFilter(SecurityContextHolderFilter.java:82)
	at org.springframework.security.web.context.SecurityContextHolderFilter.doFilter(SecurityContextHolderFilter.java:69)
	at org.springframework.security.web.ObservationFilterChainDecorator$ObservationFilter.wrapFilter(ObservationFilterChainDecorator.java:241)
	at org.springframework.security.web.ObservationFilterChainDecorator$ObservationFilter.doFilter(ObservationFilterChainDecorator.java:228)
	at org.springframework.security.web.ObservationFilterChainDecorator$VirtualFilterChain.doFilter(ObservationFilterChainDecorator.java:138)
	at org.springframework.security.web.context.request.async.WebAsyncManagerIntegrationFilter.doFilterInternal(WebAsyncManagerIntegrationFilter.java:62)
	at org.springframework.web.filter.OncePerRequestFilter.doFilter(OncePerRequestFilter.java:116)
	at org.springframework.security.web.ObservationFilterChainDecorator$ObservationFilter.wrapFilter(ObservationFilterChainDecorator.java:241)
	at org.springframework.security.web.ObservationFilterChainDecorator$ObservationFilter.doFilter(ObservationFilterChainDecorator.java:228)
	at org.springframework.security.web.ObservationFilterChainDecorator$VirtualFilterChain.doFilter(ObservationFilterChainDecorator.java:138)
	at org.springframework.security.web.session.DisableEncodeUrlFilter.doFilterInternal(DisableEncodeUrlFilter.java:42)
	at org.springframework.web.filter.OncePerRequestFilter.doFilter(OncePerRequestFilter.java:116)
	at org.springframework.security.web.ObservationFilterChainDecorator$ObservationFilter.wrapFilter(ObservationFilterChainDecorator.java:241)
	at org.springframework.security.web.ObservationFilterChainDecorator$AroundFilterObservation$SimpleAroundFilterObservation.lambda$wrap$0(ObservationFilterChainDecorator.java:334)
	at org.springframework.security.web.ObservationFilterChainDecorator$ObservationFilter.doFilter(ObservationFilterChainDecorator.java:225)
	at org.springframework.security.web.ObservationFilterChainDecorator$VirtualFilterChain.doFilter(ObservationFilterChainDecorator.java:138)
	at org.springframework.security.web.FilterChainProxy.doFilterInternal(FilterChainProxy.java:233)
	at org.springframework.security.web.FilterChainProxy.doFilter(FilterChainProxy.java:191)
	at org.springframework.web.filter.CompositeFilter$VirtualFilterChain.doFilter(CompositeFilter.java:113)
	at org.springframework.web.filter.ServletRequestPathFilter.doFilter(ServletRequestPathFilter.java:52)
	at org.springframework.web.filter.CompositeFilter$VirtualFilterChain.doFilter(CompositeFilter.java:113)
	at org.springframework.web.filter.CompositeFilter.doFilter(CompositeFilter.java:74)
	at org.springframework.security.config.annotation.web.configuration.WebSecurityConfiguration$CompositeFilterChainProxy.doFilter(WebSecurityConfiguration.java:319)
	at org.springframework.web.filter.CompositeFilter$VirtualFilterChain.doFilter(CompositeFilter.java:113)
	at org.springframework.web.servlet.handler.HandlerMappingIntrospector.lambda$createCacheFilter$4(HandlerMappingIntrospector.java:267)
	at org.springframework.web.filter.CompositeFilter$VirtualFilterChain.doFilter(CompositeFilter.java:113)
	at org.springframework.web.filter.CompositeFilter.doFilter(CompositeFilter.java:74)
	at org.springframework.security.config.annotation.web.configuration.WebMvcSecurityConfiguration$CompositeFilterChainProxy.doFilter(WebMvcSecurityConfiguration.java:240)
	at org.springframework.web.filter.DelegatingFilterProxy.invokeDelegate(DelegatingFilterProxy.java:362)
	at org.springframework.web.filter.DelegatingFilterProxy.doFilter(DelegatingFilterProxy.java:278)
	at org.apache.catalina.core.ApplicationFilterChain.internalDoFilter(ApplicationFilterChain.java:164)
	at org.apache.catalina.core.ApplicationFilterChain.doFilter(ApplicationFilterChain.java:140)
	at org.springframework.web.filter.RequestContextFilter.doFilterInternal(RequestContextFilter.java:100)
	at org.springframework.web.filter.OncePerRequestFilter.doFilter(OncePerRequestFilter.java:116)
	at org.apache.catalina.core.ApplicationFilterChain.internalDoFilter(ApplicationFilterChain.java:164)
	at org.apache.catalina.core.ApplicationFilterChain.doFilter(ApplicationFilterChain.java:140)
	at org.springframework.web.filter.FormContentFilter.doFilterInternal(FormContentFilter.java:93)
	at org.springframework.web.filter.OncePerRequestFilter.doFilter(OncePerRequestFilter.java:116)
	at org.apache.catalina.core.ApplicationFilterChain.internalDoFilter(ApplicationFilterChain.java:164)
	at org.apache.catalina.core.ApplicationFilterChain.doFilter(ApplicationFilterChain.java:140)
	at org.springframework.web.filter.ServerHttpObservationFilter.doFilterInternal(ServerHttpObservationFilter.java:110)
	at org.springframework.web.filter.OncePerRequestFilter.doFilter(OncePerRequestFilter.java:116)
	at org.apache.catalina.core.ApplicationFilterChain.internalDoFilter(ApplicationFilterChain.java:164)
	at org.apache.catalina.core.ApplicationFilterChain.doFilter(ApplicationFilterChain.java:140)
	at org.springframework.web.filter.CharacterEncodingFilter.doFilterInternal(CharacterEncodingFilter.java:201)
	at org.springframework.web.filter.OncePerRequestFilter.doFilter(OncePerRequestFilter.java:116)
	at org.apache.catalina.core.ApplicationFilterChain.internalDoFilter(ApplicationFilterChain.java:164)
	at org.apache.catalina.core.ApplicationFilterChain.doFilter(ApplicationFilterChain.java:140)
	at org.apache.catalina.core.StandardWrapperValve.invoke(StandardWrapperValve.java:167)
	at org.apache.catalina.core.StandardContextValve.invoke(StandardContextValve.java:90)
	at org.apache.catalina.authenticator.AuthenticatorBase.invoke(AuthenticatorBase.java:483)
	at org.apache.catalina.core.StandardHostValve.invoke(StandardHostValve.java:116)
	at org.apache.catalina.valves.ErrorReportValve.invoke(ErrorReportValve.java:93)
	at org.apache.catalina.core.StandardEngineValve.invoke(StandardEngineValve.java:74)
	at org.apache.catalina.connector.CoyoteAdapter.service(CoyoteAdapter.java:344)
	at org.apache.coyote.http11.Http11Processor.service(Http11Processor.java:398)
	at org.apache.coyote.AbstractProcessorLight.process(AbstractProcessorLight.java:63)
	at org.apache.coyote.AbstractProtocol$ConnectionHandler.process(AbstractProtocol.java:903)
	at org.apache.tomcat.util.net.NioEndpoint$SocketProcessor.doRun(NioEndpoint.java:1776)
	at org.apache.tomcat.util.net.SocketProcessorBase.run(SocketProcessorBase.java:52)
	at org.apache.tomcat.util.threads.ThreadPoolExecutor.runWorker(ThreadPoolExecutor.java:975)
	at org.apache.tomcat.util.threads.ThreadPoolExecutor$Worker.run(ThreadPoolExecutor.java:493)
	at org.apache.tomcat.util.threads.TaskThread$WrappingRunnable.run(TaskThread.java:63)
	at java.base/java.lang.Thread.run(Thread.java:1575)
2025-11-10 01:06:43.292 [http-nio-8089-exec-4]  WARN .m.m.a.ExceptionHandlerExceptionResolver : Resolved [java.lang.IndexOutOfBoundsException: toIndex = 10]
2025-11-10 01:08:00.535 [main]  INFO com.book.swap.BookSwapApplication        : Starting BookSwapApplication using Java 17.0.16 with PID 25788 (C:\Users\dell\Desktop\books\book-swap\build\classes\java\main started by dell in C:\Users\dell\Desktop\books\book-swap)
2025-11-10 01:08:00.538 [main] DEBUG com.book.swap.BookSwapApplication        : Running with Spring Boot v3.5.6, Spring v6.2.11
2025-11-10 01:08:00.539 [main]  INFO com.book.swap.BookSwapApplication        : No active profile set, falling back to 1 default profile: "default"
2025-11-10 01:08:02.150 [main]  INFO .s.d.r.c.RepositoryConfigurationDelegate : Bootstrapping Spring Data MongoDB repositories in DEFAULT mode.
2025-11-10 01:08:02.392 [main]  INFO .s.d.r.c.RepositoryConfigurationDelegate : Finished Spring Data repository scanning in 228 ms. Found 6 MongoDB repository interfaces.
2025-11-10 01:08:05.412 [main]  INFO anValidationBeanRegistrationAotProcessor : No Bean Validation provider available - skipping validation constraint hint inference
2025-11-10 01:08:18.127 [restartedMain]  INFO com.book.swap.BookSwapApplication        : Starting BookSwapApplication using Java 23.0.2 with PID 18248 (C:\Users\dell\Desktop\books\book-swap\build\classes\java\main started by dell in C:\Users\dell\Desktop\books\book-swap)
2025-11-10 01:08:18.130 [restartedMain] DEBUG com.book.swap.BookSwapApplication        : Running with Spring Boot v3.5.6, Spring v6.2.11
2025-11-10 01:08:18.132 [restartedMain]  INFO com.book.swap.BookSwapApplication        : No active profile set, falling back to 1 default profile: "default"
2025-11-10 01:08:18.335 [restartedMain]  INFO .e.DevToolsPropertyDefaultsPostProcessor : Devtools property defaults active! Set 'spring.devtools.add-properties' to 'false' to disable
2025-11-10 01:08:18.335 [restartedMain]  INFO .e.DevToolsPropertyDefaultsPostProcessor : For additional web related logging consider setting the 'logging.level.web' property to 'DEBUG'
2025-11-10 01:08:19.982 [restartedMain]  INFO .s.d.r.c.RepositoryConfigurationDelegate : Bootstrapping Spring Data MongoDB repositories in DEFAULT mode.
2025-11-10 01:08:20.178 [restartedMain]  INFO .s.d.r.c.RepositoryConfigurationDelegate : Finished Spring Data repository scanning in 184 ms. Found 6 MongoDB repository interfaces.
2025-11-10 01:08:22.123 [restartedMain]  INFO o.s.b.w.embedded.tomcat.TomcatWebServer  : Tomcat initialized with port 8089 (http)
2025-11-10 01:08:22.154 [restartedMain]  INFO o.apache.catalina.core.StandardService   : Starting service [Tomcat]
2025-11-10 01:08:22.155 [restartedMain]  INFO o.apache.catalina.core.StandardEngine    : Starting Servlet engine: [Apache Tomcat/10.1.46]
2025-11-10 01:08:22.484 [restartedMain]  INFO o.a.c.c.C.[Tomcat].[localhost].[/api]    : Initializing Spring embedded WebApplicationContext
2025-11-10 01:08:22.486 [restartedMain]  INFO w.s.c.ServletWebServerApplicationContext : Root WebApplicationContext: initialization completed in 4149 ms
2025-11-10 01:08:24.884 [restartedMain] DEBUG c.b.s.security.JwtAuthenticationFilter   : Filter 'jwtAuthenticationFilter' configured for use
2025-11-10 01:08:24.925 [restartedMain]  INFO o.s.b.d.a.OptionalLiveReloadServer       : LiveReload server is running on port 35729
2025-11-10 01:08:25.105 [restartedMain]  INFO eAuthenticationProviderManagerConfigurer : Global AuthenticationManager configured with AuthenticationProvider bean with name authenticationProvider
2025-11-10 01:08:25.106 [restartedMain]  WARN r$InitializeUserDetailsManagerConfigurer : Global AuthenticationManager configured with an AuthenticationProvider bean. UserDetailsService beans will not be used by Spring Security for automatically configuring username/password login. Consider removing the AuthenticationProvider bean. Alternatively, consider using the UserDetailsService in a manually instantiated DaoAuthenticationProvider. If the current configuration is intentional, to turn off this warning, increase the logging level of 'org.springframework.security.config.annotation.authentication.configuration.InitializeUserDetailsBeanManagerConfigurer' to ERROR
2025-11-10 01:08:27.052 [restartedMain]  INFO o.s.b.a.e.web.EndpointLinksResolver      : Exposing 1 endpoint beneath base path '/actuator'
2025-11-10 01:08:27.417 [restartedMain]  INFO o.s.v.b.OptionalValidatorFactoryBean     : Failed to set up a Bean Validation provider: jakarta.validation.NoProviderFoundException: Unable to create a Configuration, because no Jakarta Validation provider could be found. Add a provider like Hibernate Validator (RI) to your classpath.
2025-11-10 01:08:28.270 [restartedMain]  INFO o.s.b.w.embedded.tomcat.TomcatWebServer  : Tomcat started on port 8089 (http) with context path '/api'
2025-11-10 01:08:28.304 [restartedMain]  INFO com.book.swap.BookSwapApplication        : Started BookSwapApplication in 11.35 seconds (process running for 12.265)
2025-11-10 01:08:38.235 [http-nio-8089-exec-1]  INFO o.a.c.c.C.[Tomcat].[localhost].[/api]    : Initializing Spring DispatcherServlet 'dispatcherServlet'
2025-11-10 01:08:38.235 [http-nio-8089-exec-1]  INFO o.s.web.servlet.DispatcherServlet        : Initializing Servlet 'dispatcherServlet'
2025-11-10 01:08:38.238 [http-nio-8089-exec-1]  INFO o.s.web.servlet.DispatcherServlet        : Completed initialization in 2 ms
2025-11-10 01:08:38.314 [http-nio-8089-exec-1] DEBUG c.b.s.security.JwtAuthenticationFilter   : ➡️ Incoming request path: /api/user/get-all-users
2025-11-10 01:08:38.699 [http-nio-8089-exec-1] DEBUG c.b.s.security.CustomUserDetailsService  : Loaded user: alpha@gmail.com with roles [ROLE_USER]
2025-11-10 01:08:38.707 [http-nio-8089-exec-1] DEBUG com.book.swap.security.JwtService        : Checking token for username alpha@gmail.com, alpha@gmail.com
2025-11-10 01:08:38.715 [http-nio-8089-exec-1] DEBUG com.book.swap.security.JwtService        : Token expired for isValid false
2025-11-10 01:08:38.720 [http-nio-8089-exec-1] DEBUG c.b.s.security.JwtAuthenticationFilter   : ✅ User authenticated successfully: alpha@gmail.com
2025-11-10 01:08:47.406 [http-nio-8089-exec-3] DEBUG c.b.s.security.JwtAuthenticationFilter   : ➡️ Incoming request path: /api/user/get-all-users
2025-11-10 01:08:47.478 [http-nio-8089-exec-3] DEBUG c.b.s.security.CustomUserDetailsService  : Loaded user: alpha@gmail.com with roles [ROLE_USER]
2025-11-10 01:08:47.482 [http-nio-8089-exec-3] DEBUG com.book.swap.security.JwtService        : Checking token for username alpha@gmail.com, alpha@gmail.com
2025-11-10 01:08:47.487 [http-nio-8089-exec-3] DEBUG com.book.swap.security.JwtService        : Token expired for isValid false
2025-11-10 01:08:47.488 [http-nio-8089-exec-3] DEBUG c.b.s.security.JwtAuthenticationFilter   : ✅ User authenticated successfully: alpha@gmail.com
2025-11-10 01:09:04.548 [http-nio-8089-exec-4] DEBUG c.b.s.security.JwtAuthenticationFilter   : ➡️ Incoming request path: /api/user/get-all-users
2025-11-10 01:09:04.621 [http-nio-8089-exec-4] DEBUG c.b.s.security.CustomUserDetailsService  : Loaded user: alpha@gmail.com with roles [ROLE_USER]
2025-11-10 01:09:04.623 [http-nio-8089-exec-4] DEBUG com.book.swap.security.JwtService        : Checking token for username alpha@gmail.com, alpha@gmail.com
2025-11-10 01:09:04.625 [http-nio-8089-exec-4] DEBUG com.book.swap.security.JwtService        : Token expired for isValid false
2025-11-10 01:09:04.625 [http-nio-8089-exec-4] DEBUG c.b.s.security.JwtAuthenticationFilter   : ✅ User authenticated successfully: alpha@gmail.com
2025-11-10 01:09:09.495 [http-nio-8089-exec-5] DEBUG c.b.s.security.JwtAuthenticationFilter   : ➡️ Incoming request path: /api/user/get-all-users
2025-11-10 01:09:09.603 [http-nio-8089-exec-5] DEBUG c.b.s.security.CustomUserDetailsService  : Loaded user: alpha@gmail.com with roles [ROLE_USER]
2025-11-10 01:09:09.605 [http-nio-8089-exec-5] DEBUG com.book.swap.security.JwtService        : Checking token for username alpha@gmail.com, alpha@gmail.com
2025-11-10 01:09:09.607 [http-nio-8089-exec-5] DEBUG com.book.swap.security.JwtService        : Token expired for isValid false
2025-11-10 01:09:09.607 [http-nio-8089-exec-5] DEBUG c.b.s.security.JwtAuthenticationFilter   : ✅ User authenticated successfully: alpha@gmail.com
2025-11-10 01:09:12.868 [http-nio-8089-exec-6] DEBUG c.b.s.security.JwtAuthenticationFilter   : ➡️ Incoming request path: /api/user/get-all-users
2025-11-10 01:09:13.024 [http-nio-8089-exec-6] DEBUG c.b.s.security.CustomUserDetailsService  : Loaded user: alpha@gmail.com with roles [ROLE_USER]
2025-11-10 01:09:13.025 [http-nio-8089-exec-6] DEBUG com.book.swap.security.JwtService        : Checking token for username alpha@gmail.com, alpha@gmail.com
2025-11-10 01:09:13.027 [http-nio-8089-exec-6] DEBUG com.book.swap.security.JwtService        : Token expired for isValid false
2025-11-10 01:09:13.027 [http-nio-8089-exec-6] DEBUG c.b.s.security.JwtAuthenticationFilter   : ✅ User authenticated successfully: alpha@gmail.com
2025-11-10 01:11:31.061 [main]  INFO com.book.swap.BookSwapApplication        : Starting BookSwapApplication using Java 17.0.16 with PID 23516 (C:\Users\dell\Desktop\books\book-swap\build\classes\java\main started by dell in C:\Users\dell\Desktop\books\book-swap)
2025-11-10 01:11:31.061 [main] DEBUG com.book.swap.BookSwapApplication        : Running with Spring Boot v3.5.6, Spring v6.2.11
2025-11-10 01:11:31.072 [main]  INFO com.book.swap.BookSwapApplication        : No active profile set, falling back to 1 default profile: "default"
2025-11-10 01:11:32.780 [main]  INFO .s.d.r.c.RepositoryConfigurationDelegate : Bootstrapping Spring Data MongoDB repositories in DEFAULT mode.
2025-11-10 01:11:32.996 [main]  INFO .s.d.r.c.RepositoryConfigurationDelegate : Finished Spring Data repository scanning in 197 ms. Found 6 MongoDB repository interfaces.
2025-11-10 01:11:36.489 [main]  INFO anValidationBeanRegistrationAotProcessor : No Bean Validation provider available - skipping validation constraint hint inference
2025-11-10 01:11:52.579 [restartedMain]  INFO com.book.swap.BookSwapApplication        : Starting BookSwapApplication using Java 23.0.2 with PID 10312 (C:\Users\dell\Desktop\books\book-swap\build\classes\java\main started by dell in C:\Users\dell\Desktop\books\book-swap)
2025-11-10 01:11:52.583 [restartedMain] DEBUG com.book.swap.BookSwapApplication        : Running with Spring Boot v3.5.6, Spring v6.2.11
2025-11-10 01:11:52.584 [restartedMain]  INFO com.book.swap.BookSwapApplication        : No active profile set, falling back to 1 default profile: "default"
2025-11-10 01:11:52.830 [restartedMain]  INFO .e.DevToolsPropertyDefaultsPostProcessor : Devtools property defaults active! Set 'spring.devtools.add-properties' to 'false' to disable
2025-11-10 01:11:52.832 [restartedMain]  INFO .e.DevToolsPropertyDefaultsPostProcessor : For additional web related logging consider setting the 'logging.level.web' property to 'DEBUG'
2025-11-10 01:11:54.804 [restartedMain]  INFO .s.d.r.c.RepositoryConfigurationDelegate : Bootstrapping Spring Data MongoDB repositories in DEFAULT mode.
2025-11-10 01:11:55.030 [restartedMain]  INFO .s.d.r.c.RepositoryConfigurationDelegate : Finished Spring Data repository scanning in 217 ms. Found 6 MongoDB repository interfaces.
2025-11-10 01:11:57.436 [restartedMain]  INFO o.s.b.w.embedded.tomcat.TomcatWebServer  : Tomcat initialized with port 8089 (http)
2025-11-10 01:11:57.459 [restartedMain]  INFO o.apache.catalina.core.StandardService   : Starting service [Tomcat]
2025-11-10 01:11:57.467 [restartedMain]  INFO o.apache.catalina.core.StandardEngine    : Starting Servlet engine: [Apache Tomcat/10.1.46]
2025-11-10 01:11:57.770 [restartedMain]  INFO o.a.c.c.C.[Tomcat].[localhost].[/api]    : Initializing Spring embedded WebApplicationContext
2025-11-10 01:11:57.771 [restartedMain]  INFO w.s.c.ServletWebServerApplicationContext : Root WebApplicationContext: initialization completed in 4938 ms
2025-11-10 01:12:01.466 [restartedMain] DEBUG c.b.s.security.JwtAuthenticationFilter   : Filter 'jwtAuthenticationFilter' configured for use
2025-11-10 01:12:01.617 [restartedMain]  INFO o.s.b.d.a.OptionalLiveReloadServer       : LiveReload server is running on port 35729
2025-11-10 01:12:01.899 [restartedMain]  INFO eAuthenticationProviderManagerConfigurer : Global AuthenticationManager configured with AuthenticationProvider bean with name authenticationProvider
2025-11-10 01:12:01.900 [restartedMain]  WARN r$InitializeUserDetailsManagerConfigurer : Global AuthenticationManager configured with an AuthenticationProvider bean. UserDetailsService beans will not be used by Spring Security for automatically configuring username/password login. Consider removing the AuthenticationProvider bean. Alternatively, consider using the UserDetailsService in a manually instantiated DaoAuthenticationProvider. If the current configuration is intentional, to turn off this warning, increase the logging level of 'org.springframework.security.config.annotation.authentication.configuration.InitializeUserDetailsBeanManagerConfigurer' to ERROR
2025-11-10 01:12:04.584 [restartedMain]  INFO o.s.b.a.e.web.EndpointLinksResolver      : Exposing 1 endpoint beneath base path '/actuator'
2025-11-10 01:12:05.000 [restartedMain]  INFO o.s.v.b.OptionalValidatorFactoryBean     : Failed to set up a Bean Validation provider: jakarta.validation.NoProviderFoundException: Unable to create a Configuration, because no Jakarta Validation provider could be found. Add a provider like Hibernate Validator (RI) to your classpath.
2025-11-10 01:12:06.020 [restartedMain]  INFO o.s.b.w.embedded.tomcat.TomcatWebServer  : Tomcat started on port 8089 (http) with context path '/api'
2025-11-10 01:12:06.059 [restartedMain]  INFO com.book.swap.BookSwapApplication        : Started BookSwapApplication in 14.878 seconds (process running for 15.91)
2025-11-10 01:12:13.850 [http-nio-8089-exec-2]  INFO o.a.c.c.C.[Tomcat].[localhost].[/api]    : Initializing Spring DispatcherServlet 'dispatcherServlet'
2025-11-10 01:12:13.850 [http-nio-8089-exec-2]  INFO o.s.web.servlet.DispatcherServlet        : Initializing Servlet 'dispatcherServlet'
2025-11-10 01:12:13.853 [http-nio-8089-exec-2]  INFO o.s.web.servlet.DispatcherServlet        : Completed initialization in 2 ms
2025-11-10 01:12:13.912 [http-nio-8089-exec-2] DEBUG c.b.s.security.JwtAuthenticationFilter   : ➡️ Incoming request path: /api/user/get-all-users
2025-11-10 01:12:14.197 [http-nio-8089-exec-2] DEBUG c.b.s.security.CustomUserDetailsService  : Loaded user: alpha@gmail.com with roles [ROLE_USER]
2025-11-10 01:12:14.210 [http-nio-8089-exec-2] DEBUG com.book.swap.security.JwtService        : Checking token for username alpha@gmail.com, alpha@gmail.com
2025-11-10 01:12:14.215 [http-nio-8089-exec-2] DEBUG com.book.swap.security.JwtService        : Token expired for isValid false
2025-11-10 01:12:14.220 [http-nio-8089-exec-2] DEBUG c.b.s.security.JwtAuthenticationFilter   : ✅ User authenticated successfully: alpha@gmail.com
2025-11-10 01:12:40.618 [http-nio-8089-exec-3] DEBUG c.b.s.security.JwtAuthenticationFilter   : ➡️ Incoming request path: /api/user/get-all-users
2025-11-10 01:12:40.705 [http-nio-8089-exec-3] DEBUG c.b.s.security.CustomUserDetailsService  : Loaded user: alpha@gmail.com with roles [ROLE_USER]
2025-11-10 01:12:40.713 [http-nio-8089-exec-3] DEBUG com.book.swap.security.JwtService        : Checking token for username alpha@gmail.com, alpha@gmail.com
2025-11-10 01:12:40.718 [http-nio-8089-exec-3] DEBUG com.book.swap.security.JwtService        : Token expired for isValid false
2025-11-10 01:12:40.718 [http-nio-8089-exec-3] DEBUG c.b.s.security.JwtAuthenticationFilter   : ✅ User authenticated successfully: alpha@gmail.com
2025-11-10 01:12:53.632 [http-nio-8089-exec-4] DEBUG c.b.s.security.JwtAuthenticationFilter   : ➡️ Incoming request path: /api/user/get-all-users
2025-11-10 01:12:53.748 [http-nio-8089-exec-4] DEBUG c.b.s.security.CustomUserDetailsService  : Loaded user: alpha@gmail.com with roles [ROLE_USER]
2025-11-10 01:12:53.751 [http-nio-8089-exec-4] DEBUG com.book.swap.security.JwtService        : Checking token for username alpha@gmail.com, alpha@gmail.com
2025-11-10 01:12:53.752 [http-nio-8089-exec-4] DEBUG com.book.swap.security.JwtService        : Token expired for isValid false
2025-11-10 01:12:53.753 [http-nio-8089-exec-4] DEBUG c.b.s.security.JwtAuthenticationFilter   : ✅ User authenticated successfully: alpha@gmail.com
2025-11-10 01:15:36.138 [main]  INFO com.book.swap.BookSwapApplication        : Starting BookSwapApplication using Java 17.0.16 with PID 27028 (C:\Users\dell\Desktop\books\book-swap\build\classes\java\main started by dell in C:\Users\dell\Desktop\books\book-swap)
2025-11-10 01:15:36.140 [main] DEBUG com.book.swap.BookSwapApplication        : Running with Spring Boot v3.5.6, Spring v6.2.11
2025-11-10 01:15:36.142 [main]  INFO com.book.swap.BookSwapApplication        : No active profile set, falling back to 1 default profile: "default"
2025-11-10 01:15:38.183 [main]  INFO .s.d.r.c.RepositoryConfigurationDelegate : Bootstrapping Spring Data MongoDB repositories in DEFAULT mode.
2025-11-10 01:15:38.745 [main]  INFO .s.d.r.c.RepositoryConfigurationDelegate : Finished Spring Data repository scanning in 545 ms. Found 6 MongoDB repository interfaces.
2025-11-10 01:15:43.269 [main]  INFO anValidationBeanRegistrationAotProcessor : No Bean Validation provider available - skipping validation constraint hint inference
2025-11-10 01:15:57.867 [restartedMain]  INFO com.book.swap.BookSwapApplication        : Starting BookSwapApplication using Java 23.0.2 with PID 14180 (C:\Users\dell\Desktop\books\book-swap\build\classes\java\main started by dell in C:\Users\dell\Desktop\books\book-swap)
2025-11-10 01:15:57.869 [restartedMain] DEBUG com.book.swap.BookSwapApplication        : Running with Spring Boot v3.5.6, Spring v6.2.11
2025-11-10 01:15:57.870 [restartedMain]  INFO com.book.swap.BookSwapApplication        : No active profile set, falling back to 1 default profile: "default"
2025-11-10 01:15:58.079 [restartedMain]  INFO .e.DevToolsPropertyDefaultsPostProcessor : Devtools property defaults active! Set 'spring.devtools.add-properties' to 'false' to disable
2025-11-10 01:15:58.080 [restartedMain]  INFO .e.DevToolsPropertyDefaultsPostProcessor : For additional web related logging consider setting the 'logging.level.web' property to 'DEBUG'
2025-11-10 01:16:00.252 [restartedMain]  INFO .s.d.r.c.RepositoryConfigurationDelegate : Bootstrapping Spring Data MongoDB repositories in DEFAULT mode.
2025-11-10 01:16:00.529 [restartedMain]  INFO .s.d.r.c.RepositoryConfigurationDelegate : Finished Spring Data repository scanning in 267 ms. Found 6 MongoDB repository interfaces.
2025-11-10 01:16:03.346 [restartedMain]  INFO o.s.b.w.embedded.tomcat.TomcatWebServer  : Tomcat initialized with port 8089 (http)
2025-11-10 01:16:03.387 [restartedMain]  INFO o.apache.catalina.core.StandardService   : Starting service [Tomcat]
2025-11-10 01:16:03.388 [restartedMain]  INFO o.apache.catalina.core.StandardEngine    : Starting Servlet engine: [Apache Tomcat/10.1.46]
2025-11-10 01:16:03.523 [restartedMain]  INFO o.a.c.c.C.[Tomcat].[localhost].[/api]    : Initializing Spring embedded WebApplicationContext
2025-11-10 01:16:03.526 [restartedMain]  INFO w.s.c.ServletWebServerApplicationContext : Root WebApplicationContext: initialization completed in 5443 ms
2025-11-10 01:16:06.244 [restartedMain] DEBUG c.b.s.security.JwtAuthenticationFilter   : Filter 'jwtAuthenticationFilter' configured for use
2025-11-10 01:16:06.299 [restartedMain]  INFO o.s.b.d.a.OptionalLiveReloadServer       : LiveReload server is running on port 35729
2025-11-10 01:16:06.680 [restartedMain]  INFO eAuthenticationProviderManagerConfigurer : Global AuthenticationManager configured with AuthenticationProvider bean with name authenticationProvider
2025-11-10 01:16:06.682 [restartedMain]  WARN r$InitializeUserDetailsManagerConfigurer : Global AuthenticationManager configured with an AuthenticationProvider bean. UserDetailsService beans will not be used by Spring Security for automatically configuring username/password login. Consider removing the AuthenticationProvider bean. Alternatively, consider using the UserDetailsService in a manually instantiated DaoAuthenticationProvider. If the current configuration is intentional, to turn off this warning, increase the logging level of 'org.springframework.security.config.annotation.authentication.configuration.InitializeUserDetailsBeanManagerConfigurer' to ERROR
2025-11-10 01:16:09.553 [restartedMain]  INFO o.s.b.a.e.web.EndpointLinksResolver      : Exposing 1 endpoint beneath base path '/actuator'
2025-11-10 01:16:09.902 [restartedMain]  INFO o.s.v.b.OptionalValidatorFactoryBean     : Failed to set up a Bean Validation provider: jakarta.validation.NoProviderFoundException: Unable to create a Configuration, because no Jakarta Validation provider could be found. Add a provider like Hibernate Validator (RI) to your classpath.
2025-11-10 01:16:10.901 [restartedMain]  INFO o.s.b.w.embedded.tomcat.TomcatWebServer  : Tomcat started on port 8089 (http) with context path '/api'
2025-11-10 01:16:10.931 [restartedMain]  INFO com.book.swap.BookSwapApplication        : Started BookSwapApplication in 14.331 seconds (process running for 15.062)
2025-11-10 01:16:20.840 [http-nio-8089-exec-2]  INFO o.a.c.c.C.[Tomcat].[localhost].[/api]    : Initializing Spring DispatcherServlet 'dispatcherServlet'
2025-11-10 01:16:20.840 [http-nio-8089-exec-2]  INFO o.s.web.servlet.DispatcherServlet        : Initializing Servlet 'dispatcherServlet'
2025-11-10 01:16:20.841 [http-nio-8089-exec-2]  INFO o.s.web.servlet.DispatcherServlet        : Completed initialization in 1 ms
2025-11-10 01:16:20.889 [http-nio-8089-exec-2] DEBUG c.b.s.security.JwtAuthenticationFilter   : ➡️ Incoming request path: /api/user/get-all-users
2025-11-10 01:16:21.251 [http-nio-8089-exec-2] DEBUG c.b.s.security.CustomUserDetailsService  : Loaded user: alpha@gmail.com with roles [ROLE_USER]
2025-11-10 01:16:21.258 [http-nio-8089-exec-2] DEBUG com.book.swap.security.JwtService        : Checking token for username alpha@gmail.com, alpha@gmail.com
2025-11-10 01:16:21.261 [http-nio-8089-exec-2] DEBUG com.book.swap.security.JwtService        : Token expired for isValid false
2025-11-10 01:16:21.263 [http-nio-8089-exec-2] DEBUG c.b.s.security.JwtAuthenticationFilter   : ✅ User authenticated successfully: alpha@gmail.com
2025-11-10 01:16:37.497 [http-nio-8089-exec-3] DEBUG c.b.s.security.JwtAuthenticationFilter   : ➡️ Incoming request path: /api/user/get-all-users
2025-11-10 01:16:37.604 [http-nio-8089-exec-3] DEBUG c.b.s.security.CustomUserDetailsService  : Loaded user: alpha@gmail.com with roles [ROLE_USER]
2025-11-10 01:16:37.607 [http-nio-8089-exec-3] DEBUG com.book.swap.security.JwtService        : Checking token for username alpha@gmail.com, alpha@gmail.com
2025-11-10 01:16:37.610 [http-nio-8089-exec-3] DEBUG com.book.swap.security.JwtService        : Token expired for isValid false
2025-11-10 01:16:37.610 [http-nio-8089-exec-3] DEBUG c.b.s.security.JwtAuthenticationFilter   : ✅ User authenticated successfully: alpha@gmail.com
2025-11-10 01:16:45.542 [http-nio-8089-exec-4] DEBUG c.b.s.security.JwtAuthenticationFilter   : ➡️ Incoming request path: /api/user/get-all-users
2025-11-10 01:16:45.632 [http-nio-8089-exec-4] DEBUG c.b.s.security.CustomUserDetailsService  : Loaded user: alpha@gmail.com with roles [ROLE_USER]
2025-11-10 01:16:45.633 [http-nio-8089-exec-4] DEBUG com.book.swap.security.JwtService        : Checking token for username alpha@gmail.com, alpha@gmail.com
2025-11-10 01:16:45.635 [http-nio-8089-exec-4] DEBUG com.book.swap.security.JwtService        : Token expired for isValid false
2025-11-10 01:16:45.635 [http-nio-8089-exec-4] DEBUG c.b.s.security.JwtAuthenticationFilter   : ✅ User authenticated successfully: alpha@gmail.com
2025-11-10 01:16:55.329 [http-nio-8089-exec-5] DEBUG c.b.s.security.JwtAuthenticationFilter   : ➡️ Incoming request path: /api/user/get-all-users
2025-11-10 01:16:55.415 [http-nio-8089-exec-5] DEBUG c.b.s.security.CustomUserDetailsService  : Loaded user: alpha@gmail.com with roles [ROLE_USER]
2025-11-10 01:16:55.418 [http-nio-8089-exec-5] DEBUG com.book.swap.security.JwtService        : Checking token for username alpha@gmail.com, alpha@gmail.com
2025-11-10 01:16:55.420 [http-nio-8089-exec-5] DEBUG com.book.swap.security.JwtService        : Token expired for isValid false
2025-11-10 01:16:55.420 [http-nio-8089-exec-5] DEBUG c.b.s.security.JwtAuthenticationFilter   : ✅ User authenticated successfully: alpha@gmail.com
2025-11-10 01:17:35.487 [http-nio-8089-exec-6] DEBUG c.b.s.security.JwtAuthenticationFilter   : ➡️ Incoming request path: /api/auth/token/refresh
2025-11-10 01:17:35.742 [http-nio-8089-exec-6]  WARN c.b.s.c.GlobalExceptionHandler           : Illegal argument: Refresh token not found
2025-11-10 01:17:35.748 [http-nio-8089-exec-6]  WARN .m.m.a.ExceptionHandlerExceptionResolver : Resolved [java.lang.IllegalArgumentException: Refresh token not found]
2025-11-10 01:17:41.842 [http-nio-8089-exec-8] DEBUG c.b.s.security.JwtAuthenticationFilter   : ➡️ Incoming request path: /api/auth/login
2025-11-10 01:17:42.226 [http-nio-8089-exec-8]  INFO c.book.swap.services.auth.AuthService    : Login attempt for identifier: alpha@gmail.com
2025-11-10 01:17:42.616 [http-nio-8089-exec-8] DEBUG c.b.s.utils.books.InMemoryCacheService   : Session stored: 1762717662388
2025-11-10 01:17:42.794 [http-nio-8089-exec-8]  INFO c.book.swap.services.auth.AuthService    : User logged in successfully: alpha@gmail.com
2025-11-10 01:17:47.121 [http-nio-8089-exec-9] DEBUG c.b.s.security.JwtAuthenticationFilter   : ➡️ Incoming request path: /api/user/get-all-users
2025-11-10 01:17:47.206 [http-nio-8089-exec-9] DEBUG c.b.s.security.CustomUserDetailsService  : Loaded user: alpha@gmail.com with roles [ROLE_USER]
2025-11-10 01:17:47.208 [http-nio-8089-exec-9] DEBUG com.book.swap.security.JwtService        : Checking token for username alpha@gmail.com, alpha@gmail.com
2025-11-10 01:17:47.211 [http-nio-8089-exec-9] DEBUG com.book.swap.security.JwtService        : Token expired for isValid false
2025-11-10 01:17:47.212 [http-nio-8089-exec-9] DEBUG c.b.s.security.JwtAuthenticationFilter   : ✅ User authenticated successfully: alpha@gmail.com
2025-11-10 01:17:55.633 [http-nio-8089-exec-10] DEBUG c.b.s.security.JwtAuthenticationFilter   : ➡️ Incoming request path: /api/auth/token/refresh
2025-11-10 01:17:55.635 [http-nio-8089-exec-10]  INFO c.book.swap.services.auth.TokenService   : Attempting to refresh access token
2025-11-10 01:17:55.641 [http-nio-8089-exec-10]  INFO c.book.swap.services.auth.TokenService   : Extracted user email: alpha@gmail.com from refresh token
2025-11-10 01:17:55.740 [http-nio-8089-exec-10]  INFO c.book.swap.services.auth.TokenService   : This is session id 1762717662388
2025-11-10 01:17:55.742 [http-nio-8089-exec-10] DEBUG c.b.s.utils.books.InMemoryCacheService   : Session retrieved: 1762717662388 - Found: true
2025-11-10 01:17:55.742 [http-nio-8089-exec-10]  INFO c.book.swap.services.auth.TokenService   : Refresh token has expired for user: alpha@gmail.com
2025-11-10 01:17:55.743 [http-nio-8089-exec-10]  INFO c.book.swap.services.auth.TokenService   : Access token refreshed successfully for user: alpha@gmail.com
2025-11-10 01:26:11.692 [main]  INFO com.book.swap.BookSwapApplication        : Starting BookSwapApplication using Java 17.0.16 with PID 29684 (C:\Users\dell\Desktop\books\book-swap\build\classes\java\main started by dell in C:\Users\dell\Desktop\books\book-swap)
2025-11-10 01:26:11.695 [main] DEBUG com.book.swap.BookSwapApplication        : Running with Spring Boot v3.5.6, Spring v6.2.11
2025-11-10 01:26:11.695 [main]  INFO com.book.swap.BookSwapApplication        : No active profile set, falling back to 1 default profile: "default"
2025-11-10 01:26:13.754 [main]  INFO .s.d.r.c.RepositoryConfigurationDelegate : Bootstrapping Spring Data MongoDB repositories in DEFAULT mode.
2025-11-10 01:26:13.974 [main]  INFO .s.d.r.c.RepositoryConfigurationDelegate : Finished Spring Data repository scanning in 198 ms. Found 6 MongoDB repository interfaces.
2025-11-10 01:26:17.721 [main]  INFO anValidationBeanRegistrationAotProcessor : No Bean Validation provider available - skipping validation constraint hint inference
2025-11-10 01:26:32.789 [restartedMain]  INFO com.book.swap.BookSwapApplication        : Starting BookSwapApplication using Java 23.0.2 with PID 11652 (C:\Users\dell\Desktop\books\book-swap\build\classes\java\main started by dell in C:\Users\dell\Desktop\books\book-swap)
2025-11-10 01:26:32.792 [restartedMain] DEBUG com.book.swap.BookSwapApplication        : Running with Spring Boot v3.5.6, Spring v6.2.11
2025-11-10 01:26:32.795 [restartedMain]  INFO com.book.swap.BookSwapApplication        : No active profile set, falling back to 1 default profile: "default"
2025-11-10 01:26:32.967 [restartedMain]  INFO .e.DevToolsPropertyDefaultsPostProcessor : Devtools property defaults active! Set 'spring.devtools.add-properties' to 'false' to disable
2025-11-10 01:26:32.967 [restartedMain]  INFO .e.DevToolsPropertyDefaultsPostProcessor : For additional web related logging consider setting the 'logging.level.web' property to 'DEBUG'
2025-11-10 01:26:34.725 [restartedMain]  INFO .s.d.r.c.RepositoryConfigurationDelegate : Bootstrapping Spring Data MongoDB repositories in DEFAULT mode.
2025-11-10 01:26:34.903 [restartedMain]  INFO .s.d.r.c.RepositoryConfigurationDelegate : Finished Spring Data repository scanning in 171 ms. Found 6 MongoDB repository interfaces.
2025-11-10 01:26:37.133 [restartedMain]  INFO o.s.b.w.embedded.tomcat.TomcatWebServer  : Tomcat initialized with port 8089 (http)
2025-11-10 01:26:37.164 [restartedMain]  INFO o.apache.catalina.core.StandardService   : Starting service [Tomcat]
2025-11-10 01:26:37.165 [restartedMain]  INFO o.apache.catalina.core.StandardEngine    : Starting Servlet engine: [Apache Tomcat/10.1.46]
2025-11-10 01:26:37.278 [restartedMain]  INFO o.a.c.c.C.[Tomcat].[localhost].[/api]    : Initializing Spring embedded WebApplicationContext
2025-11-10 01:26:37.283 [restartedMain]  INFO w.s.c.ServletWebServerApplicationContext : Root WebApplicationContext: initialization completed in 4310 ms
2025-11-10 01:26:40.877 [restartedMain] DEBUG c.b.s.security.JwtAuthenticationFilter   : Filter 'jwtAuthenticationFilter' configured for use
2025-11-10 01:26:40.937 [restartedMain]  INFO o.s.b.d.a.OptionalLiveReloadServer       : LiveReload server is running on port 35729
2025-11-10 01:26:41.076 [restartedMain]  INFO eAuthenticationProviderManagerConfigurer : Global AuthenticationManager configured with AuthenticationProvider bean with name authenticationProvider
2025-11-10 01:26:41.077 [restartedMain]  WARN r$InitializeUserDetailsManagerConfigurer : Global AuthenticationManager configured with an AuthenticationProvider bean. UserDetailsService beans will not be used by Spring Security for automatically configuring username/password login. Consider removing the AuthenticationProvider bean. Alternatively, consider using the UserDetailsService in a manually instantiated DaoAuthenticationProvider. If the current configuration is intentional, to turn off this warning, increase the logging level of 'org.springframework.security.config.annotation.authentication.configuration.InitializeUserDetailsBeanManagerConfigurer' to ERROR
2025-11-10 01:26:43.818 [restartedMain]  INFO o.s.b.a.e.web.EndpointLinksResolver      : Exposing 1 endpoint beneath base path '/actuator'
2025-11-10 01:26:44.194 [restartedMain]  INFO o.s.v.b.OptionalValidatorFactoryBean     : Failed to set up a Bean Validation provider: jakarta.validation.NoProviderFoundException: Unable to create a Configuration, because no Jakarta Validation provider could be found. Add a provider like Hibernate Validator (RI) to your classpath.
2025-11-10 01:26:45.847 [restartedMain]  INFO o.s.b.w.embedded.tomcat.TomcatWebServer  : Tomcat started on port 8089 (http) with context path '/api'
2025-11-10 01:26:45.868 [restartedMain]  INFO com.book.swap.BookSwapApplication        : Started BookSwapApplication in 14.328 seconds (process running for 15.094)
2025-11-10 01:26:58.245 [http-nio-8089-exec-3]  INFO o.a.c.c.C.[Tomcat].[localhost].[/api]    : Initializing Spring DispatcherServlet 'dispatcherServlet'
2025-11-10 01:26:58.246 [http-nio-8089-exec-3]  INFO o.s.web.servlet.DispatcherServlet        : Initializing Servlet 'dispatcherServlet'
2025-11-10 01:26:58.249 [http-nio-8089-exec-3]  INFO o.s.web.servlet.DispatcherServlet        : Completed initialization in 2 ms
2025-11-10 01:26:58.322 [http-nio-8089-exec-3] DEBUG c.b.s.security.JwtAuthenticationFilter   : ➡️ Incoming request path: /api/user/get-all-users
2025-11-10 01:26:58.451 [http-nio-8089-exec-3]  WARN c.b.s.security.JwtAuthenticationFilter   : ⏰ Token expired: JWT expired at 2025-11-09T19:50:52Z. Current time: 2025-11-09T19:56:58Z, a difference of 366449 milliseconds.  Allowed clock skew: 0 milliseconds.
2025-11-10 01:27:05.166 [http-nio-8089-exec-2] DEBUG c.b.s.security.JwtAuthenticationFilter   : ➡️ Incoming request path: /api/auth/login
2025-11-10 01:27:05.378 [http-nio-8089-exec-2]  INFO c.book.swap.services.auth.AuthService    : Login attempt for identifier: alpha@gmail.com
2025-11-10 01:27:05.998 [http-nio-8089-exec-2] DEBUG c.b.s.utils.books.InMemoryCacheService   : Session stored: 1762718225714
2025-11-10 01:27:06.408 [http-nio-8089-exec-2]  INFO c.book.swap.services.auth.AuthService    : User logged in successfully: alpha@gmail.com
2025-11-10 01:27:22.610 [http-nio-8089-exec-4] DEBUG c.b.s.security.JwtAuthenticationFilter   : ➡️ Incoming request path: /api/user/get-all-users
2025-11-10 01:27:22.670 [http-nio-8089-exec-4] DEBUG c.b.s.security.CustomUserDetailsService  : Loaded user: alpha@gmail.com with roles [ROLE_USER]
2025-11-10 01:27:22.676 [http-nio-8089-exec-4] DEBUG com.book.swap.security.JwtService        : Checking token for username alpha@gmail.com, alpha@gmail.com
2025-11-10 01:27:22.679 [http-nio-8089-exec-4] DEBUG com.book.swap.security.JwtService        : Token expired for isValid false
2025-11-10 01:27:22.683 [http-nio-8089-exec-4] DEBUG c.b.s.utils.books.InMemoryCacheService   : Session retrieved: 1762718225714 - Found: true
2025-11-10 01:27:22.684 [http-nio-8089-exec-4] DEBUG c.b.s.security.JwtAuthenticationFilter   : ✅ User authenticated successfully: alpha@gmail.com
2025-11-10 01:27:28.117 [http-nio-8089-exec-5] DEBUG c.b.s.security.JwtAuthenticationFilter   : ➡️ Incoming request path: /api/auth/token/refresh
2025-11-10 01:27:28.120 [http-nio-8089-exec-5]  INFO c.book.swap.services.auth.TokenService   : Attempting to refresh access token
2025-11-10 01:27:28.124 [http-nio-8089-exec-5]  INFO c.book.swap.services.auth.TokenService   : Extracted user email: alpha@gmail.com from refresh token
2025-11-10 01:27:28.246 [http-nio-8089-exec-5]  INFO c.book.swap.services.auth.TokenService   : This is session id 1762718225714
2025-11-10 01:27:28.247 [http-nio-8089-exec-5] DEBUG c.b.s.utils.books.InMemoryCacheService   : Session retrieved: 1762718225714 - Found: true
2025-11-10 01:27:28.247 [http-nio-8089-exec-5]  INFO c.book.swap.services.auth.TokenService   : Refresh token has expired for user: alpha@gmail.com
2025-11-10 01:27:28.249 [http-nio-8089-exec-5]  INFO c.book.swap.services.auth.TokenService   : Access token refreshed successfully for user: alpha@gmail.com
2025-11-10 01:27:31.304 [http-nio-8089-exec-6] DEBUG c.b.s.security.JwtAuthenticationFilter   : ➡️ Incoming request path: /api/user/get-all-users
2025-11-10 01:27:31.442 [http-nio-8089-exec-6] DEBUG c.b.s.security.CustomUserDetailsService  : Loaded user: alpha@gmail.com with roles [ROLE_USER]
2025-11-10 01:27:31.444 [http-nio-8089-exec-6] DEBUG com.book.swap.security.JwtService        : Checking token for username alpha@gmail.com, alpha@gmail.com
2025-11-10 01:27:31.447 [http-nio-8089-exec-6] DEBUG com.book.swap.security.JwtService        : Token expired for isValid false
2025-11-10 01:27:31.452 [http-nio-8089-exec-6] DEBUG c.b.s.utils.books.InMemoryCacheService   : Session retrieved: 1762718225714 - Found: true
2025-11-10 01:27:31.453 [http-nio-8089-exec-6] DEBUG c.b.s.security.JwtAuthenticationFilter   : ✅ User authenticated successfully: alpha@gmail.com
2025-11-10 01:27:39.404 [http-nio-8089-exec-7] DEBUG c.b.s.security.JwtAuthenticationFilter   : ➡️ Incoming request path: /api/user/get-all-users
2025-11-10 01:27:39.494 [http-nio-8089-exec-7] DEBUG c.b.s.security.CustomUserDetailsService  : Loaded user: alpha@gmail.com with roles [ROLE_USER]
2025-11-10 01:27:39.497 [http-nio-8089-exec-7] DEBUG com.book.swap.security.JwtService        : Checking token for username alpha@gmail.com, alpha@gmail.com
2025-11-10 01:27:39.499 [http-nio-8089-exec-7] DEBUG com.book.swap.security.JwtService        : Token expired for isValid false
2025-11-10 01:27:39.501 [http-nio-8089-exec-7] DEBUG c.b.s.utils.books.InMemoryCacheService   : Session retrieved: 1762718225714 - Found: true
2025-11-10 01:27:39.502 [http-nio-8089-exec-7] DEBUG c.b.s.security.JwtAuthenticationFilter   : ✅ User authenticated successfully: alpha@gmail.com
2025-11-10 01:37:48.339 [File Watcher]  INFO rtingClassPathChangeChangedEventListener : Restarting due to 19 class path changes (0 additions, 19 deletions, 0 modifications)
2025-11-10 01:37:48.347 [Thread-4]  INFO o.s.b.w.e.tomcat.GracefulShutdown        : Commencing graceful shutdown. Waiting for active requests to complete
2025-11-10 01:37:48.365 [tomcat-shutdown]  INFO o.s.b.w.e.tomcat.GracefulShutdown        : Graceful shutdown complete
2025-11-10 01:37:48.759 [restartedMain]  INFO com.book.swap.BookSwapApplication        : Starting BookSwapApplication using Java 23.0.2 with PID 11652 (C:\Users\dell\Desktop\books\book-swap\build\classes\java\main started by dell in C:\Users\dell\Desktop\books\book-swap)
2025-11-10 01:37:48.759 [restartedMain] DEBUG com.book.swap.BookSwapApplication        : Running with Spring Boot v3.5.6, Spring v6.2.11
2025-11-10 01:37:48.759 [restartedMain]  INFO com.book.swap.BookSwapApplication        : No active profile set, falling back to 1 default profile: "default"
2025-11-10 01:37:49.715 [restartedMain]  INFO .s.d.r.c.RepositoryConfigurationDelegate : Bootstrapping Spring Data MongoDB repositories in DEFAULT mode.
2025-11-10 01:37:49.754 [restartedMain]  INFO .s.d.r.c.RepositoryConfigurationDelegate : Finished Spring Data repository scanning in 36 ms. Found 5 MongoDB repository interfaces.
2025-11-10 01:37:50.556 [restartedMain]  INFO o.s.b.w.embedded.tomcat.TomcatWebServer  : Tomcat initialized with port 8089 (http)
2025-11-10 01:37:50.558 [restartedMain]  INFO o.apache.catalina.core.StandardService   : Starting service [Tomcat]
2025-11-10 01:37:50.559 [restartedMain]  INFO o.apache.catalina.core.StandardEngine    : Starting Servlet engine: [Apache Tomcat/10.1.46]
2025-11-10 01:37:50.661 [restartedMain]  INFO o.a.c.c.C.[Tomcat].[localhost].[/api]    : Initializing Spring embedded WebApplicationContext
2025-11-10 01:37:50.662 [restartedMain]  INFO w.s.c.ServletWebServerApplicationContext : Root WebApplicationContext: initialization completed in 1889 ms
2025-11-10 01:37:51.186 [restartedMain]  INFO o.s.b.d.a.OptionalLiveReloadServer       : LiveReload server is running on port 35729
2025-11-10 01:37:51.507 [restartedMain]  INFO o.s.v.b.OptionalValidatorFactoryBean     : Failed to set up a Bean Validation provider: jakarta.validation.NoProviderFoundException: Unable to create a Configuration, because no Jakarta Validation provider could be found. Add a provider like Hibernate Validator (RI) to your classpath.
2025-11-10 01:37:52.092 [restartedMain]  WARN .s.s.UserDetailsServiceAutoConfiguration : 

Using generated security password: 9f5cd2af-9718-4b4d-9ba5-16c00f33fd33

This generated password is for development use only. Your security configuration must be updated before running your application in production.

2025-11-10 01:37:52.135 [restartedMain]  INFO r$InitializeUserDetailsManagerConfigurer : Global AuthenticationManager configured with UserDetailsService bean with name inMemoryUserDetailsManager
2025-11-10 01:37:52.205 [restartedMain]  INFO o.s.b.a.e.web.EndpointLinksResolver      : Exposing 1 endpoint beneath base path '/actuator'
2025-11-10 01:37:52.316 [restartedMain]  INFO o.s.b.w.embedded.tomcat.TomcatWebServer  : Tomcat started on port 8089 (http) with context path '/api'
2025-11-10 01:37:52.348 [restartedMain]  INFO com.book.swap.BookSwapApplication        : Started BookSwapApplication in 3.766 seconds (process running for 681.574)
2025-11-10 01:37:52.364 [restartedMain]  INFO .ConditionEvaluationDeltaLoggingListener : Condition evaluation delta:


==========================
CONDITION EVALUATION DELTA
==========================


Positive matches:
-----------------

   ManagementWebSecurityAutoConfiguration matched:
      - found 'session' scope (OnWebApplicationCondition)
      - AllNestedConditions 2 matched 0 did not; NestedCondition on DefaultWebSecurityCondition.Beans @ConditionalOnMissingBean (types: org.springframework.security.web.SecurityFilterChain; SearchStrategy: all) did not find any beans; NestedCondition on DefaultWebSecurityCondition.Classes @ConditionalOnClass found required classes 'org.springframework.security.web.SecurityFilterChain', 'org.springframework.security.config.annotation.web.builders.HttpSecurity' (DefaultWebSecurityCondition)

   SpringBootWebSecurityConfiguration.WebSecurityEnablerConfiguration matched:
      - @ConditionalOnClass found required class 'org.springframework.security.config.annotation.web.configuration.EnableWebSecurity' (OnClassCondition)
      - @ConditionalOnMissingBean (names: springSecurityFilterChain; SearchStrategy: all) did not find any beans (OnBeanCondition)

   UserDetailsServiceAutoConfiguration matched:
      - @ConditionalOnClass found required class 'org.springframework.security.authentication.AuthenticationManager' (OnClassCondition)
      - found 'session' scope (OnWebApplicationCondition)
      - AnyNestedCondition 1 matched 2 did not; NestedCondition on UserDetailsServiceAutoConfiguration.MissingAlternativeOrUserPropertiesConfigured.PasswordConfigured @ConditionalOnProperty (spring.security.user.password) did not find property 'spring.security.user.password'; NestedCondition on UserDetailsServiceAutoConfiguration.MissingAlternativeOrUserPropertiesConfigured.NameConfigured @ConditionalOnProperty (spring.security.user.name) did not find property 'spring.security.user.name'; NestedCondition on UserDetailsServiceAutoConfiguration.MissingAlternativeOrUserPropertiesConfigured.MissingAlternative @ConditionalOnMissingClass did not find unwanted classes 'org.springframework.security.oauth2.client.registration.ClientRegistrationRepository', 'org.springframework.security.oauth2.server.resource.introspection.OpaqueTokenIntrospector', 'org.springframework.security.saml2.provider.service.registration.RelyingPartyRegistrationRepository' (UserDetailsServiceAutoConfiguration.MissingAlternativeOrUserPropertiesConfigured)
      - @ConditionalOnBean (types: org.springframework.security.config.ObjectPostProcessor; SearchStrategy: all) found beans 'objectPostProcessor', 'webAuthorizationManagerPostProcessor', 'filterChainDecoratorPostProcessor', 'authenticationManagerPostProcessor'; @ConditionalOnMissingBean (types: org.springframework.security.authentication.AuthenticationManager,org.springframework.security.authentication.AuthenticationProvider,org.springframework.security.core.userdetails.UserDetailsService,org.springframework.security.authentication.AuthenticationManagerResolver,?; SearchStrategy: all) did not find any beans (OnBeanCondition)


Negative matches:
-----------------

    None


Exclusions:
-----------

    None


Unconditional classes:
----------------------

    None



2025-11-10 01:37:56.345 [File Watcher]  INFO rtingClassPathChangeChangedEventListener : Restarting due to 2 class path changes (2 additions, 0 deletions, 0 modifications)
2025-11-10 01:37:56.380 [Thread-7]  INFO o.s.b.w.e.tomcat.GracefulShutdown        : Commencing graceful shutdown. Waiting for active requests to complete
2025-11-10 01:37:56.449 [tomcat-shutdown]  INFO o.s.b.w.e.tomcat.GracefulShutdown        : Graceful shutdown complete
2025-11-10 01:37:56.727 [restartedMain]  INFO com.book.swap.BookSwapApplication        : Starting BookSwapApplication using Java 23.0.2 with PID 11652 (C:\Users\dell\Desktop\books\book-swap\build\classes\java\main started by dell in C:\Users\dell\Desktop\books\book-swap)
2025-11-10 01:37:56.727 [restartedMain] DEBUG com.book.swap.BookSwapApplication        : Running with Spring Boot v3.5.6, Spring v6.2.11
2025-11-10 01:37:56.727 [restartedMain]  INFO com.book.swap.BookSwapApplication        : No active profile set, falling back to 1 default profile: "default"
2025-11-10 01:37:58.165 [restartedMain]  INFO .s.d.r.c.RepositoryConfigurationDelegate : Bootstrapping Spring Data MongoDB repositories in DEFAULT mode.
2025-11-10 01:37:58.225 [restartedMain]  INFO .s.d.r.c.RepositoryConfigurationDelegate : Finished Spring Data repository scanning in 58 ms. Found 6 MongoDB repository interfaces.
2025-11-10 01:37:58.776 [restartedMain]  INFO o.s.b.w.embedded.tomcat.TomcatWebServer  : Tomcat initialized with port 8089 (http)
2025-11-10 01:37:58.782 [restartedMain]  INFO o.apache.catalina.core.StandardService   : Starting service [Tomcat]
2025-11-10 01:37:58.784 [restartedMain]  INFO o.apache.catalina.core.StandardEngine    : Starting Servlet engine: [Apache Tomcat/10.1.46]
2025-11-10 01:37:58.926 [restartedMain]  INFO o.a.c.c.C.[Tomcat].[localhost].[/api]    : Initializing Spring embedded WebApplicationContext
2025-11-10 01:37:58.927 [restartedMain]  INFO w.s.c.ServletWebServerApplicationContext : Root WebApplicationContext: initialization completed in 2194 ms
2025-11-10 01:37:59.720 [restartedMain] DEBUG c.b.s.security.JwtAuthenticationFilter   : Filter 'jwtAuthenticationFilter' configured for use
2025-11-10 01:37:59.728 [restartedMain]  INFO o.s.b.d.a.OptionalLiveReloadServer       : LiveReload server is running on port 35729
2025-11-10 01:37:59.754 [restartedMain]  INFO eAuthenticationProviderManagerConfigurer : Global AuthenticationManager configured with AuthenticationProvider bean with name authenticationProvider
2025-11-10 01:37:59.755 [restartedMain]  WARN r$InitializeUserDetailsManagerConfigurer : Global AuthenticationManager configured with an AuthenticationProvider bean. UserDetailsService beans will not be used by Spring Security for automatically configuring username/password login. Consider removing the AuthenticationProvider bean. Alternatively, consider using the UserDetailsService in a manually instantiated DaoAuthenticationProvider. If the current configuration is intentional, to turn off this warning, increase the logging level of 'org.springframework.security.config.annotation.authentication.configuration.InitializeUserDetailsBeanManagerConfigurer' to ERROR
2025-11-10 01:38:01.323 [restartedMain]  INFO o.s.b.a.e.web.EndpointLinksResolver      : Exposing 1 endpoint beneath base path '/actuator'
2025-11-10 01:38:01.389 [restartedMain]  INFO o.s.v.b.OptionalValidatorFactoryBean     : Failed to set up a Bean Validation provider: jakarta.validation.NoProviderFoundException: Unable to create a Configuration, because no Jakarta Validation provider could be found. Add a provider like Hibernate Validator (RI) to your classpath.
2025-11-10 01:38:01.493 [restartedMain]  INFO o.s.b.w.embedded.tomcat.TomcatWebServer  : Tomcat started on port 8089 (http) with context path '/api'
2025-11-10 01:38:01.500 [restartedMain]  INFO com.book.swap.BookSwapApplication        : Started BookSwapApplication in 4.87 seconds (process running for 690.726)
2025-11-10 01:38:01.503 [restartedMain]  INFO .ConditionEvaluationDeltaLoggingListener : Condition evaluation delta:


==========================
CONDITION EVALUATION DELTA
==========================


Positive matches:
-----------------

    None


Negative matches:
-----------------

   ManagementWebSecurityAutoConfiguration:
      Did not match:
         - AllNestedConditions 1 matched 1 did not; NestedCondition on DefaultWebSecurityCondition.Beans @ConditionalOnMissingBean (types: org.springframework.security.web.SecurityFilterChain; SearchStrategy: all) found beans of type 'org.springframework.security.web.SecurityFilterChain' securityFilterChain; NestedCondition on DefaultWebSecurityCondition.Classes @ConditionalOnClass found required classes 'org.springframework.security.web.SecurityFilterChain', 'org.springframework.security.config.annotation.web.builders.HttpSecurity' (DefaultWebSecurityCondition)
      Matched:
         - found 'session' scope (OnWebApplicationCondition)

   SpringBootWebSecurityConfiguration.WebSecurityEnablerConfiguration:
      Did not match:
         - @ConditionalOnMissingBean (names: springSecurityFilterChain; SearchStrategy: all) found beans named springSecurityFilterChain (OnBeanCondition)
      Matched:
         - @ConditionalOnClass found required class 'org.springframework.security.config.annotation.web.configuration.EnableWebSecurity' (OnClassCondition)

   UserDetailsServiceAutoConfiguration:
      Did not match:
         - @ConditionalOnMissingBean (types: org.springframework.security.authentication.AuthenticationManager,org.springframework.security.authentication.AuthenticationProvider,org.springframework.security.core.userdetails.UserDetailsService,org.springframework.security.authentication.AuthenticationManagerResolver,?; SearchStrategy: all) found beans of type 'org.springframework.security.authentication.AuthenticationManager' authenticationManager and found beans of type 'org.springframework.security.core.userdetails.UserDetailsService' customUserDetailsService and found beans of type 'org.springframework.security.authentication.AuthenticationProvider' authenticationProvider (OnBeanCondition)
      Matched:
         - @ConditionalOnClass found required class 'org.springframework.security.authentication.AuthenticationManager' (OnClassCondition)
         - found 'session' scope (OnWebApplicationCondition)
         - AnyNestedCondition 1 matched 2 did not; NestedCondition on UserDetailsServiceAutoConfiguration.MissingAlternativeOrUserPropertiesConfigured.PasswordConfigured @ConditionalOnProperty (spring.security.user.password) did not find property 'spring.security.user.password'; NestedCondition on UserDetailsServiceAutoConfiguration.MissingAlternativeOrUserPropertiesConfigured.NameConfigured @ConditionalOnProperty (spring.security.user.name) did not find property 'spring.security.user.name'; NestedCondition on UserDetailsServiceAutoConfiguration.MissingAlternativeOrUserPropertiesConfigured.MissingAlternative @ConditionalOnMissingClass did not find unwanted classes 'org.springframework.security.oauth2.client.registration.ClientRegistrationRepository', 'org.springframework.security.oauth2.server.resource.introspection.OpaqueTokenIntrospector', 'org.springframework.security.saml2.provider.service.registration.RelyingPartyRegistrationRepository' (UserDetailsServiceAutoConfiguration.MissingAlternativeOrUserPropertiesConfigured)


Exclusions:
-----------

    None


Unconditional classes:
----------------------

    None



2025-11-10 01:38:03.028 [File Watcher]  INFO rtingClassPathChangeChangedEventListener : Restarting due to 19 class path changes (17 additions, 0 deletions, 2 modifications)
2025-11-10 01:38:03.030 [Thread-11]  INFO o.s.b.w.e.tomcat.GracefulShutdown        : Commencing graceful shutdown. Waiting for active requests to complete
2025-11-10 01:38:03.046 [tomcat-shutdown]  INFO o.s.b.w.e.tomcat.GracefulShutdown        : Graceful shutdown complete
2025-11-10 01:38:03.235 [restartedMain]  INFO com.book.swap.BookSwapApplication        : Starting BookSwapApplication using Java 23.0.2 with PID 11652 (C:\Users\dell\Desktop\books\book-swap\build\classes\java\main started by dell in C:\Users\dell\Desktop\books\book-swap)
2025-11-10 01:38:03.235 [restartedMain] DEBUG com.book.swap.BookSwapApplication        : Running with Spring Boot v3.5.6, Spring v6.2.11
2025-11-10 01:38:03.235 [restartedMain]  INFO com.book.swap.BookSwapApplication        : No active profile set, falling back to 1 default profile: "default"
2025-11-10 01:38:03.765 [restartedMain]  INFO .s.d.r.c.RepositoryConfigurationDelegate : Bootstrapping Spring Data MongoDB repositories in DEFAULT mode.
2025-11-10 01:38:03.796 [restartedMain]  INFO .s.d.r.c.RepositoryConfigurationDelegate : Finished Spring Data repository scanning in 28 ms. Found 6 MongoDB repository interfaces.
2025-11-10 01:38:04.060 [restartedMain]  INFO o.s.b.w.embedded.tomcat.TomcatWebServer  : Tomcat initialized with port 8089 (http)
2025-11-10 01:38:04.061 [restartedMain]  INFO o.apache.catalina.core.StandardService   : Starting service [Tomcat]
2025-11-10 01:38:04.061 [restartedMain]  INFO o.apache.catalina.core.StandardEngine    : Starting Servlet engine: [Apache Tomcat/10.1.46]
2025-11-10 01:38:04.090 [restartedMain]  INFO o.a.c.c.C.[Tomcat].[localhost].[/api]    : Initializing Spring embedded WebApplicationContext
2025-11-10 01:38:04.090 [restartedMain]  INFO w.s.c.ServletWebServerApplicationContext : Root WebApplicationContext: initialization completed in 849 ms
2025-11-10 01:38:04.347 [restartedMain] DEBUG c.b.s.security.JwtAuthenticationFilter   : Filter 'jwtAuthenticationFilter' configured for use
2025-11-10 01:38:04.350 [restartedMain]  INFO o.s.b.d.a.OptionalLiveReloadServer       : LiveReload server is running on port 35729
2025-11-10 01:38:04.380 [restartedMain]  INFO eAuthenticationProviderManagerConfigurer : Global AuthenticationManager configured with AuthenticationProvider bean with name authenticationProvider
2025-11-10 01:38:04.380 [restartedMain]  WARN r$InitializeUserDetailsManagerConfigurer : Global AuthenticationManager configured with an AuthenticationProvider bean. UserDetailsService beans will not be used by Spring Security for automatically configuring username/password login. Consider removing the AuthenticationProvider bean. Alternatively, consider using the UserDetailsService in a manually instantiated DaoAuthenticationProvider. If the current configuration is intentional, to turn off this warning, increase the logging level of 'org.springframework.security.config.annotation.authentication.configuration.InitializeUserDetailsBeanManagerConfigurer' to ERROR
2025-11-10 01:38:05.409 [restartedMain]  INFO o.s.b.a.e.web.EndpointLinksResolver      : Exposing 1 endpoint beneath base path '/actuator'
2025-11-10 01:38:05.467 [restartedMain]  INFO o.s.v.b.OptionalValidatorFactoryBean     : Failed to set up a Bean Validation provider: jakarta.validation.NoProviderFoundException: Unable to create a Configuration, because no Jakarta Validation provider could be found. Add a provider like Hibernate Validator (RI) to your classpath.
2025-11-10 01:38:05.558 [restartedMain]  INFO o.s.b.w.embedded.tomcat.TomcatWebServer  : Tomcat started on port 8089 (http) with context path '/api'
2025-11-10 01:38:05.565 [restartedMain]  INFO com.book.swap.BookSwapApplication        : Started BookSwapApplication in 2.374 seconds (process running for 694.79)
2025-11-10 01:38:05.567 [restartedMain]  INFO .ConditionEvaluationDeltaLoggingListener : Condition evaluation unchanged
2025-11-10 01:39:24.901 [File Watcher]  INFO rtingClassPathChangeChangedEventListener : Restarting due to 19 class path changes (0 additions, 19 deletions, 0 modifications)
2025-11-10 01:39:24.903 [Thread-15]  INFO o.s.b.w.e.tomcat.GracefulShutdown        : Commencing graceful shutdown. Waiting for active requests to complete
2025-11-10 01:39:24.920 [tomcat-shutdown]  INFO o.s.b.w.e.tomcat.GracefulShutdown        : Graceful shutdown complete
2025-11-10 01:39:25.231 [restartedMain]  INFO com.book.swap.BookSwapApplication        : Starting BookSwapApplication using Java 23.0.2 with PID 11652 (C:\Users\dell\Desktop\books\book-swap\build\classes\java\main started by dell in C:\Users\dell\Desktop\books\book-swap)
2025-11-10 01:39:25.231 [restartedMain] DEBUG com.book.swap.BookSwapApplication        : Running with Spring Boot v3.5.6, Spring v6.2.11
2025-11-10 01:39:25.232 [restartedMain]  INFO com.book.swap.BookSwapApplication        : No active profile set, falling back to 1 default profile: "default"
2025-11-10 01:39:26.057 [restartedMain]  INFO .s.d.r.c.RepositoryConfigurationDelegate : Bootstrapping Spring Data MongoDB repositories in DEFAULT mode.
2025-11-10 01:39:26.090 [restartedMain]  INFO .s.d.r.c.RepositoryConfigurationDelegate : Finished Spring Data repository scanning in 31 ms. Found 5 MongoDB repository interfaces.
2025-11-10 01:39:26.731 [restartedMain]  INFO o.s.b.w.embedded.tomcat.TomcatWebServer  : Tomcat initialized with port 8089 (http)
2025-11-10 01:39:26.732 [restartedMain]  INFO o.apache.catalina.core.StandardService   : Starting service [Tomcat]
2025-11-10 01:39:26.733 [restartedMain]  INFO o.apache.catalina.core.StandardEngine    : Starting Servlet engine: [Apache Tomcat/10.1.46]
2025-11-10 01:39:26.821 [restartedMain]  INFO o.a.c.c.C.[Tomcat].[localhost].[/api]    : Initializing Spring embedded WebApplicationContext
2025-11-10 01:39:26.822 [restartedMain]  INFO w.s.c.ServletWebServerApplicationContext : Root WebApplicationContext: initialization completed in 1582 ms
2025-11-10 01:39:27.294 [restartedMain]  INFO o.s.b.d.a.OptionalLiveReloadServer       : LiveReload server is running on port 35729
2025-11-10 01:39:27.589 [restartedMain]  INFO o.s.v.b.OptionalValidatorFactoryBean     : Failed to set up a Bean Validation provider: jakarta.validation.NoProviderFoundException: Unable to create a Configuration, because no Jakarta Validation provider could be found. Add a provider like Hibernate Validator (RI) to your classpath.
2025-11-10 01:39:27.803 [restartedMain]  WARN .s.s.UserDetailsServiceAutoConfiguration : 

Using generated security password: 52d9a498-cab9-47eb-a884-26c92904f0c1

This generated password is for development use only. Your security configuration must be updated before running your application in production.

2025-11-10 01:39:27.805 [restartedMain]  INFO r$InitializeUserDetailsManagerConfigurer : Global AuthenticationManager configured with UserDetailsService bean with name inMemoryUserDetailsManager
2025-11-10 01:39:27.827 [restartedMain]  INFO o.s.b.a.e.web.EndpointLinksResolver      : Exposing 1 endpoint beneath base path '/actuator'
2025-11-10 01:39:27.902 [restartedMain]  INFO o.s.b.w.embedded.tomcat.TomcatWebServer  : Tomcat started on port 8089 (http) with context path '/api'
2025-11-10 01:39:27.915 [restartedMain]  INFO com.book.swap.BookSwapApplication        : Started BookSwapApplication in 2.803 seconds (process running for 777.141)
2025-11-10 01:39:27.918 [restartedMain]  INFO .ConditionEvaluationDeltaLoggingListener : Condition evaluation delta:


==========================
CONDITION EVALUATION DELTA
==========================


Positive matches:
-----------------

   ManagementWebSecurityAutoConfiguration matched:
      - found 'session' scope (OnWebApplicationCondition)
      - AllNestedConditions 2 matched 0 did not; NestedCondition on DefaultWebSecurityCondition.Beans @ConditionalOnMissingBean (types: org.springframework.security.web.SecurityFilterChain; SearchStrategy: all) did not find any beans; NestedCondition on DefaultWebSecurityCondition.Classes @ConditionalOnClass found required classes 'org.springframework.security.web.SecurityFilterChain', 'org.springframework.security.config.annotation.web.builders.HttpSecurity' (DefaultWebSecurityCondition)

   SpringBootWebSecurityConfiguration.WebSecurityEnablerConfiguration matched:
      - @ConditionalOnClass found required class 'org.springframework.security.config.annotation.web.configuration.EnableWebSecurity' (OnClassCondition)
      - @ConditionalOnMissingBean (names: springSecurityFilterChain; SearchStrategy: all) did not find any beans (OnBeanCondition)

   UserDetailsServiceAutoConfiguration matched:
      - @ConditionalOnClass found required class 'org.springframework.security.authentication.AuthenticationManager' (OnClassCondition)
      - found 'session' scope (OnWebApplicationCondition)
      - AnyNestedCondition 1 matched 2 did not; NestedCondition on UserDetailsServiceAutoConfiguration.MissingAlternativeOrUserPropertiesConfigured.PasswordConfigured @ConditionalOnProperty (spring.security.user.password) did not find property 'spring.security.user.password'; NestedCondition on UserDetailsServiceAutoConfiguration.MissingAlternativeOrUserPropertiesConfigured.NameConfigured @ConditionalOnProperty (spring.security.user.name) did not find property 'spring.security.user.name'; NestedCondition on UserDetailsServiceAutoConfiguration.MissingAlternativeOrUserPropertiesConfigured.MissingAlternative @ConditionalOnMissingClass did not find unwanted classes 'org.springframework.security.oauth2.client.registration.ClientRegistrationRepository', 'org.springframework.security.oauth2.server.resource.introspection.OpaqueTokenIntrospector', 'org.springframework.security.saml2.provider.service.registration.RelyingPartyRegistrationRepository' (UserDetailsServiceAutoConfiguration.MissingAlternativeOrUserPropertiesConfigured)
      - @ConditionalOnBean (types: org.springframework.security.config.ObjectPostProcessor; SearchStrategy: all) found beans 'objectPostProcessor', 'webAuthorizationManagerPostProcessor', 'filterChainDecoratorPostProcessor', 'authenticationManagerPostProcessor'; @ConditionalOnMissingBean (types: org.springframework.security.authentication.AuthenticationManager,org.springframework.security.authentication.AuthenticationProvider,org.springframework.security.core.userdetails.UserDetailsService,org.springframework.security.authentication.AuthenticationManagerResolver,?; SearchStrategy: all) did not find any beans (OnBeanCondition)


Negative matches:
-----------------

    None


Exclusions:
-----------

    None


Unconditional classes:
----------------------

    None



2025-11-10 01:39:30.795 [File Watcher]  INFO rtingClassPathChangeChangedEventListener : Restarting due to 2 class path changes (2 additions, 0 deletions, 0 modifications)
2025-11-10 01:39:30.797 [Thread-19]  INFO o.s.b.w.e.tomcat.GracefulShutdown        : Commencing graceful shutdown. Waiting for active requests to complete
2025-11-10 01:39:30.814 [tomcat-shutdown]  INFO o.s.b.w.e.tomcat.GracefulShutdown        : Graceful shutdown complete
2025-11-10 01:39:30.959 [restartedMain]  INFO com.book.swap.BookSwapApplication        : Starting BookSwapApplication using Java 23.0.2 with PID 11652 (C:\Users\dell\Desktop\books\book-swap\build\classes\java\main started by dell in C:\Users\dell\Desktop\books\book-swap)
2025-11-10 01:39:30.960 [restartedMain] DEBUG com.book.swap.BookSwapApplication        : Running with Spring Boot v3.5.6, Spring v6.2.11
2025-11-10 01:39:30.960 [restartedMain]  INFO com.book.swap.BookSwapApplication        : No active profile set, falling back to 1 default profile: "default"
2025-11-10 01:39:31.899 [restartedMain]  INFO .s.d.r.c.RepositoryConfigurationDelegate : Bootstrapping Spring Data MongoDB repositories in DEFAULT mode.
2025-11-10 01:39:31.924 [restartedMain]  INFO .s.d.r.c.RepositoryConfigurationDelegate : Finished Spring Data repository scanning in 23 ms. Found 6 MongoDB repository interfaces.
2025-11-10 01:39:32.225 [restartedMain]  INFO o.s.b.w.embedded.tomcat.TomcatWebServer  : Tomcat initialized with port 8089 (http)
2025-11-10 01:39:32.238 [restartedMain]  INFO o.apache.catalina.core.StandardService   : Starting service [Tomcat]
2025-11-10 01:39:32.240 [restartedMain]  INFO o.apache.catalina.core.StandardEngine    : Starting Servlet engine: [Apache Tomcat/10.1.46]
2025-11-10 01:39:32.294 [restartedMain]  INFO o.a.c.c.C.[Tomcat].[localhost].[/api]    : Initializing Spring embedded WebApplicationContext
2025-11-10 01:39:32.295 [restartedMain]  INFO w.s.c.ServletWebServerApplicationContext : Root WebApplicationContext: initialization completed in 1330 ms
2025-11-10 01:39:32.678 [restartedMain] DEBUG c.b.s.security.JwtAuthenticationFilter   : Filter 'jwtAuthenticationFilter' configured for use
2025-11-10 01:39:32.683 [restartedMain]  INFO o.s.b.d.a.OptionalLiveReloadServer       : LiveReload server is running on port 35729
2025-11-10 01:39:32.705 [restartedMain]  INFO eAuthenticationProviderManagerConfigurer : Global AuthenticationManager configured with AuthenticationProvider bean with name authenticationProvider
2025-11-10 01:39:32.706 [restartedMain]  WARN r$InitializeUserDetailsManagerConfigurer : Global AuthenticationManager configured with an AuthenticationProvider bean. UserDetailsService beans will not be used by Spring Security for automatically configuring username/password login. Consider removing the AuthenticationProvider bean. Alternatively, consider using the UserDetailsService in a manually instantiated DaoAuthenticationProvider. If the current configuration is intentional, to turn off this warning, increase the logging level of 'org.springframework.security.config.annotation.authentication.configuration.InitializeUserDetailsBeanManagerConfigurer' to ERROR
2025-11-10 01:39:33.933 [restartedMain]  INFO o.s.b.a.e.web.EndpointLinksResolver      : Exposing 1 endpoint beneath base path '/actuator'
2025-11-10 01:39:33.999 [restartedMain]  INFO o.s.v.b.OptionalValidatorFactoryBean     : Failed to set up a Bean Validation provider: jakarta.validation.NoProviderFoundException: Unable to create a Configuration, because no Jakarta Validation provider could be found. Add a provider like Hibernate Validator (RI) to your classpath.
2025-11-10 01:39:34.095 [restartedMain]  INFO o.s.b.w.embedded.tomcat.TomcatWebServer  : Tomcat started on port 8089 (http) with context path '/api'
2025-11-10 01:39:34.118 [restartedMain]  INFO com.book.swap.BookSwapApplication        : Started BookSwapApplication in 3.226 seconds (process running for 783.344)
2025-11-10 01:39:34.120 [restartedMain]  INFO .ConditionEvaluationDeltaLoggingListener : Condition evaluation delta:


==========================
CONDITION EVALUATION DELTA
==========================


Positive matches:
-----------------

    None


Negative matches:
-----------------

   ManagementWebSecurityAutoConfiguration:
      Did not match:
         - AllNestedConditions 1 matched 1 did not; NestedCondition on DefaultWebSecurityCondition.Beans @ConditionalOnMissingBean (types: org.springframework.security.web.SecurityFilterChain; SearchStrategy: all) found beans of type 'org.springframework.security.web.SecurityFilterChain' securityFilterChain; NestedCondition on DefaultWebSecurityCondition.Classes @ConditionalOnClass found required classes 'org.springframework.security.web.SecurityFilterChain', 'org.springframework.security.config.annotation.web.builders.HttpSecurity' (DefaultWebSecurityCondition)
      Matched:
         - found 'session' scope (OnWebApplicationCondition)

   SpringBootWebSecurityConfiguration.WebSecurityEnablerConfiguration:
      Did not match:
         - @ConditionalOnMissingBean (names: springSecurityFilterChain; SearchStrategy: all) found beans named springSecurityFilterChain (OnBeanCondition)
      Matched:
         - @ConditionalOnClass found required class 'org.springframework.security.config.annotation.web.configuration.EnableWebSecurity' (OnClassCondition)

   UserDetailsServiceAutoConfiguration:
      Did not match:
         - @ConditionalOnMissingBean (types: org.springframework.security.authentication.AuthenticationManager,org.springframework.security.authentication.AuthenticationProvider,org.springframework.security.core.userdetails.UserDetailsService,org.springframework.security.authentication.AuthenticationManagerResolver,?; SearchStrategy: all) found beans of type 'org.springframework.security.authentication.AuthenticationManager' authenticationManager and found beans of type 'org.springframework.security.core.userdetails.UserDetailsService' customUserDetailsService and found beans of type 'org.springframework.security.authentication.AuthenticationProvider' authenticationProvider (OnBeanCondition)
      Matched:
         - @ConditionalOnClass found required class 'org.springframework.security.authentication.AuthenticationManager' (OnClassCondition)
         - found 'session' scope (OnWebApplicationCondition)
         - AnyNestedCondition 1 matched 2 did not; NestedCondition on UserDetailsServiceAutoConfiguration.MissingAlternativeOrUserPropertiesConfigured.PasswordConfigured @ConditionalOnProperty (spring.security.user.password) did not find property 'spring.security.user.password'; NestedCondition on UserDetailsServiceAutoConfiguration.MissingAlternativeOrUserPropertiesConfigured.NameConfigured @ConditionalOnProperty (spring.security.user.name) did not find property 'spring.security.user.name'; NestedCondition on UserDetailsServiceAutoConfiguration.MissingAlternativeOrUserPropertiesConfigured.MissingAlternative @ConditionalOnMissingClass did not find unwanted classes 'org.springframework.security.oauth2.client.registration.ClientRegistrationRepository', 'org.springframework.security.oauth2.server.resource.introspection.OpaqueTokenIntrospector', 'org.springframework.security.saml2.provider.service.registration.RelyingPartyRegistrationRepository' (UserDetailsServiceAutoConfiguration.MissingAlternativeOrUserPropertiesConfigured)


Exclusions:
-----------

    None


Unconditional classes:
----------------------

    None



2025-11-10 01:39:35.623 [File Watcher]  INFO rtingClassPathChangeChangedEventListener : Restarting due to 19 class path changes (17 additions, 0 deletions, 2 modifications)
2025-11-10 01:39:35.624 [Thread-23]  INFO o.s.b.w.e.tomcat.GracefulShutdown        : Commencing graceful shutdown. Waiting for active requests to complete
2025-11-10 01:39:35.643 [tomcat-shutdown]  INFO o.s.b.w.e.tomcat.GracefulShutdown        : Graceful shutdown complete
2025-11-10 01:39:36.234 [restartedMain]  INFO com.book.swap.BookSwapApplication        : Starting BookSwapApplication using Java 23.0.2 with PID 11652 (C:\Users\dell\Desktop\books\book-swap\build\classes\java\main started by dell in C:\Users\dell\Desktop\books\book-swap)
2025-11-10 01:39:36.235 [restartedMain] DEBUG com.book.swap.BookSwapApplication        : Running with Spring Boot v3.5.6, Spring v6.2.11
2025-11-10 01:39:36.235 [restartedMain]  INFO com.book.swap.BookSwapApplication        : No active profile set, falling back to 1 default profile: "default"
2025-11-10 01:39:36.671 [restartedMain]  INFO .s.d.r.c.RepositoryConfigurationDelegate : Bootstrapping Spring Data MongoDB repositories in DEFAULT mode.
2025-11-10 01:39:36.689 [restartedMain]  INFO .s.d.r.c.RepositoryConfigurationDelegate : Finished Spring Data repository scanning in 18 ms. Found 6 MongoDB repository interfaces.
2025-11-10 01:39:36.989 [restartedMain]  INFO o.s.b.w.embedded.tomcat.TomcatWebServer  : Tomcat initialized with port 8089 (http)
2025-11-10 01:39:36.990 [restartedMain]  INFO o.apache.catalina.core.StandardService   : Starting service [Tomcat]
2025-11-10 01:39:36.991 [restartedMain]  INFO o.apache.catalina.core.StandardEngine    : Starting Servlet engine: [Apache Tomcat/10.1.46]
2025-11-10 01:39:37.042 [restartedMain]  INFO o.a.c.c.C.[Tomcat].[localhost].[/api]    : Initializing Spring embedded WebApplicationContext
2025-11-10 01:39:37.042 [restartedMain]  INFO w.s.c.ServletWebServerApplicationContext : Root WebApplicationContext: initialization completed in 802 ms
2025-11-10 01:39:37.295 [restartedMain] DEBUG c.b.s.security.JwtAuthenticationFilter   : Filter 'jwtAuthenticationFilter' configured for use
2025-11-10 01:39:37.298 [restartedMain]  INFO o.s.b.d.a.OptionalLiveReloadServer       : LiveReload server is running on port 35729
2025-11-10 01:39:37.318 [restartedMain]  INFO eAuthenticationProviderManagerConfigurer : Global AuthenticationManager configured with AuthenticationProvider bean with name authenticationProvider
2025-11-10 01:39:37.319 [restartedMain]  WARN r$InitializeUserDetailsManagerConfigurer : Global AuthenticationManager configured with an AuthenticationProvider bean. UserDetailsService beans will not be used by Spring Security for automatically configuring username/password login. Consider removing the AuthenticationProvider bean. Alternatively, consider using the UserDetailsService in a manually instantiated DaoAuthenticationProvider. If the current configuration is intentional, to turn off this warning, increase the logging level of 'org.springframework.security.config.annotation.authentication.configuration.InitializeUserDetailsBeanManagerConfigurer' to ERROR
2025-11-10 01:39:38.665 [restartedMain]  INFO o.s.b.a.e.web.EndpointLinksResolver      : Exposing 1 endpoint beneath base path '/actuator'
2025-11-10 01:39:38.709 [restartedMain]  INFO o.s.v.b.OptionalValidatorFactoryBean     : Failed to set up a Bean Validation provider: jakarta.validation.NoProviderFoundException: Unable to create a Configuration, because no Jakarta Validation provider could be found. Add a provider like Hibernate Validator (RI) to your classpath.
2025-11-10 01:39:38.776 [restartedMain]  INFO o.s.b.w.embedded.tomcat.TomcatWebServer  : Tomcat started on port 8089 (http) with context path '/api'
2025-11-10 01:39:38.781 [restartedMain]  INFO com.book.swap.BookSwapApplication        : Started BookSwapApplication in 2.602 seconds (process running for 788.007)
2025-11-10 01:39:38.782 [restartedMain]  INFO .ConditionEvaluationDeltaLoggingListener : Condition evaluation unchanged
2025-11-10 01:39:52.385 [File Watcher]  INFO rtingClassPathChangeChangedEventListener : Restarting due to 19 class path changes (0 additions, 19 deletions, 0 modifications)
2025-11-10 01:39:52.387 [Thread-27]  INFO o.s.b.w.e.tomcat.GracefulShutdown        : Commencing graceful shutdown. Waiting for active requests to complete
2025-11-10 01:39:52.403 [tomcat-shutdown]  INFO o.s.b.w.e.tomcat.GracefulShutdown        : Graceful shutdown complete
2025-11-10 01:39:52.618 [restartedMain]  INFO com.book.swap.BookSwapApplication        : Starting BookSwapApplication using Java 23.0.2 with PID 11652 (C:\Users\dell\Desktop\books\book-swap\build\classes\java\main started by dell in C:\Users\dell\Desktop\books\book-swap)
2025-11-10 01:39:52.618 [restartedMain] DEBUG com.book.swap.BookSwapApplication        : Running with Spring Boot v3.5.6, Spring v6.2.11
2025-11-10 01:39:52.619 [restartedMain]  INFO com.book.swap.BookSwapApplication        : No active profile set, falling back to 1 default profile: "default"
2025-11-10 01:39:53.123 [restartedMain]  INFO .s.d.r.c.RepositoryConfigurationDelegate : Bootstrapping Spring Data MongoDB repositories in DEFAULT mode.
2025-11-10 01:39:53.147 [restartedMain]  INFO .s.d.r.c.RepositoryConfigurationDelegate : Finished Spring Data repository scanning in 22 ms. Found 5 MongoDB repository interfaces.
2025-11-10 01:39:53.504 [restartedMain]  INFO o.s.b.w.embedded.tomcat.TomcatWebServer  : Tomcat initialized with port 8089 (http)
2025-11-10 01:39:53.505 [restartedMain]  INFO o.apache.catalina.core.StandardService   : Starting service [Tomcat]
2025-11-10 01:39:53.506 [restartedMain]  INFO o.apache.catalina.core.StandardEngine    : Starting Servlet engine: [Apache Tomcat/10.1.46]
2025-11-10 01:39:53.588 [restartedMain]  INFO o.a.c.c.C.[Tomcat].[localhost].[/api]    : Initializing Spring embedded WebApplicationContext
2025-11-10 01:39:53.588 [restartedMain]  INFO w.s.c.ServletWebServerApplicationContext : Root WebApplicationContext: initialization completed in 965 ms
2025-11-10 01:39:53.857 [restartedMain]  INFO o.s.b.d.a.OptionalLiveReloadServer       : LiveReload server is running on port 35729
2025-11-10 01:39:54.105 [restartedMain]  INFO o.s.v.b.OptionalValidatorFactoryBean     : Failed to set up a Bean Validation provider: jakarta.validation.NoProviderFoundException: Unable to create a Configuration, because no Jakarta Validation provider could be found. Add a provider like Hibernate Validator (RI) to your classpath.
2025-11-10 01:39:54.379 [restartedMain]  WARN .s.s.UserDetailsServiceAutoConfiguration : 

Using generated security password: fc6384dd-5a4e-4ac0-baaa-612838f7c706

This generated password is for development use only. Your security configuration must be updated before running your application in production.

2025-11-10 01:39:54.385 [restartedMain]  INFO r$InitializeUserDetailsManagerConfigurer : Global AuthenticationManager configured with UserDetailsService bean with name inMemoryUserDetailsManager
2025-11-10 01:39:54.443 [restartedMain]  INFO o.s.b.a.e.web.EndpointLinksResolver      : Exposing 1 endpoint beneath base path '/actuator'
2025-11-10 01:39:54.541 [restartedMain]  INFO o.s.b.w.embedded.tomcat.TomcatWebServer  : Tomcat started on port 8089 (http) with context path '/api'
2025-11-10 01:39:54.559 [restartedMain]  INFO com.book.swap.BookSwapApplication        : Started BookSwapApplication in 1.997 seconds (process running for 803.784)
2025-11-10 01:39:54.563 [restartedMain]  INFO .ConditionEvaluationDeltaLoggingListener : Condition evaluation delta:


==========================
CONDITION EVALUATION DELTA
==========================


Positive matches:
-----------------

   ManagementWebSecurityAutoConfiguration matched:
      - found 'session' scope (OnWebApplicationCondition)
      - AllNestedConditions 2 matched 0 did not; NestedCondition on DefaultWebSecurityCondition.Beans @ConditionalOnMissingBean (types: org.springframework.security.web.SecurityFilterChain; SearchStrategy: all) did not find any beans; NestedCondition on DefaultWebSecurityCondition.Classes @ConditionalOnClass found required classes 'org.springframework.security.web.SecurityFilterChain', 'org.springframework.security.config.annotation.web.builders.HttpSecurity' (DefaultWebSecurityCondition)

   SpringBootWebSecurityConfiguration.WebSecurityEnablerConfiguration matched:
      - @ConditionalOnClass found required class 'org.springframework.security.config.annotation.web.configuration.EnableWebSecurity' (OnClassCondition)
      - @ConditionalOnMissingBean (names: springSecurityFilterChain; SearchStrategy: all) did not find any beans (OnBeanCondition)

   UserDetailsServiceAutoConfiguration matched:
      - @ConditionalOnClass found required class 'org.springframework.security.authentication.AuthenticationManager' (OnClassCondition)
      - found 'session' scope (OnWebApplicationCondition)
      - AnyNestedCondition 1 matched 2 did not; NestedCondition on UserDetailsServiceAutoConfiguration.MissingAlternativeOrUserPropertiesConfigured.PasswordConfigured @ConditionalOnProperty (spring.security.user.password) did not find property 'spring.security.user.password'; NestedCondition on UserDetailsServiceAutoConfiguration.MissingAlternativeOrUserPropertiesConfigured.NameConfigured @ConditionalOnProperty (spring.security.user.name) did not find property 'spring.security.user.name'; NestedCondition on UserDetailsServiceAutoConfiguration.MissingAlternativeOrUserPropertiesConfigured.MissingAlternative @ConditionalOnMissingClass did not find unwanted classes 'org.springframework.security.oauth2.client.registration.ClientRegistrationRepository', 'org.springframework.security.oauth2.server.resource.introspection.OpaqueTokenIntrospector', 'org.springframework.security.saml2.provider.service.registration.RelyingPartyRegistrationRepository' (UserDetailsServiceAutoConfiguration.MissingAlternativeOrUserPropertiesConfigured)
      - @ConditionalOnBean (types: org.springframework.security.config.ObjectPostProcessor; SearchStrategy: all) found beans 'objectPostProcessor', 'webAuthorizationManagerPostProcessor', 'filterChainDecoratorPostProcessor', 'authenticationManagerPostProcessor'; @ConditionalOnMissingBean (types: org.springframework.security.authentication.AuthenticationManager,org.springframework.security.authentication.AuthenticationProvider,org.springframework.security.core.userdetails.UserDetailsService,org.springframework.security.authentication.AuthenticationManagerResolver,?; SearchStrategy: all) did not find any beans (OnBeanCondition)


Negative matches:
-----------------

    None


Exclusions:
-----------

    None


Unconditional classes:
----------------------

    None



2025-11-10 01:39:59.023 [File Watcher]  INFO rtingClassPathChangeChangedEventListener : Restarting due to 19 class path changes (19 additions, 0 deletions, 0 modifications)
2025-11-10 01:39:59.024 [Thread-31]  INFO o.s.b.w.e.tomcat.GracefulShutdown        : Commencing graceful shutdown. Waiting for active requests to complete
2025-11-10 01:39:59.042 [tomcat-shutdown]  INFO o.s.b.w.e.tomcat.GracefulShutdown        : Graceful shutdown complete
2025-11-10 01:39:59.204 [restartedMain]  INFO com.book.swap.BookSwapApplication        : Starting BookSwapApplication using Java 23.0.2 with PID 11652 (C:\Users\dell\Desktop\books\book-swap\build\classes\java\main started by dell in C:\Users\dell\Desktop\books\book-swap)
2025-11-10 01:39:59.204 [restartedMain] DEBUG com.book.swap.BookSwapApplication        : Running with Spring Boot v3.5.6, Spring v6.2.11
2025-11-10 01:39:59.205 [restartedMain]  INFO com.book.swap.BookSwapApplication        : No active profile set, falling back to 1 default profile: "default"
2025-11-10 01:39:59.809 [restartedMain]  INFO .s.d.r.c.RepositoryConfigurationDelegate : Bootstrapping Spring Data MongoDB repositories in DEFAULT mode.
2025-11-10 01:40:00.252 [restartedMain]  INFO .s.d.r.c.RepositoryConfigurationDelegate : Finished Spring Data repository scanning in 440 ms. Found 6 MongoDB repository interfaces.
2025-11-10 01:40:00.686 [restartedMain]  INFO o.s.b.w.embedded.tomcat.TomcatWebServer  : Tomcat initialized with port 8089 (http)
2025-11-10 01:40:00.686 [restartedMain]  INFO o.apache.catalina.core.StandardService   : Starting service [Tomcat]
2025-11-10 01:40:00.686 [restartedMain]  INFO o.apache.catalina.core.StandardEngine    : Starting Servlet engine: [Apache Tomcat/10.1.46]
2025-11-10 01:40:00.702 [restartedMain]  INFO o.a.c.c.C.[Tomcat].[localhost].[/api]    : Initializing Spring embedded WebApplicationContext
2025-11-10 01:40:00.702 [restartedMain]  INFO w.s.c.ServletWebServerApplicationContext : Root WebApplicationContext: initialization completed in 1493 ms
2025-11-10 01:40:01.132 [restartedMain] DEBUG c.b.s.security.JwtAuthenticationFilter   : Filter 'jwtAuthenticationFilter' configured for use
2025-11-10 01:40:01.136 [restartedMain]  INFO o.s.b.d.a.OptionalLiveReloadServer       : LiveReload server is running on port 35729
2025-11-10 01:40:01.167 [restartedMain]  INFO eAuthenticationProviderManagerConfigurer : Global AuthenticationManager configured with AuthenticationProvider bean with name authenticationProvider
2025-11-10 01:40:01.168 [restartedMain]  WARN r$InitializeUserDetailsManagerConfigurer : Global AuthenticationManager configured with an AuthenticationProvider bean. UserDetailsService beans will not be used by Spring Security for automatically configuring username/password login. Consider removing the AuthenticationProvider bean. Alternatively, consider using the UserDetailsService in a manually instantiated DaoAuthenticationProvider. If the current configuration is intentional, to turn off this warning, increase the logging level of 'org.springframework.security.config.annotation.authentication.configuration.InitializeUserDetailsBeanManagerConfigurer' to ERROR
2025-11-10 01:40:02.124 [restartedMain]  INFO o.s.b.a.e.web.EndpointLinksResolver      : Exposing 1 endpoint beneath base path '/actuator'
2025-11-10 01:40:02.170 [restartedMain]  INFO o.s.v.b.OptionalValidatorFactoryBean     : Failed to set up a Bean Validation provider: jakarta.validation.NoProviderFoundException: Unable to create a Configuration, because no Jakarta Validation provider could be found. Add a provider like Hibernate Validator (RI) to your classpath.
2025-11-10 01:40:02.247 [restartedMain]  INFO o.s.b.w.embedded.tomcat.TomcatWebServer  : Tomcat started on port 8089 (http) with context path '/api'
2025-11-10 01:40:02.253 [restartedMain]  INFO com.book.swap.BookSwapApplication        : Started BookSwapApplication in 3.091 seconds (process running for 811.479)
2025-11-10 01:40:02.254 [restartedMain]  INFO .ConditionEvaluationDeltaLoggingListener : Condition evaluation delta:


==========================
CONDITION EVALUATION DELTA
==========================


Positive matches:
-----------------

    None


Negative matches:
-----------------

   ManagementWebSecurityAutoConfiguration:
      Did not match:
         - AllNestedConditions 1 matched 1 did not; NestedCondition on DefaultWebSecurityCondition.Beans @ConditionalOnMissingBean (types: org.springframework.security.web.SecurityFilterChain; SearchStrategy: all) found beans of type 'org.springframework.security.web.SecurityFilterChain' securityFilterChain; NestedCondition on DefaultWebSecurityCondition.Classes @ConditionalOnClass found required classes 'org.springframework.security.web.SecurityFilterChain', 'org.springframework.security.config.annotation.web.builders.HttpSecurity' (DefaultWebSecurityCondition)
      Matched:
         - found 'session' scope (OnWebApplicationCondition)

   SpringBootWebSecurityConfiguration.WebSecurityEnablerConfiguration:
      Did not match:
         - @ConditionalOnMissingBean (names: springSecurityFilterChain; SearchStrategy: all) found beans named springSecurityFilterChain (OnBeanCondition)
      Matched:
         - @ConditionalOnClass found required class 'org.springframework.security.config.annotation.web.configuration.EnableWebSecurity' (OnClassCondition)

   UserDetailsServiceAutoConfiguration:
      Did not match:
         - @ConditionalOnMissingBean (types: org.springframework.security.authentication.AuthenticationManager,org.springframework.security.authentication.AuthenticationProvider,org.springframework.security.core.userdetails.UserDetailsService,org.springframework.security.authentication.AuthenticationManagerResolver,?; SearchStrategy: all) found beans of type 'org.springframework.security.authentication.AuthenticationManager' authenticationManager and found beans of type 'org.springframework.security.core.userdetails.UserDetailsService' customUserDetailsService and found beans of type 'org.springframework.security.authentication.AuthenticationProvider' authenticationProvider (OnBeanCondition)
      Matched:
         - @ConditionalOnClass found required class 'org.springframework.security.authentication.AuthenticationManager' (OnClassCondition)
         - found 'session' scope (OnWebApplicationCondition)
         - AnyNestedCondition 1 matched 2 did not; NestedCondition on UserDetailsServiceAutoConfiguration.MissingAlternativeOrUserPropertiesConfigured.PasswordConfigured @ConditionalOnProperty (spring.security.user.password) did not find property 'spring.security.user.password'; NestedCondition on UserDetailsServiceAutoConfiguration.MissingAlternativeOrUserPropertiesConfigured.NameConfigured @ConditionalOnProperty (spring.security.user.name) did not find property 'spring.security.user.name'; NestedCondition on UserDetailsServiceAutoConfiguration.MissingAlternativeOrUserPropertiesConfigured.MissingAlternative @ConditionalOnMissingClass did not find unwanted classes 'org.springframework.security.oauth2.client.registration.ClientRegistrationRepository', 'org.springframework.security.oauth2.server.resource.introspection.OpaqueTokenIntrospector', 'org.springframework.security.saml2.provider.service.registration.RelyingPartyRegistrationRepository' (UserDetailsServiceAutoConfiguration.MissingAlternativeOrUserPropertiesConfigured)


Exclusions:
-----------

    None


Unconditional classes:
----------------------

    None



2025-11-10 01:40:42.106 [main]  INFO com.book.swap.BookSwapApplication        : Starting BookSwapApplication using Java 17.0.16 with PID 7748 (C:\Users\dell\Desktop\books\book-swap\build\classes\java\main started by dell in C:\Users\dell\Desktop\books\book-swap)
2025-11-10 01:40:42.114 [main] DEBUG com.book.swap.BookSwapApplication        : Running with Spring Boot v3.5.6, Spring v6.2.11
2025-11-10 01:40:42.117 [main]  INFO com.book.swap.BookSwapApplication        : No active profile set, falling back to 1 default profile: "default"
2025-11-10 01:40:44.870 [main]  INFO .s.d.r.c.RepositoryConfigurationDelegate : Bootstrapping Spring Data MongoDB repositories in DEFAULT mode.
2025-11-10 01:40:45.588 [main]  INFO .s.d.r.c.RepositoryConfigurationDelegate : Finished Spring Data repository scanning in 707 ms. Found 6 MongoDB repository interfaces.
2025-11-10 01:40:49.700 [main]  INFO anValidationBeanRegistrationAotProcessor : No Bean Validation provider available - skipping validation constraint hint inference
2025-11-10 01:41:02.344 [restartedMain]  INFO com.book.swap.BookSwapApplication        : Starting BookSwapApplication using Java 23.0.2 with PID 22180 (C:\Users\dell\Desktop\books\book-swap\build\classes\java\main started by dell in C:\Users\dell\Desktop\books\book-swap)
2025-11-10 01:41:02.617 [restartedMain] DEBUG com.book.swap.BookSwapApplication        : Running with Spring Boot v3.5.6, Spring v6.2.11
2025-11-10 01:41:02.619 [restartedMain]  INFO com.book.swap.BookSwapApplication        : No active profile set, falling back to 1 default profile: "default"
2025-11-10 01:41:02.757 [restartedMain]  INFO .e.DevToolsPropertyDefaultsPostProcessor : Devtools property defaults active! Set 'spring.devtools.add-properties' to 'false' to disable
2025-11-10 01:41:02.757 [restartedMain]  INFO .e.DevToolsPropertyDefaultsPostProcessor : For additional web related logging consider setting the 'logging.level.web' property to 'DEBUG'
2025-11-10 01:41:04.781 [restartedMain]  INFO .s.d.r.c.RepositoryConfigurationDelegate : Bootstrapping Spring Data MongoDB repositories in DEFAULT mode.
2025-11-10 01:41:04.966 [restartedMain]  INFO .s.d.r.c.RepositoryConfigurationDelegate : Finished Spring Data repository scanning in 176 ms. Found 6 MongoDB repository interfaces.
2025-11-10 01:41:07.915 [restartedMain]  INFO o.s.b.w.embedded.tomcat.TomcatWebServer  : Tomcat initialized with port 8089 (http)
2025-11-10 01:41:07.944 [restartedMain]  INFO o.apache.catalina.core.StandardService   : Starting service [Tomcat]
2025-11-10 01:41:07.944 [restartedMain]  INFO o.apache.catalina.core.StandardEngine    : Starting Servlet engine: [Apache Tomcat/10.1.46]
2025-11-10 01:41:08.070 [restartedMain]  INFO o.a.c.c.C.[Tomcat].[localhost].[/api]    : Initializing Spring embedded WebApplicationContext
2025-11-10 01:41:08.072 [restartedMain]  INFO w.s.c.ServletWebServerApplicationContext : Root WebApplicationContext: initialization completed in 5312 ms
2025-11-10 01:41:10.901 [restartedMain] DEBUG c.b.s.security.JwtAuthenticationFilter   : Filter 'jwtAuthenticationFilter' configured for use
2025-11-10 01:41:10.944 [restartedMain]  INFO o.s.b.d.a.OptionalLiveReloadServer       : LiveReload server is running on port 35729
2025-11-10 01:41:11.147 [restartedMain]  INFO eAuthenticationProviderManagerConfigurer : Global AuthenticationManager configured with AuthenticationProvider bean with name authenticationProvider
2025-11-10 01:41:11.148 [restartedMain]  WARN r$InitializeUserDetailsManagerConfigurer : Global AuthenticationManager configured with an AuthenticationProvider bean. UserDetailsService beans will not be used by Spring Security for automatically configuring username/password login. Consider removing the AuthenticationProvider bean. Alternatively, consider using the UserDetailsService in a manually instantiated DaoAuthenticationProvider. If the current configuration is intentional, to turn off this warning, increase the logging level of 'org.springframework.security.config.annotation.authentication.configuration.InitializeUserDetailsBeanManagerConfigurer' to ERROR
2025-11-10 01:41:13.615 [restartedMain]  INFO o.s.b.a.e.web.EndpointLinksResolver      : Exposing 1 endpoint beneath base path '/actuator'
2025-11-10 01:41:14.098 [restartedMain]  INFO o.s.v.b.OptionalValidatorFactoryBean     : Failed to set up a Bean Validation provider: jakarta.validation.NoProviderFoundException: Unable to create a Configuration, because no Jakarta Validation provider could be found. Add a provider like Hibernate Validator (RI) to your classpath.
2025-11-10 01:41:15.002 [restartedMain]  INFO o.s.b.w.embedded.tomcat.TomcatWebServer  : Tomcat started on port 8089 (http) with context path '/api'
2025-11-10 01:41:15.031 [restartedMain]  INFO com.book.swap.BookSwapApplication        : Started BookSwapApplication in 14.144 seconds (process running for 14.891)
2025-11-10 01:41:23.562 [http-nio-8089-exec-2]  INFO o.a.c.c.C.[Tomcat].[localhost].[/api]    : Initializing Spring DispatcherServlet 'dispatcherServlet'
2025-11-10 01:41:23.563 [http-nio-8089-exec-2]  INFO o.s.web.servlet.DispatcherServlet        : Initializing Servlet 'dispatcherServlet'
2025-11-10 01:41:23.564 [http-nio-8089-exec-2]  INFO o.s.web.servlet.DispatcherServlet        : Completed initialization in 1 ms
2025-11-10 01:41:23.656 [http-nio-8089-exec-2] DEBUG c.b.s.security.JwtAuthenticationFilter   : ➡️ Incoming request path: /api/user/get-all-users
2025-11-10 01:41:23.933 [http-nio-8089-exec-2] DEBUG c.b.s.security.CustomUserDetailsService  : Loaded user: alpha@gmail.com with roles [ROLE_USER]
2025-11-10 01:41:23.937 [http-nio-8089-exec-2] DEBUG com.book.swap.security.JwtService        : Checking token for username alpha@gmail.com, alpha@gmail.com
2025-11-10 01:41:23.939 [http-nio-8089-exec-2] DEBUG com.book.swap.security.JwtService        : Token expired for isValid false
2025-11-10 01:41:23.943 [http-nio-8089-exec-2] ERROR c.b.s.security.JwtAuthenticationFilter   : 🔥 Unexpected JWT error: Cannot convert existing claim value of type 'class java.lang.Long' to desired type 'class java.lang.String'. JJWT only converts simple String, Date, Long, Integer, Short and Byte types automatically. Anything more complex is expected to be already converted to your desired type by the JSON Deserializer implementation. You may specify a custom Deserializer for a JwtParser with the desired conversion configuration via the JwtParserBuilder.deserializeJsonWith() method. See https://github.com/jwtk/jjwt#custom-json-processor for more information. If using Jackson, you can specify custom claim POJO types as described in https://github.com/jwtk/jjwt#json-jackson-custom-types
io.jsonwebtoken.RequiredTypeException: Cannot convert existing claim value of type 'class java.lang.Long' to desired type 'class java.lang.String'. JJWT only converts simple String, Date, Long, Integer, Short and Byte types automatically. Anything more complex is expected to be already converted to your desired type by the JSON Deserializer implementation. You may specify a custom Deserializer for a JwtParser with the desired conversion configuration via the JwtParserBuilder.deserializeJsonWith() method. See https://github.com/jwtk/jjwt#custom-json-processor for more information. If using Jackson, you can specify custom claim POJO types as described in https://github.com/jwtk/jjwt#json-jackson-custom-types
	at io.jsonwebtoken.impl.DefaultClaims.castClaimValue(DefaultClaims.java:169)
	at io.jsonwebtoken.impl.DefaultClaims.get(DefaultClaims.java:152)
	at com.book.swap.security.JwtService.lambda$extractSessionId$0(JwtService.java:47)
	at com.book.swap.security.JwtService.extractClaim(JwtService.java:56)
	at com.book.swap.security.JwtService.extractSessionId(JwtService.java:47)
	at com.book.swap.security.JwtService.isValidSessionId(JwtService.java:107)
	at com.book.swap.security.JwtService.isTokenValid(JwtService.java:103)
	at com.book.swap.security.JwtAuthenticationFilter.doFilterInternal(JwtAuthenticationFilter.java:62)
	at org.springframework.web.filter.OncePerRequestFilter.doFilter(OncePerRequestFilter.java:116)
	at org.springframework.security.web.ObservationFilterChainDecorator$ObservationFilter.wrapFilter(ObservationFilterChainDecorator.java:241)
	at org.springframework.security.web.ObservationFilterChainDecorator$ObservationFilter.doFilter(ObservationFilterChainDecorator.java:228)
	at org.springframework.security.web.ObservationFilterChainDecorator$VirtualFilterChain.doFilter(ObservationFilterChainDecorator.java:138)
	at org.springframework.security.web.authentication.logout.LogoutFilter.doFilter(LogoutFilter.java:107)
	at org.springframework.security.web.authentication.logout.LogoutFilter.doFilter(LogoutFilter.java:93)
	at org.springframework.security.web.ObservationFilterChainDecorator$ObservationFilter.wrapFilter(ObservationFilterChainDecorator.java:241)
	at org.springframework.security.web.ObservationFilterChainDecorator$ObservationFilter.doFilter(ObservationFilterChainDecorator.java:228)
	at org.springframework.security.web.ObservationFilterChainDecorator$VirtualFilterChain.doFilter(ObservationFilterChainDecorator.java:138)
	at org.springframework.web.filter.CorsFilter.doFilterInternal(CorsFilter.java:91)
	at org.springframework.web.filter.OncePerRequestFilter.doFilter(OncePerRequestFilter.java:116)
	at org.springframework.security.web.ObservationFilterChainDecorator$ObservationFilter.wrapFilter(ObservationFilterChainDecorator.java:241)
	at org.springframework.security.web.ObservationFilterChainDecorator$ObservationFilter.doFilter(ObservationFilterChainDecorator.java:228)
	at org.springframework.security.web.ObservationFilterChainDecorator$VirtualFilterChain.doFilter(ObservationFilterChainDecorator.java:138)
	at org.springframework.security.web.header.HeaderWriterFilter.doHeadersAfter(HeaderWriterFilter.java:90)
	at org.springframework.security.web.header.HeaderWriterFilter.doFilterInternal(HeaderWriterFilter.java:75)
	at org.springframework.web.filter.OncePerRequestFilter.doFilter(OncePerRequestFilter.java:116)
	at org.springframework.security.web.ObservationFilterChainDecorator$ObservationFilter.wrapFilter(ObservationFilterChainDecorator.java:241)
	at org.springframework.security.web.ObservationFilterChainDecorator$ObservationFilter.doFilter(ObservationFilterChainDecorator.java:228)
	at org.springframework.security.web.ObservationFilterChainDecorator$VirtualFilterChain.doFilter(ObservationFilterChainDecorator.java:138)
	at org.springframework.security.web.context.SecurityContextHolderFilter.doFilter(SecurityContextHolderFilter.java:82)
	at org.springframework.security.web.context.SecurityContextHolderFilter.doFilter(SecurityContextHolderFilter.java:69)
	at org.springframework.security.web.ObservationFilterChainDecorator$ObservationFilter.wrapFilter(ObservationFilterChainDecorator.java:241)
	at org.springframework.security.web.ObservationFilterChainDecorator$ObservationFilter.doFilter(ObservationFilterChainDecorator.java:228)
	at org.springframework.security.web.ObservationFilterChainDecorator$VirtualFilterChain.doFilter(ObservationFilterChainDecorator.java:138)
	at org.springframework.security.web.context.request.async.WebAsyncManagerIntegrationFilter.doFilterInternal(WebAsyncManagerIntegrationFilter.java:62)
	at org.springframework.web.filter.OncePerRequestFilter.doFilter(OncePerRequestFilter.java:116)
	at org.springframework.security.web.ObservationFilterChainDecorator$ObservationFilter.wrapFilter(ObservationFilterChainDecorator.java:241)
	at org.springframework.security.web.ObservationFilterChainDecorator$ObservationFilter.doFilter(ObservationFilterChainDecorator.java:228)
	at org.springframework.security.web.ObservationFilterChainDecorator$VirtualFilterChain.doFilter(ObservationFilterChainDecorator.java:138)
	at org.springframework.security.web.session.DisableEncodeUrlFilter.doFilterInternal(DisableEncodeUrlFilter.java:42)
	at org.springframework.web.filter.OncePerRequestFilter.doFilter(OncePerRequestFilter.java:116)
	at org.springframework.security.web.ObservationFilterChainDecorator$ObservationFilter.wrapFilter(ObservationFilterChainDecorator.java:241)
	at org.springframework.security.web.ObservationFilterChainDecorator$AroundFilterObservation$SimpleAroundFilterObservation.lambda$wrap$0(ObservationFilterChainDecorator.java:334)
	at org.springframework.security.web.ObservationFilterChainDecorator$ObservationFilter.doFilter(ObservationFilterChainDecorator.java:225)
	at org.springframework.security.web.ObservationFilterChainDecorator$VirtualFilterChain.doFilter(ObservationFilterChainDecorator.java:138)
	at org.springframework.security.web.FilterChainProxy.doFilterInternal(FilterChainProxy.java:233)
	at org.springframework.security.web.FilterChainProxy.doFilter(FilterChainProxy.java:191)
	at org.springframework.web.filter.CompositeFilter$VirtualFilterChain.doFilter(CompositeFilter.java:113)
	at org.springframework.web.filter.ServletRequestPathFilter.doFilter(ServletRequestPathFilter.java:52)
	at org.springframework.web.filter.CompositeFilter$VirtualFilterChain.doFilter(CompositeFilter.java:113)
	at org.springframework.web.filter.CompositeFilter.doFilter(CompositeFilter.java:74)
	at org.springframework.security.config.annotation.web.configuration.WebSecurityConfiguration$CompositeFilterChainProxy.doFilter(WebSecurityConfiguration.java:319)
	at org.springframework.web.filter.CompositeFilter$VirtualFilterChain.doFilter(CompositeFilter.java:113)
	at org.springframework.web.servlet.handler.HandlerMappingIntrospector.lambda$createCacheFilter$4(HandlerMappingIntrospector.java:267)
	at org.springframework.web.filter.CompositeFilter$VirtualFilterChain.doFilter(CompositeFilter.java:113)
	at org.springframework.web.filter.CompositeFilter.doFilter(CompositeFilter.java:74)
	at org.springframework.security.config.annotation.web.configuration.WebMvcSecurityConfiguration$CompositeFilterChainProxy.doFilter(WebMvcSecurityConfiguration.java:240)
	at org.springframework.web.filter.DelegatingFilterProxy.invokeDelegate(DelegatingFilterProxy.java:362)
	at org.springframework.web.filter.DelegatingFilterProxy.doFilter(DelegatingFilterProxy.java:278)
	at org.apache.catalina.core.ApplicationFilterChain.internalDoFilter(ApplicationFilterChain.java:164)
	at org.apache.catalina.core.ApplicationFilterChain.doFilter(ApplicationFilterChain.java:140)
	at org.springframework.web.filter.RequestContextFilter.doFilterInternal(RequestContextFilter.java:100)
	at org.springframework.web.filter.OncePerRequestFilter.doFilter(OncePerRequestFilter.java:116)
	at org.apache.catalina.core.ApplicationFilterChain.internalDoFilter(ApplicationFilterChain.java:164)
	at org.apache.catalina.core.ApplicationFilterChain.doFilter(ApplicationFilterChain.java:140)
	at org.springframework.web.filter.FormContentFilter.doFilterInternal(FormContentFilter.java:93)
	at org.springframework.web.filter.OncePerRequestFilter.doFilter(OncePerRequestFilter.java:116)
	at org.apache.catalina.core.ApplicationFilterChain.internalDoFilter(ApplicationFilterChain.java:164)
	at org.apache.catalina.core.ApplicationFilterChain.doFilter(ApplicationFilterChain.java:140)
	at org.springframework.web.filter.ServerHttpObservationFilter.doFilterInternal(ServerHttpObservationFilter.java:110)
	at org.springframework.web.filter.OncePerRequestFilter.doFilter(OncePerRequestFilter.java:116)
	at org.apache.catalina.core.ApplicationFilterChain.internalDoFilter(ApplicationFilterChain.java:164)
	at org.apache.catalina.core.ApplicationFilterChain.doFilter(ApplicationFilterChain.java:140)
	at org.springframework.web.filter.CharacterEncodingFilter.doFilterInternal(CharacterEncodingFilter.java:201)
	at org.springframework.web.filter.OncePerRequestFilter.doFilter(OncePerRequestFilter.java:116)
	at org.apache.catalina.core.ApplicationFilterChain.internalDoFilter(ApplicationFilterChain.java:164)
	at org.apache.catalina.core.ApplicationFilterChain.doFilter(ApplicationFilterChain.java:140)
	at org.apache.catalina.core.StandardWrapperValve.invoke(StandardWrapperValve.java:167)
	at org.apache.catalina.core.StandardContextValve.invoke(StandardContextValve.java:90)
	at org.apache.catalina.authenticator.AuthenticatorBase.invoke(AuthenticatorBase.java:483)
	at org.apache.catalina.core.StandardHostValve.invoke(StandardHostValve.java:116)
	at org.apache.catalina.valves.ErrorReportValve.invoke(ErrorReportValve.java:93)
	at org.apache.catalina.core.StandardEngineValve.invoke(StandardEngineValve.java:74)
	at org.apache.catalina.connector.CoyoteAdapter.service(CoyoteAdapter.java:344)
	at org.apache.coyote.http11.Http11Processor.service(Http11Processor.java:398)
	at org.apache.coyote.AbstractProcessorLight.process(AbstractProcessorLight.java:63)
	at org.apache.coyote.AbstractProtocol$ConnectionHandler.process(AbstractProtocol.java:903)
	at org.apache.tomcat.util.net.NioEndpoint$SocketProcessor.doRun(NioEndpoint.java:1776)
	at org.apache.tomcat.util.net.SocketProcessorBase.run(SocketProcessorBase.java:52)
	at org.apache.tomcat.util.threads.ThreadPoolExecutor.runWorker(ThreadPoolExecutor.java:975)
	at org.apache.tomcat.util.threads.ThreadPoolExecutor$Worker.run(ThreadPoolExecutor.java:493)
	at org.apache.tomcat.util.threads.TaskThread$WrappingRunnable.run(TaskThread.java:63)
	at java.base/java.lang.Thread.run(Thread.java:1575)
2025-11-10 01:41:39.352 [http-nio-8089-exec-4] DEBUG c.b.s.security.JwtAuthenticationFilter   : ➡️ Incoming request path: /api/auth/login
2025-11-10 01:41:39.488 [http-nio-8089-exec-4]  INFO c.book.swap.services.auth.AuthService    : Login attempt for identifier: alpha@gmail.com
2025-11-10 01:41:39.904 [http-nio-8089-exec-4] DEBUG c.b.s.utils.books.InMemoryCacheService   : Session stored: f7a3fce5-2b92-4f11-9ed5-b09741e8582b
2025-11-10 01:41:39.942 [http-nio-8089-exec-4]  INFO c.book.swap.services.auth.AuthService    : User logged in successfully: alpha@gmail.com with session: f7a3fce5-2b92-4f11-9ed5-b09741e8582b
2025-11-10 01:41:53.725 [http-nio-8089-exec-5] DEBUG c.b.s.security.JwtAuthenticationFilter   : ➡️ Incoming request path: /api/user/get-all-users
2025-11-10 01:41:53.874 [http-nio-8089-exec-5] DEBUG c.b.s.security.CustomUserDetailsService  : Loaded user: alpha@gmail.com with roles [ROLE_USER]
2025-11-10 01:41:53.876 [http-nio-8089-exec-5] DEBUG com.book.swap.security.JwtService        : Checking token for username alpha@gmail.com, alpha@gmail.com
2025-11-10 01:41:53.878 [http-nio-8089-exec-5] DEBUG com.book.swap.security.JwtService        : Token expired for isValid false
2025-11-10 01:41:53.881 [http-nio-8089-exec-5] DEBUG c.b.s.utils.books.InMemoryCacheService   : Session retrieved: f7a3fce5-2b92-4f11-9ed5-b09741e8582b - Found: true
2025-11-10 01:41:53.882 [http-nio-8089-exec-5] DEBUG c.b.s.security.JwtAuthenticationFilter   : ✅ User authenticated successfully: alpha@gmail.com
2025-11-10 01:42:00.120 [http-nio-8089-exec-6] DEBUG c.b.s.security.JwtAuthenticationFilter   : ➡️ Incoming request path: /api/auth/token/refresh
2025-11-10 01:42:00.125 [http-nio-8089-exec-6]  INFO c.book.swap.services.auth.TokenService   : Attempting to refresh access token
2025-11-10 01:42:00.131 [http-nio-8089-exec-6]  INFO c.book.swap.services.auth.TokenService   : Extracted user email: alpha@gmail.com from refresh token
2025-11-10 01:42:00.214 [http-nio-8089-exec-6]  INFO c.book.swap.services.auth.TokenService   : This is session id f7a3fce5-2b92-4f11-9ed5-b09741e8582b
2025-11-10 01:42:00.214 [http-nio-8089-exec-6] DEBUG c.b.s.utils.books.InMemoryCacheService   : Session retrieved: f7a3fce5-2b92-4f11-9ed5-b09741e8582b - Found: true
2025-11-10 01:42:00.214 [http-nio-8089-exec-6]  INFO c.book.swap.services.auth.TokenService   : Refresh token has expired for user: alpha@gmail.com
2025-11-10 01:42:00.217 [http-nio-8089-exec-6]  INFO c.book.swap.services.auth.TokenService   : Access token refreshed successfully for user: alpha@gmail.com
2025-11-10 01:42:04.160 [http-nio-8089-exec-7] DEBUG c.b.s.security.JwtAuthenticationFilter   : ➡️ Incoming request path: /api/user/get-all-users
2025-11-10 01:42:04.247 [http-nio-8089-exec-7] DEBUG c.b.s.security.CustomUserDetailsService  : Loaded user: alpha@gmail.com with roles [ROLE_USER]
2025-11-10 01:42:04.250 [http-nio-8089-exec-7] DEBUG com.book.swap.security.JwtService        : Checking token for username alpha@gmail.com, alpha@gmail.com
2025-11-10 01:42:04.251 [http-nio-8089-exec-7] DEBUG com.book.swap.security.JwtService        : Token expired for isValid false
2025-11-10 01:42:04.253 [http-nio-8089-exec-7] DEBUG c.b.s.utils.books.InMemoryCacheService   : Session retrieved: f7a3fce5-2b92-4f11-9ed5-b09741e8582b - Found: true
2025-11-10 01:42:04.253 [http-nio-8089-exec-7] DEBUG c.b.s.security.JwtAuthenticationFilter   : ✅ User authenticated successfully: alpha@gmail.com
2025-11-10 01:43:39.553 [main]  INFO com.book.swap.BookSwapApplication        : Starting BookSwapApplication using Java 17.0.16 with PID 4548 (C:\Users\dell\Desktop\books\book-swap\build\classes\java\main started by dell in C:\Users\dell\Desktop\books\book-swap)
2025-11-10 01:43:39.556 [main] DEBUG com.book.swap.BookSwapApplication        : Running with Spring Boot v3.5.6, Spring v6.2.11
2025-11-10 01:43:39.559 [main]  INFO com.book.swap.BookSwapApplication        : No active profile set, falling back to 1 default profile: "default"
2025-11-10 01:43:41.070 [main]  INFO .s.d.r.c.RepositoryConfigurationDelegate : Bootstrapping Spring Data MongoDB repositories in DEFAULT mode.
2025-11-10 01:43:41.273 [main]  INFO .s.d.r.c.RepositoryConfigurationDelegate : Finished Spring Data repository scanning in 194 ms. Found 6 MongoDB repository interfaces.
2025-11-10 01:43:44.155 [main]  INFO anValidationBeanRegistrationAotProcessor : No Bean Validation provider available - skipping validation constraint hint inference
2025-11-10 01:43:57.494 [restartedMain]  INFO com.book.swap.BookSwapApplication        : Starting BookSwapApplication using Java 23.0.2 with PID 29152 (C:\Users\dell\Desktop\books\book-swap\build\classes\java\main started by dell in C:\Users\dell\Desktop\books\book-swap)
2025-11-10 01:43:57.496 [restartedMain] DEBUG com.book.swap.BookSwapApplication        : Running with Spring Boot v3.5.6, Spring v6.2.11
2025-11-10 01:43:57.497 [restartedMain]  INFO com.book.swap.BookSwapApplication        : No active profile set, falling back to 1 default profile: "default"
2025-11-10 01:43:57.653 [restartedMain]  INFO .e.DevToolsPropertyDefaultsPostProcessor : Devtools property defaults active! Set 'spring.devtools.add-properties' to 'false' to disable
2025-11-10 01:43:57.654 [restartedMain]  INFO .e.DevToolsPropertyDefaultsPostProcessor : For additional web related logging consider setting the 'logging.level.web' property to 'DEBUG'
2025-11-10 01:43:59.330 [restartedMain]  INFO .s.d.r.c.RepositoryConfigurationDelegate : Bootstrapping Spring Data MongoDB repositories in DEFAULT mode.
2025-11-10 01:43:59.519 [restartedMain]  INFO .s.d.r.c.RepositoryConfigurationDelegate : Finished Spring Data repository scanning in 176 ms. Found 6 MongoDB repository interfaces.
2025-11-10 01:44:01.410 [restartedMain]  INFO o.s.b.w.embedded.tomcat.TomcatWebServer  : Tomcat initialized with port 8089 (http)
2025-11-10 01:44:01.440 [restartedMain]  INFO o.apache.catalina.core.StandardService   : Starting service [Tomcat]
2025-11-10 01:44:01.441 [restartedMain]  INFO o.apache.catalina.core.StandardEngine    : Starting Servlet engine: [Apache Tomcat/10.1.46]
2025-11-10 01:44:01.535 [restartedMain]  INFO o.a.c.c.C.[Tomcat].[localhost].[/api]    : Initializing Spring embedded WebApplicationContext
2025-11-10 01:44:01.539 [restartedMain]  INFO w.s.c.ServletWebServerApplicationContext : Root WebApplicationContext: initialization completed in 3881 ms
2025-11-10 01:44:03.534 [restartedMain] DEBUG c.b.s.security.JwtAuthenticationFilter   : Filter 'jwtAuthenticationFilter' configured for use
2025-11-10 01:44:03.594 [restartedMain]  INFO o.s.b.d.a.OptionalLiveReloadServer       : LiveReload server is running on port 35729
2025-11-10 01:44:03.733 [restartedMain]  INFO eAuthenticationProviderManagerConfigurer : Global AuthenticationManager configured with AuthenticationProvider bean with name authenticationProvider
2025-11-10 01:44:04.020 [restartedMain]  WARN r$InitializeUserDetailsManagerConfigurer : Global AuthenticationManager configured with an AuthenticationProvider bean. UserDetailsService beans will not be used by Spring Security for automatically configuring username/password login. Consider removing the AuthenticationProvider bean. Alternatively, consider using the UserDetailsService in a manually instantiated DaoAuthenticationProvider. If the current configuration is intentional, to turn off this warning, increase the logging level of 'org.springframework.security.config.annotation.authentication.configuration.InitializeUserDetailsBeanManagerConfigurer' to ERROR
2025-11-10 01:44:06.045 [restartedMain]  INFO o.s.b.a.e.web.EndpointLinksResolver      : Exposing 1 endpoint beneath base path '/actuator'
2025-11-10 01:44:06.385 [restartedMain]  INFO o.s.v.b.OptionalValidatorFactoryBean     : Failed to set up a Bean Validation provider: jakarta.validation.NoProviderFoundException: Unable to create a Configuration, because no Jakarta Validation provider could be found. Add a provider like Hibernate Validator (RI) to your classpath.
2025-11-10 01:44:07.206 [restartedMain]  INFO o.s.b.w.embedded.tomcat.TomcatWebServer  : Tomcat started on port 8089 (http) with context path '/api'
2025-11-10 01:44:07.233 [restartedMain]  INFO com.book.swap.BookSwapApplication        : Started BookSwapApplication in 10.808 seconds (process running for 11.537)
2025-11-10 01:44:14.438 [http-nio-8089-exec-1]  INFO o.a.c.c.C.[Tomcat].[localhost].[/api]    : Initializing Spring DispatcherServlet 'dispatcherServlet'
2025-11-10 01:44:14.439 [http-nio-8089-exec-1]  INFO o.s.web.servlet.DispatcherServlet        : Initializing Servlet 'dispatcherServlet'
2025-11-10 01:44:14.441 [http-nio-8089-exec-1]  INFO o.s.web.servlet.DispatcherServlet        : Completed initialization in 2 ms
2025-11-10 01:44:14.509 [http-nio-8089-exec-1] DEBUG c.b.s.security.JwtAuthenticationFilter   : ➡️ Incoming request path: /api/user/get-all-users
2025-11-10 01:44:14.784 [http-nio-8089-exec-1] DEBUG c.b.s.security.CustomUserDetailsService  : Loaded user: alpha@gmail.com with roles [ROLE_USER]
2025-11-10 01:44:14.791 [http-nio-8089-exec-1] DEBUG com.book.swap.security.JwtService        : Checking token for username alpha@gmail.com, alpha@gmail.com
2025-11-10 01:44:14.794 [http-nio-8089-exec-1] DEBUG com.book.swap.security.JwtService        : Token expired for isValid false
2025-11-10 01:44:14.797 [http-nio-8089-exec-1] DEBUG c.b.s.utils.books.InMemoryCacheService   : Session retrieved: f7a3fce5-2b92-4f11-9ed5-b09741e8582b - Found: false
2025-11-10 01:44:14.849 [http-nio-8089-exec-1] ERROR c.b.s.security.JwtAuthenticationFilter   : 🔥 Unexpected JWT error: Cannot invoke "com.book.swap.models.entities.DbUsers.getSessionId()" because "user" is null
java.lang.NullPointerException: Cannot invoke "com.book.swap.models.entities.DbUsers.getSessionId()" because "user" is null
	at com.book.swap.security.JwtService.isValidSessionId(JwtService.java:109)
	at com.book.swap.security.JwtService.isTokenValid(JwtService.java:103)
	at com.book.swap.security.JwtAuthenticationFilter.doFilterInternal(JwtAuthenticationFilter.java:62)
	at org.springframework.web.filter.OncePerRequestFilter.doFilter(OncePerRequestFilter.java:116)
	at org.springframework.security.web.ObservationFilterChainDecorator$ObservationFilter.wrapFilter(ObservationFilterChainDecorator.java:241)
	at org.springframework.security.web.ObservationFilterChainDecorator$ObservationFilter.doFilter(ObservationFilterChainDecorator.java:228)
	at org.springframework.security.web.ObservationFilterChainDecorator$VirtualFilterChain.doFilter(ObservationFilterChainDecorator.java:138)
	at org.springframework.security.web.authentication.logout.LogoutFilter.doFilter(LogoutFilter.java:107)
	at org.springframework.security.web.authentication.logout.LogoutFilter.doFilter(LogoutFilter.java:93)
	at org.springframework.security.web.ObservationFilterChainDecorator$ObservationFilter.wrapFilter(ObservationFilterChainDecorator.java:241)
	at org.springframework.security.web.ObservationFilterChainDecorator$ObservationFilter.doFilter(ObservationFilterChainDecorator.java:228)
	at org.springframework.security.web.ObservationFilterChainDecorator$VirtualFilterChain.doFilter(ObservationFilterChainDecorator.java:138)
	at org.springframework.web.filter.CorsFilter.doFilterInternal(CorsFilter.java:91)
	at org.springframework.web.filter.OncePerRequestFilter.doFilter(OncePerRequestFilter.java:116)
	at org.springframework.security.web.ObservationFilterChainDecorator$ObservationFilter.wrapFilter(ObservationFilterChainDecorator.java:241)
	at org.springframework.security.web.ObservationFilterChainDecorator$ObservationFilter.doFilter(ObservationFilterChainDecorator.java:228)
	at org.springframework.security.web.ObservationFilterChainDecorator$VirtualFilterChain.doFilter(ObservationFilterChainDecorator.java:138)
	at org.springframework.security.web.header.HeaderWriterFilter.doHeadersAfter(HeaderWriterFilter.java:90)
	at org.springframework.security.web.header.HeaderWriterFilter.doFilterInternal(HeaderWriterFilter.java:75)
	at org.springframework.web.filter.OncePerRequestFilter.doFilter(OncePerRequestFilter.java:116)
	at org.springframework.security.web.ObservationFilterChainDecorator$ObservationFilter.wrapFilter(ObservationFilterChainDecorator.java:241)
	at org.springframework.security.web.ObservationFilterChainDecorator$ObservationFilter.doFilter(ObservationFilterChainDecorator.java:228)
	at org.springframework.security.web.ObservationFilterChainDecorator$VirtualFilterChain.doFilter(ObservationFilterChainDecorator.java:138)
	at org.springframework.security.web.context.SecurityContextHolderFilter.doFilter(SecurityContextHolderFilter.java:82)
	at org.springframework.security.web.context.SecurityContextHolderFilter.doFilter(SecurityContextHolderFilter.java:69)
	at org.springframework.security.web.ObservationFilterChainDecorator$ObservationFilter.wrapFilter(ObservationFilterChainDecorator.java:241)
	at org.springframework.security.web.ObservationFilterChainDecorator$ObservationFilter.doFilter(ObservationFilterChainDecorator.java:228)
	at org.springframework.security.web.ObservationFilterChainDecorator$VirtualFilterChain.doFilter(ObservationFilterChainDecorator.java:138)
	at org.springframework.security.web.context.request.async.WebAsyncManagerIntegrationFilter.doFilterInternal(WebAsyncManagerIntegrationFilter.java:62)
	at org.springframework.web.filter.OncePerRequestFilter.doFilter(OncePerRequestFilter.java:116)
	at org.springframework.security.web.ObservationFilterChainDecorator$ObservationFilter.wrapFilter(ObservationFilterChainDecorator.java:241)
	at org.springframework.security.web.ObservationFilterChainDecorator$ObservationFilter.doFilter(ObservationFilterChainDecorator.java:228)
	at org.springframework.security.web.ObservationFilterChainDecorator$VirtualFilterChain.doFilter(ObservationFilterChainDecorator.java:138)
	at org.springframework.security.web.session.DisableEncodeUrlFilter.doFilterInternal(DisableEncodeUrlFilter.java:42)
	at org.springframework.web.filter.OncePerRequestFilter.doFilter(OncePerRequestFilter.java:116)
	at org.springframework.security.web.ObservationFilterChainDecorator$ObservationFilter.wrapFilter(ObservationFilterChainDecorator.java:241)
	at org.springframework.security.web.ObservationFilterChainDecorator$AroundFilterObservation$SimpleAroundFilterObservation.lambda$wrap$0(ObservationFilterChainDecorator.java:334)
	at org.springframework.security.web.ObservationFilterChainDecorator$ObservationFilter.doFilter(ObservationFilterChainDecorator.java:225)
	at org.springframework.security.web.ObservationFilterChainDecorator$VirtualFilterChain.doFilter(ObservationFilterChainDecorator.java:138)
	at org.springframework.security.web.FilterChainProxy.doFilterInternal(FilterChainProxy.java:233)
	at org.springframework.security.web.FilterChainProxy.doFilter(FilterChainProxy.java:191)
	at org.springframework.web.filter.CompositeFilter$VirtualFilterChain.doFilter(CompositeFilter.java:113)
	at org.springframework.web.filter.ServletRequestPathFilter.doFilter(ServletRequestPathFilter.java:52)
	at org.springframework.web.filter.CompositeFilter$VirtualFilterChain.doFilter(CompositeFilter.java:113)
	at org.springframework.web.filter.CompositeFilter.doFilter(CompositeFilter.java:74)
	at org.springframework.security.config.annotation.web.configuration.WebSecurityConfiguration$CompositeFilterChainProxy.doFilter(WebSecurityConfiguration.java:319)
	at org.springframework.web.filter.CompositeFilter$VirtualFilterChain.doFilter(CompositeFilter.java:113)
	at org.springframework.web.servlet.handler.HandlerMappingIntrospector.lambda$createCacheFilter$4(HandlerMappingIntrospector.java:267)
	at org.springframework.web.filter.CompositeFilter$VirtualFilterChain.doFilter(CompositeFilter.java:113)
	at org.springframework.web.filter.CompositeFilter.doFilter(CompositeFilter.java:74)
	at org.springframework.security.config.annotation.web.configuration.WebMvcSecurityConfiguration$CompositeFilterChainProxy.doFilter(WebMvcSecurityConfiguration.java:240)
	at org.springframework.web.filter.DelegatingFilterProxy.invokeDelegate(DelegatingFilterProxy.java:362)
	at org.springframework.web.filter.DelegatingFilterProxy.doFilter(DelegatingFilterProxy.java:278)
	at org.apache.catalina.core.ApplicationFilterChain.internalDoFilter(ApplicationFilterChain.java:164)
	at org.apache.catalina.core.ApplicationFilterChain.doFilter(ApplicationFilterChain.java:140)
	at org.springframework.web.filter.RequestContextFilter.doFilterInternal(RequestContextFilter.java:100)
	at org.springframework.web.filter.OncePerRequestFilter.doFilter(OncePerRequestFilter.java:116)
	at org.apache.catalina.core.ApplicationFilterChain.internalDoFilter(ApplicationFilterChain.java:164)
	at org.apache.catalina.core.ApplicationFilterChain.doFilter(ApplicationFilterChain.java:140)
	at org.springframework.web.filter.FormContentFilter.doFilterInternal(FormContentFilter.java:93)
	at org.springframework.web.filter.OncePerRequestFilter.doFilter(OncePerRequestFilter.java:116)
	at org.apache.catalina.core.ApplicationFilterChain.internalDoFilter(ApplicationFilterChain.java:164)
	at org.apache.catalina.core.ApplicationFilterChain.doFilter(ApplicationFilterChain.java:140)
	at org.springframework.web.filter.ServerHttpObservationFilter.doFilterInternal(ServerHttpObservationFilter.java:110)
	at org.springframework.web.filter.OncePerRequestFilter.doFilter(OncePerRequestFilter.java:116)
	at org.apache.catalina.core.ApplicationFilterChain.internalDoFilter(ApplicationFilterChain.java:164)
	at org.apache.catalina.core.ApplicationFilterChain.doFilter(ApplicationFilterChain.java:140)
	at org.springframework.web.filter.CharacterEncodingFilter.doFilterInternal(CharacterEncodingFilter.java:201)
	at org.springframework.web.filter.OncePerRequestFilter.doFilter(OncePerRequestFilter.java:116)
	at org.apache.catalina.core.ApplicationFilterChain.internalDoFilter(ApplicationFilterChain.java:164)
	at org.apache.catalina.core.ApplicationFilterChain.doFilter(ApplicationFilterChain.java:140)
	at org.apache.catalina.core.StandardWrapperValve.invoke(StandardWrapperValve.java:167)
	at org.apache.catalina.core.StandardContextValve.invoke(StandardContextValve.java:90)
	at org.apache.catalina.authenticator.AuthenticatorBase.invoke(AuthenticatorBase.java:483)
	at org.apache.catalina.core.StandardHostValve.invoke(StandardHostValve.java:116)
	at org.apache.catalina.valves.ErrorReportValve.invoke(ErrorReportValve.java:93)
	at org.apache.catalina.core.StandardEngineValve.invoke(StandardEngineValve.java:74)
	at org.apache.catalina.connector.CoyoteAdapter.service(CoyoteAdapter.java:344)
	at org.apache.coyote.http11.Http11Processor.service(Http11Processor.java:398)
	at org.apache.coyote.AbstractProcessorLight.process(AbstractProcessorLight.java:63)
	at org.apache.coyote.AbstractProtocol$ConnectionHandler.process(AbstractProtocol.java:903)
	at org.apache.tomcat.util.net.NioEndpoint$SocketProcessor.doRun(NioEndpoint.java:1776)
	at org.apache.tomcat.util.net.SocketProcessorBase.run(SocketProcessorBase.java:52)
	at org.apache.tomcat.util.threads.ThreadPoolExecutor.runWorker(ThreadPoolExecutor.java:975)
	at org.apache.tomcat.util.threads.ThreadPoolExecutor$Worker.run(ThreadPoolExecutor.java:493)
	at org.apache.tomcat.util.threads.TaskThread$WrappingRunnable.run(TaskThread.java:63)
	at java.base/java.lang.Thread.run(Thread.java:1575)
2025-11-10 01:45:37.717 [main]  INFO com.book.swap.BookSwapApplication        : Starting BookSwapApplication using Java 17.0.16 with PID 16468 (C:\Users\dell\Desktop\books\book-swap\build\classes\java\main started by dell in C:\Users\dell\Desktop\books\book-swap)
2025-11-10 01:45:37.719 [main] DEBUG com.book.swap.BookSwapApplication        : Running with Spring Boot v3.5.6, Spring v6.2.11
2025-11-10 01:45:37.721 [main]  INFO com.book.swap.BookSwapApplication        : No active profile set, falling back to 1 default profile: "default"
2025-11-10 01:45:39.219 [main]  INFO .s.d.r.c.RepositoryConfigurationDelegate : Bootstrapping Spring Data MongoDB repositories in DEFAULT mode.
2025-11-10 01:45:39.420 [main]  INFO .s.d.r.c.RepositoryConfigurationDelegate : Finished Spring Data repository scanning in 187 ms. Found 6 MongoDB repository interfaces.
2025-11-10 01:45:45.084 [main]  INFO anValidationBeanRegistrationAotProcessor : No Bean Validation provider available - skipping validation constraint hint inference
2025-11-10 01:46:01.054 [main]  INFO com.book.swap.BookSwapApplication        : Starting BookSwapApplication using Java 17.0.16 with PID 20468 (C:\Users\dell\Desktop\books\book-swap\build\classes\java\main started by dell in C:\Users\dell\Desktop\books\book-swap)
2025-11-10 01:46:01.058 [main] DEBUG com.book.swap.BookSwapApplication        : Running with Spring Boot v3.5.6, Spring v6.2.11
2025-11-10 01:46:01.060 [main]  INFO com.book.swap.BookSwapApplication        : No active profile set, falling back to 1 default profile: "default"
2025-11-10 01:46:02.687 [main]  INFO .s.d.r.c.RepositoryConfigurationDelegate : Bootstrapping Spring Data MongoDB repositories in DEFAULT mode.
2025-11-10 01:46:02.897 [main]  INFO .s.d.r.c.RepositoryConfigurationDelegate : Finished Spring Data repository scanning in 199 ms. Found 6 MongoDB repository interfaces.
2025-11-10 01:46:06.220 [main]  INFO anValidationBeanRegistrationAotProcessor : No Bean Validation provider available - skipping validation constraint hint inference
2025-11-10 01:46:18.643 [restartedMain]  INFO com.book.swap.BookSwapApplication        : Starting BookSwapApplication using Java 23.0.2 with PID 13360 (C:\Users\dell\Desktop\books\book-swap\build\classes\java\main started by dell in C:\Users\dell\Desktop\books\book-swap)
2025-11-10 01:46:18.648 [restartedMain] DEBUG com.book.swap.BookSwapApplication        : Running with Spring Boot v3.5.6, Spring v6.2.11
2025-11-10 01:46:18.649 [restartedMain]  INFO com.book.swap.BookSwapApplication        : No active profile set, falling back to 1 default profile: "default"
2025-11-10 01:46:18.813 [restartedMain]  INFO .e.DevToolsPropertyDefaultsPostProcessor : Devtools property defaults active! Set 'spring.devtools.add-properties' to 'false' to disable
2025-11-10 01:46:18.813 [restartedMain]  INFO .e.DevToolsPropertyDefaultsPostProcessor : For additional web related logging consider setting the 'logging.level.web' property to 'DEBUG'
2025-11-10 01:46:20.382 [restartedMain]  INFO .s.d.r.c.RepositoryConfigurationDelegate : Bootstrapping Spring Data MongoDB repositories in DEFAULT mode.
2025-11-10 01:46:20.580 [restartedMain]  INFO .s.d.r.c.RepositoryConfigurationDelegate : Finished Spring Data repository scanning in 190 ms. Found 6 MongoDB repository interfaces.
2025-11-10 01:46:22.544 [restartedMain]  INFO o.s.b.w.embedded.tomcat.TomcatWebServer  : Tomcat initialized with port 8089 (http)
2025-11-10 01:46:22.567 [restartedMain]  INFO o.apache.catalina.core.StandardService   : Starting service [Tomcat]
2025-11-10 01:46:22.568 [restartedMain]  INFO o.apache.catalina.core.StandardEngine    : Starting Servlet engine: [Apache Tomcat/10.1.46]
2025-11-10 01:46:22.681 [restartedMain]  INFO o.a.c.c.C.[Tomcat].[localhost].[/api]    : Initializing Spring embedded WebApplicationContext
2025-11-10 01:46:22.684 [restartedMain]  INFO w.s.c.ServletWebServerApplicationContext : Root WebApplicationContext: initialization completed in 3867 ms
2025-11-10 01:46:24.611 [restartedMain] DEBUG c.b.s.security.JwtAuthenticationFilter   : Filter 'jwtAuthenticationFilter' configured for use
2025-11-10 01:46:24.663 [restartedMain]  INFO o.s.b.d.a.OptionalLiveReloadServer       : LiveReload server is running on port 35729
2025-11-10 01:46:24.808 [restartedMain]  INFO eAuthenticationProviderManagerConfigurer : Global AuthenticationManager configured with AuthenticationProvider bean with name authenticationProvider
2025-11-10 01:46:24.809 [restartedMain]  WARN r$InitializeUserDetailsManagerConfigurer : Global AuthenticationManager configured with an AuthenticationProvider bean. UserDetailsService beans will not be used by Spring Security for automatically configuring username/password login. Consider removing the AuthenticationProvider bean. Alternatively, consider using the UserDetailsService in a manually instantiated DaoAuthenticationProvider. If the current configuration is intentional, to turn off this warning, increase the logging level of 'org.springframework.security.config.annotation.authentication.configuration.InitializeUserDetailsBeanManagerConfigurer' to ERROR
2025-11-10 01:46:26.788 [restartedMain]  INFO o.s.b.a.e.web.EndpointLinksResolver      : Exposing 1 endpoint beneath base path '/actuator'
2025-11-10 01:46:27.156 [restartedMain]  INFO o.s.v.b.OptionalValidatorFactoryBean     : Failed to set up a Bean Validation provider: jakarta.validation.NoProviderFoundException: Unable to create a Configuration, because no Jakarta Validation provider could be found. Add a provider like Hibernate Validator (RI) to your classpath.
2025-11-10 01:46:28.004 [restartedMain]  INFO o.s.b.w.embedded.tomcat.TomcatWebServer  : Tomcat started on port 8089 (http) with context path '/api'
2025-11-10 01:46:28.041 [restartedMain]  INFO com.book.swap.BookSwapApplication        : Started BookSwapApplication in 10.485 seconds (process running for 11.243)
2025-11-10 01:46:40.964 [http-nio-8089-exec-1]  INFO o.a.c.c.C.[Tomcat].[localhost].[/api]    : Initializing Spring DispatcherServlet 'dispatcherServlet'
2025-11-10 01:46:40.964 [http-nio-8089-exec-1]  INFO o.s.web.servlet.DispatcherServlet        : Initializing Servlet 'dispatcherServlet'
2025-11-10 01:46:40.967 [http-nio-8089-exec-1]  INFO o.s.web.servlet.DispatcherServlet        : Completed initialization in 3 ms
2025-11-10 01:46:41.059 [http-nio-8089-exec-1] DEBUG c.b.s.security.JwtAuthenticationFilter   : ➡️ Incoming request path: /api/user/get-all-users
2025-11-10 01:46:41.395 [http-nio-8089-exec-1] DEBUG c.b.s.security.CustomUserDetailsService  : Loaded user: alpha@gmail.com with roles [ROLE_USER]
2025-11-10 01:46:41.403 [http-nio-8089-exec-1] DEBUG com.book.swap.security.JwtService        : Checking token for username alpha@gmail.com, alpha@gmail.com
2025-11-10 01:46:41.409 [http-nio-8089-exec-1] DEBUG com.book.swap.security.JwtService        : Token expired for isValid false
2025-11-10 01:46:41.414 [http-nio-8089-exec-1] DEBUG c.b.s.utils.books.InMemoryCacheService   : Session retrieved: f7a3fce5-2b92-4f11-9ed5-b09741e8582b - Found: false
2025-11-10 01:46:41.414 [http-nio-8089-exec-1] ERROR com.book.swap.security.JwtService        : Invalid session id f7a3fce5-2b92-4f11-9ed5-b09741e8582b
2025-11-10 01:47:08.576 [http-nio-8089-exec-3] DEBUG c.b.s.security.JwtAuthenticationFilter   : ➡️ Incoming request path: /api/auth/login
2025-11-10 01:47:08.709 [http-nio-8089-exec-3]  INFO c.book.swap.services.auth.AuthService    : Login attempt for identifier: alpha@gmail.com
2025-11-10 01:47:09.108 [http-nio-8089-exec-3] DEBUG c.b.s.utils.books.InMemoryCacheService   : Session stored: 866256de-cf52-4f1d-9a43-abe0306e5a9e
2025-11-10 01:47:09.380 [http-nio-8089-exec-3]  INFO c.book.swap.services.auth.AuthService    : User logged in successfully: alpha@gmail.com with session: 866256de-cf52-4f1d-9a43-abe0306e5a9e
2025-11-10 01:47:29.865 [http-nio-8089-exec-4] DEBUG c.b.s.security.JwtAuthenticationFilter   : ➡️ Incoming request path: /api/user/get-all-users
2025-11-10 01:47:29.950 [http-nio-8089-exec-4] DEBUG c.b.s.security.CustomUserDetailsService  : Loaded user: alpha@gmail.com with roles [ROLE_USER]
2025-11-10 01:47:29.955 [http-nio-8089-exec-4] DEBUG com.book.swap.security.JwtService        : Checking token for username alpha@gmail.com, alpha@gmail.com
2025-11-10 01:47:29.957 [http-nio-8089-exec-4] DEBUG com.book.swap.security.JwtService        : Token expired for isValid false
2025-11-10 01:47:29.958 [http-nio-8089-exec-4] DEBUG c.b.s.utils.books.InMemoryCacheService   : Session retrieved: 866256de-cf52-4f1d-9a43-abe0306e5a9e - Found: true
2025-11-10 01:47:29.958 [http-nio-8089-exec-4] DEBUG com.book.swap.security.JwtService        : Session id 866256de-cf52-4f1d-9a43-abe0306e5a9e, 866256de-cf52-4f1d-9a43-abe0306e5a9e
2025-11-10 01:47:29.959 [http-nio-8089-exec-4] DEBUG c.b.s.security.JwtAuthenticationFilter   : ✅ User authenticated successfully: alpha@gmail.com
2025-11-10 01:47:33.757 [http-nio-8089-exec-5] DEBUG c.b.s.security.JwtAuthenticationFilter   : ➡️ Incoming request path: /api/user/get-all-users
2025-11-10 01:47:33.888 [http-nio-8089-exec-5] DEBUG c.b.s.security.CustomUserDetailsService  : Loaded user: alpha@gmail.com with roles [ROLE_USER]
2025-11-10 01:47:33.894 [http-nio-8089-exec-5] DEBUG com.book.swap.security.JwtService        : Checking token for username alpha@gmail.com, alpha@gmail.com
2025-11-10 01:47:33.898 [http-nio-8089-exec-5] DEBUG com.book.swap.security.JwtService        : Token expired for isValid false
2025-11-10 01:47:33.901 [http-nio-8089-exec-5] DEBUG c.b.s.utils.books.InMemoryCacheService   : Session retrieved: 866256de-cf52-4f1d-9a43-abe0306e5a9e - Found: true
2025-11-10 01:47:33.901 [http-nio-8089-exec-5] DEBUG com.book.swap.security.JwtService        : Session id 866256de-cf52-4f1d-9a43-abe0306e5a9e, 866256de-cf52-4f1d-9a43-abe0306e5a9e
2025-11-10 01:47:33.901 [http-nio-8089-exec-5] DEBUG c.b.s.security.JwtAuthenticationFilter   : ✅ User authenticated successfully: alpha@gmail.com
2025-11-10 01:47:38.551 [http-nio-8089-exec-6] DEBUG c.b.s.security.JwtAuthenticationFilter   : ➡️ Incoming request path: /api/auth/token/refresh
2025-11-10 01:47:38.555 [http-nio-8089-exec-6]  INFO c.book.swap.services.auth.TokenService   : Attempting to refresh access token
2025-11-10 01:47:38.561 [http-nio-8089-exec-6]  INFO c.book.swap.services.auth.TokenService   : Extracted user email: alpha@gmail.com from refresh token
2025-11-10 01:47:38.648 [http-nio-8089-exec-6]  INFO c.book.swap.services.auth.TokenService   : This is session id 866256de-cf52-4f1d-9a43-abe0306e5a9e
2025-11-10 01:47:38.648 [http-nio-8089-exec-6] DEBUG c.b.s.utils.books.InMemoryCacheService   : Session retrieved: 866256de-cf52-4f1d-9a43-abe0306e5a9e - Found: true
2025-11-10 01:47:38.648 [http-nio-8089-exec-6]  INFO c.book.swap.services.auth.TokenService   : Refresh token has expired for user: alpha@gmail.com
2025-11-10 01:47:38.650 [http-nio-8089-exec-6]  INFO c.book.swap.services.auth.TokenService   : Access token refreshed successfully for user: alpha@gmail.com
2025-11-10 01:47:42.252 [http-nio-8089-exec-7] DEBUG c.b.s.security.JwtAuthenticationFilter   : ➡️ Incoming request path: /api/user/get-all-users
2025-11-10 01:47:42.392 [http-nio-8089-exec-7] DEBUG c.b.s.security.CustomUserDetailsService  : Loaded user: alpha@gmail.com with roles [ROLE_USER]
2025-11-10 01:47:42.394 [http-nio-8089-exec-7] DEBUG com.book.swap.security.JwtService        : Checking token for username alpha@gmail.com, alpha@gmail.com
2025-11-10 01:47:42.396 [http-nio-8089-exec-7] DEBUG com.book.swap.security.JwtService        : Token expired for isValid false
2025-11-10 01:47:42.398 [http-nio-8089-exec-7] DEBUG c.b.s.utils.books.InMemoryCacheService   : Session retrieved: 866256de-cf52-4f1d-9a43-abe0306e5a9e - Found: true
2025-11-10 01:47:42.398 [http-nio-8089-exec-7] DEBUG com.book.swap.security.JwtService        : Session id 866256de-cf52-4f1d-9a43-abe0306e5a9e, 866256de-cf52-4f1d-9a43-abe0306e5a9e
2025-11-10 01:47:42.399 [http-nio-8089-exec-7] DEBUG c.b.s.security.JwtAuthenticationFilter   : ✅ User authenticated successfully: alpha@gmail.com
2025-11-10 01:48:41.782 [http-nio-8089-exec-8] DEBUG c.b.s.security.JwtAuthenticationFilter   : ➡️ Incoming request path: /api/auth/token/validate/eyJhbGciOiJIUzI1NiJ9.eyJyb2xlcyI6WzEwMF0sInNlc3Npb25JZCI6Ijg2NjI1NmRlLWNmNTItNGYxZC05YTQzLWFiZTAzMDZlNWE5ZSIsInR5cGUiOiJBQ0NFU1MiLCJ1c2VySWQiOiI2OTEwYTcxMDk0MjZjYWUxMzI4MDA4NTEiLCJzdWIiOiJhbHBoYUBnbWFpbC5jb20iLCJpYXQiOjE3NjI3MTk0MjksImV4cCI6MTc2MjcyMzAyOX0.vdKtRwFtC5uX5eFHHUZCBdGhBxD803Q2xfJSquJAeKU
2025-11-10 01:48:41.784 [http-nio-8089-exec-8]  INFO c.book.swap.services.auth.TokenService   : Validating access token
2025-11-10 01:48:41.865 [http-nio-8089-exec-8] DEBUG c.b.s.utils.books.InMemoryCacheService   : Session retrieved: 866256de-cf52-4f1d-9a43-abe0306e5a9e - Found: true
2025-11-10 01:48:41.865 [http-nio-8089-exec-8]  INFO c.book.swap.services.auth.TokenService   : Access token validated successfully for user: alpha@gmail.com
2025-11-10 01:50:24.172 [restartedMain]  INFO com.book.swap.BookSwapApplication        : Starting BookSwapApplication using Java 23.0.2 with PID 15752 (C:\Users\dell\Desktop\books\book-swap\build\classes\java\main started by dell in C:\Users\dell\Desktop\books\book-swap)
2025-11-10 01:50:24.175 [restartedMain] DEBUG com.book.swap.BookSwapApplication        : Running with Spring Boot v3.5.6, Spring v6.2.11
2025-11-10 01:50:24.176 [restartedMain]  INFO com.book.swap.BookSwapApplication        : No active profile set, falling back to 1 default profile: "default"
2025-11-10 01:50:24.342 [restartedMain]  INFO .e.DevToolsPropertyDefaultsPostProcessor : Devtools property defaults active! Set 'spring.devtools.add-properties' to 'false' to disable
2025-11-10 01:50:24.343 [restartedMain]  INFO .e.DevToolsPropertyDefaultsPostProcessor : For additional web related logging consider setting the 'logging.level.web' property to 'DEBUG'
2025-11-10 01:50:26.054 [restartedMain]  INFO .s.d.r.c.RepositoryConfigurationDelegate : Bootstrapping Spring Data MongoDB repositories in DEFAULT mode.
2025-11-10 01:50:26.220 [restartedMain]  INFO .s.d.r.c.RepositoryConfigurationDelegate : Finished Spring Data repository scanning in 156 ms. Found 6 MongoDB repository interfaces.
2025-11-10 01:50:27.957 [restartedMain]  INFO o.s.b.w.embedded.tomcat.TomcatWebServer  : Tomcat initialized with port 8089 (http)
2025-11-10 01:50:27.988 [restartedMain]  INFO o.apache.catalina.core.StandardService   : Starting service [Tomcat]
2025-11-10 01:50:27.988 [restartedMain]  INFO o.apache.catalina.core.StandardEngine    : Starting Servlet engine: [Apache Tomcat/10.1.46]
2025-11-10 01:50:28.086 [restartedMain]  INFO o.a.c.c.C.[Tomcat].[localhost].[/api]    : Initializing Spring embedded WebApplicationContext
2025-11-10 01:50:28.088 [restartedMain]  INFO w.s.c.ServletWebServerApplicationContext : Root WebApplicationContext: initialization completed in 3741 ms
2025-11-10 01:50:30.102 [restartedMain] DEBUG c.b.s.security.JwtAuthenticationFilter   : Filter 'jwtAuthenticationFilter' configured for use
2025-11-10 01:50:30.140 [restartedMain]  INFO o.s.b.d.a.OptionalLiveReloadServer       : LiveReload server is running on port 35729
2025-11-10 01:50:30.314 [restartedMain]  INFO eAuthenticationProviderManagerConfigurer : Global AuthenticationManager configured with AuthenticationProvider bean with name authenticationProvider
2025-11-10 01:50:30.314 [restartedMain]  WARN r$InitializeUserDetailsManagerConfigurer : Global AuthenticationManager configured with an AuthenticationProvider bean. UserDetailsService beans will not be used by Spring Security for automatically configuring username/password login. Consider removing the AuthenticationProvider bean. Alternatively, consider using the UserDetailsService in a manually instantiated DaoAuthenticationProvider. If the current configuration is intentional, to turn off this warning, increase the logging level of 'org.springframework.security.config.annotation.authentication.configuration.InitializeUserDetailsBeanManagerConfigurer' to ERROR
2025-11-10 01:50:32.428 [restartedMain]  INFO o.s.b.a.e.web.EndpointLinksResolver      : Exposing 1 endpoint beneath base path '/actuator'
2025-11-10 01:50:32.882 [restartedMain]  INFO o.s.v.b.OptionalValidatorFactoryBean     : Failed to set up a Bean Validation provider: jakarta.validation.NoProviderFoundException: Unable to create a Configuration, because no Jakarta Validation provider could be found. Add a provider like Hibernate Validator (RI) to your classpath.
2025-11-10 01:50:33.690 [restartedMain]  INFO o.s.b.w.embedded.tomcat.TomcatWebServer  : Tomcat started on port 8089 (http) with context path '/api'
2025-11-10 01:50:33.717 [restartedMain]  INFO com.book.swap.BookSwapApplication        : Started BookSwapApplication in 10.65 seconds (process running for 11.372)
2025-11-10 01:50:37.962 [http-nio-8089-exec-2]  INFO o.a.c.c.C.[Tomcat].[localhost].[/api]    : Initializing Spring DispatcherServlet 'dispatcherServlet'
2025-11-10 01:50:37.963 [http-nio-8089-exec-2]  INFO o.s.web.servlet.DispatcherServlet        : Initializing Servlet 'dispatcherServlet'
2025-11-10 01:50:37.965 [http-nio-8089-exec-2]  INFO o.s.web.servlet.DispatcherServlet        : Completed initialization in 2 ms
2025-11-10 01:50:38.033 [http-nio-8089-exec-2] DEBUG c.b.s.security.JwtAuthenticationFilter   : ➡️ Incoming request path: /api/auth/token/validate/eyJhbGciOiJIUzI1NiJ9.eyJyb2xlcyI6WzEwMF0sInNlc3Npb25JZCI6Ijg2NjI1NmRlLWNmNTItNGYxZC05YTQzLWFiZTAzMDZlNWE5ZSIsInR5cGUiOiJBQ0NFU1MiLCJ1c2VySWQiOiI2OTEwYTcxMDk0MjZjYWUxMzI4MDA4NTEiLCJzdWIiOiJhbHBoYUBnbWFpbC5jb20iLCJpYXQiOjE3NjI3MTk0MjksImV4cCI6MTc2MjcyMzAyOX0.vdKtRwFtC5uX5eFHHUZCBdGhBxD803Q2xfJSquJAeKU
2025-11-10 01:50:38.077 [http-nio-8089-exec-2]  INFO c.book.swap.services.auth.TokenService   : Validating access token
2025-11-10 01:50:38.397 [http-nio-8089-exec-2] DEBUG c.b.s.utils.books.InMemoryCacheService   : Session retrieved: 866256de-cf52-4f1d-9a43-abe0306e5a9e - Found: false
2025-11-10 01:50:38.398 [http-nio-8089-exec-2]  WARN c.book.swap.services.auth.TokenService   : Invalid session for user: alpha@gmail.com
2025-11-10 01:50:42.923 [http-nio-8089-exec-3] DEBUG c.b.s.security.JwtAuthenticationFilter   : ➡️ Incoming request path: /api/auth/login
2025-11-10 01:50:42.962 [http-nio-8089-exec-3]  INFO c.book.swap.services.auth.AuthService    : Login attempt for identifier: alpha@gmail.com
2025-11-10 01:50:43.308 [http-nio-8089-exec-3] DEBUG c.b.s.utils.books.InMemoryCacheService   : Session stored: c037e98a-751b-419d-a907-d8d7f164c290
2025-11-10 01:50:43.328 [http-nio-8089-exec-3]  INFO c.book.swap.services.auth.AuthService    : User logged in successfully: alpha@gmail.com with session: c037e98a-751b-419d-a907-d8d7f164c290
2025-11-10 01:50:57.673 [http-nio-8089-exec-4] DEBUG c.b.s.security.JwtAuthenticationFilter   : ➡️ Incoming request path: /api/user/get-all-users
2025-11-10 01:50:57.802 [http-nio-8089-exec-4] DEBUG c.b.s.security.CustomUserDetailsService  : Loaded user: alpha@gmail.com with roles [ROLE_USER]
2025-11-10 01:50:57.806 [http-nio-8089-exec-4] DEBUG com.book.swap.security.JwtService        : Checking token for username alpha@gmail.com, alpha@gmail.com
2025-11-10 01:50:57.808 [http-nio-8089-exec-4] DEBUG com.book.swap.security.JwtService        : Token expired for isValid false
2025-11-10 01:50:57.811 [http-nio-8089-exec-4] DEBUG c.b.s.utils.books.InMemoryCacheService   : Session retrieved: c037e98a-751b-419d-a907-d8d7f164c290 - Found: true
2025-11-10 01:50:57.812 [http-nio-8089-exec-4] DEBUG com.book.swap.security.JwtService        : Session id c037e98a-751b-419d-a907-d8d7f164c290, c037e98a-751b-419d-a907-d8d7f164c290
2025-11-10 01:50:57.812 [http-nio-8089-exec-4] DEBUG c.b.s.security.JwtAuthenticationFilter   : ✅ User authenticated successfully: alpha@gmail.com
2025-11-10 01:51:01.351 [http-nio-8089-exec-5] DEBUG c.b.s.security.JwtAuthenticationFilter   : ➡️ Incoming request path: /api/user/get-all-users
2025-11-10 01:51:01.486 [http-nio-8089-exec-5] DEBUG c.b.s.security.CustomUserDetailsService  : Loaded user: alpha@gmail.com with roles [ROLE_USER]
2025-11-10 01:51:01.489 [http-nio-8089-exec-5] DEBUG com.book.swap.security.JwtService        : Checking token for username alpha@gmail.com, alpha@gmail.com
2025-11-10 01:51:01.491 [http-nio-8089-exec-5] DEBUG com.book.swap.security.JwtService        : Token expired for isValid false
2025-11-10 01:51:01.494 [http-nio-8089-exec-5] DEBUG c.b.s.utils.books.InMemoryCacheService   : Session retrieved: c037e98a-751b-419d-a907-d8d7f164c290 - Found: true
2025-11-10 01:51:01.494 [http-nio-8089-exec-5] DEBUG com.book.swap.security.JwtService        : Session id c037e98a-751b-419d-a907-d8d7f164c290, c037e98a-751b-419d-a907-d8d7f164c290
2025-11-10 01:51:01.494 [http-nio-8089-exec-5] DEBUG c.b.s.security.JwtAuthenticationFilter   : ✅ User authenticated successfully: alpha@gmail.com
2025-11-10 01:51:04.906 [http-nio-8089-exec-6] DEBUG c.b.s.security.JwtAuthenticationFilter   : ➡️ Incoming request path: /api/auth/login
2025-11-10 01:51:04.908 [http-nio-8089-exec-6]  INFO c.book.swap.services.auth.AuthService    : Login attempt for identifier: alpha@gmail.com
2025-11-10 01:51:05.182 [http-nio-8089-exec-6] DEBUG c.b.s.utils.books.InMemoryCacheService   : Session stored: a87cdd46-369b-41f7-9b9d-a63cca6ddfb1
2025-11-10 01:51:05.183 [http-nio-8089-exec-6]  INFO c.book.swap.services.auth.AuthService    : User logged in successfully: alpha@gmail.com with session: a87cdd46-369b-41f7-9b9d-a63cca6ddfb1
2025-11-10 01:51:08.216 [http-nio-8089-exec-7] DEBUG c.b.s.security.JwtAuthenticationFilter   : ➡️ Incoming request path: /api/user/get-all-users
2025-11-10 01:51:08.286 [http-nio-8089-exec-7] DEBUG c.b.s.security.CustomUserDetailsService  : Loaded user: alpha@gmail.com with roles [ROLE_USER]
2025-11-10 01:51:08.290 [http-nio-8089-exec-7] DEBUG com.book.swap.security.JwtService        : Checking token for username alpha@gmail.com, alpha@gmail.com
2025-11-10 01:51:08.293 [http-nio-8089-exec-7] DEBUG com.book.swap.security.JwtService        : Token expired for isValid false
2025-11-10 01:51:08.295 [http-nio-8089-exec-7] DEBUG c.b.s.utils.books.InMemoryCacheService   : Session retrieved: c037e98a-751b-419d-a907-d8d7f164c290 - Found: true
2025-11-10 01:51:08.295 [http-nio-8089-exec-7] DEBUG com.book.swap.security.JwtService        : Session id c037e98a-751b-419d-a907-d8d7f164c290, c037e98a-751b-419d-a907-d8d7f164c290
2025-11-10 01:51:08.297 [http-nio-8089-exec-7] DEBUG c.b.s.security.JwtAuthenticationFilter   : ✅ User authenticated successfully: alpha@gmail.com
2025-11-10 02:01:59.581 [main]  INFO com.book.swap.BookSwapApplication        : Starting BookSwapApplication using Java 17.0.16 with PID 25160 (C:\Users\dell\Desktop\books\book-swap\build\classes\java\main started by dell in C:\Users\dell\Desktop\books\book-swap)
2025-11-10 02:01:59.586 [main] DEBUG com.book.swap.BookSwapApplication        : Running with Spring Boot v3.5.6, Spring v6.2.11
2025-11-10 02:01:59.588 [main]  INFO com.book.swap.BookSwapApplication        : No active profile set, falling back to 1 default profile: "default"
2025-11-10 02:02:01.175 [main]  INFO .s.d.r.c.RepositoryConfigurationDelegate : Bootstrapping Spring Data MongoDB repositories in DEFAULT mode.
2025-11-10 02:02:01.382 [main]  INFO .s.d.r.c.RepositoryConfigurationDelegate : Finished Spring Data repository scanning in 187 ms. Found 6 MongoDB repository interfaces.
2025-11-10 02:02:04.652 [main]  INFO anValidationBeanRegistrationAotProcessor : No Bean Validation provider available - skipping validation constraint hint inference
2025-11-10 02:02:17.495 [restartedMain]  INFO com.book.swap.BookSwapApplication        : Starting BookSwapApplication using Java 23.0.2 with PID 29332 (C:\Users\dell\Desktop\books\book-swap\build\classes\java\main started by dell in C:\Users\dell\Desktop\books\book-swap)
2025-11-10 02:02:17.499 [restartedMain] DEBUG com.book.swap.BookSwapApplication        : Running with Spring Boot v3.5.6, Spring v6.2.11
2025-11-10 02:02:17.500 [restartedMain]  INFO com.book.swap.BookSwapApplication        : No active profile set, falling back to 1 default profile: "default"
2025-11-10 02:02:17.670 [restartedMain]  INFO .e.DevToolsPropertyDefaultsPostProcessor : Devtools property defaults active! Set 'spring.devtools.add-properties' to 'false' to disable
2025-11-10 02:02:17.670 [restartedMain]  INFO .e.DevToolsPropertyDefaultsPostProcessor : For additional web related logging consider setting the 'logging.level.web' property to 'DEBUG'
2025-11-10 02:02:19.264 [restartedMain]  INFO .s.d.r.c.RepositoryConfigurationDelegate : Bootstrapping Spring Data MongoDB repositories in DEFAULT mode.
2025-11-10 02:02:19.433 [restartedMain]  INFO .s.d.r.c.RepositoryConfigurationDelegate : Finished Spring Data repository scanning in 160 ms. Found 6 MongoDB repository interfaces.
2025-11-10 02:02:21.263 [restartedMain]  INFO o.s.b.w.embedded.tomcat.TomcatWebServer  : Tomcat initialized with port 8089 (http)
2025-11-10 02:02:21.296 [restartedMain]  INFO o.apache.catalina.core.StandardService   : Starting service [Tomcat]
2025-11-10 02:02:21.297 [restartedMain]  INFO o.apache.catalina.core.StandardEngine    : Starting Servlet engine: [Apache Tomcat/10.1.46]
2025-11-10 02:02:21.390 [restartedMain]  INFO o.a.c.c.C.[Tomcat].[localhost].[/api]    : Initializing Spring embedded WebApplicationContext
2025-11-10 02:02:21.394 [restartedMain]  INFO w.s.c.ServletWebServerApplicationContext : Root WebApplicationContext: initialization completed in 3719 ms
2025-11-10 02:02:23.334 [restartedMain] DEBUG c.b.s.security.JwtAuthenticationFilter   : Filter 'jwtAuthenticationFilter' configured for use
2025-11-10 02:02:23.381 [restartedMain]  INFO o.s.b.d.a.OptionalLiveReloadServer       : LiveReload server is running on port 35729
2025-11-10 02:02:23.555 [restartedMain]  INFO eAuthenticationProviderManagerConfigurer : Global AuthenticationManager configured with AuthenticationProvider bean with name authenticationProvider
2025-11-10 02:02:23.556 [restartedMain]  WARN r$InitializeUserDetailsManagerConfigurer : Global AuthenticationManager configured with an AuthenticationProvider bean. UserDetailsService beans will not be used by Spring Security for automatically configuring username/password login. Consider removing the AuthenticationProvider bean. Alternatively, consider using the UserDetailsService in a manually instantiated DaoAuthenticationProvider. If the current configuration is intentional, to turn off this warning, increase the logging level of 'org.springframework.security.config.annotation.authentication.configuration.InitializeUserDetailsBeanManagerConfigurer' to ERROR
2025-11-10 02:02:25.376 [restartedMain]  INFO o.s.b.a.e.web.EndpointLinksResolver      : Exposing 1 endpoint beneath base path '/actuator'
2025-11-10 02:02:25.740 [restartedMain]  INFO o.s.v.b.OptionalValidatorFactoryBean     : Failed to set up a Bean Validation provider: jakarta.validation.NoProviderFoundException: Unable to create a Configuration, because no Jakarta Validation provider could be found. Add a provider like Hibernate Validator (RI) to your classpath.
2025-11-10 02:02:26.516 [restartedMain]  INFO o.s.b.w.embedded.tomcat.TomcatWebServer  : Tomcat started on port 8089 (http) with context path '/api'
2025-11-10 02:02:26.570 [restartedMain]  INFO com.book.swap.BookSwapApplication        : Started BookSwapApplication in 10.103 seconds (process running for 10.847)
2025-11-10 02:02:43.935 [http-nio-8089-exec-1]  INFO o.a.c.c.C.[Tomcat].[localhost].[/api]    : Initializing Spring DispatcherServlet 'dispatcherServlet'
2025-11-10 02:02:43.935 [http-nio-8089-exec-1]  INFO o.s.web.servlet.DispatcherServlet        : Initializing Servlet 'dispatcherServlet'
2025-11-10 02:02:43.938 [http-nio-8089-exec-1]  INFO o.s.web.servlet.DispatcherServlet        : Completed initialization in 2 ms
2025-11-10 02:02:43.994 [http-nio-8089-exec-1] DEBUG c.b.s.security.JwtAuthenticationFilter   : ➡️ Incoming request path: /api/auth/login
2025-11-10 02:02:44.194 [http-nio-8089-exec-1]  INFO c.book.swap.services.auth.AuthService    : Login attempt for identifier: alpha@gmail.com
2025-11-10 02:02:44.527 [http-nio-8089-exec-1] DEBUG c.b.s.utils.books.InMemoryCacheService   : Session invalidated: a87cdd46-369b-41f7-9b9d-a63cca6ddfb1
2025-11-10 02:02:44.527 [http-nio-8089-exec-1]  INFO c.book.swap.services.auth.AuthService    : Session expired for user: a87cdd46-369b-41f7-9b9d-a63cca6ddfb1
2025-11-10 02:02:44.664 [http-nio-8089-exec-1] DEBUG c.b.s.utils.books.InMemoryCacheService   : Session stored: d1a015c2-9468-413b-968d-f24cd59a1c2c
2025-11-10 02:02:44.711 [http-nio-8089-exec-1]  INFO c.book.swap.services.auth.AuthService    : User logged in successfully: alpha@gmail.com with session: d1a015c2-9468-413b-968d-f24cd59a1c2c
2025-11-10 02:02:58.883 [http-nio-8089-exec-3] DEBUG c.b.s.security.JwtAuthenticationFilter   : ➡️ Incoming request path: /api/user/get-all-users
2025-11-10 02:02:59.011 [http-nio-8089-exec-3] DEBUG c.b.s.security.CustomUserDetailsService  : Loaded user: alpha@gmail.com with roles [ROLE_USER]
2025-11-10 02:02:59.015 [http-nio-8089-exec-3] DEBUG com.book.swap.security.JwtService        : Checking token for username alpha@gmail.com, alpha@gmail.com
2025-11-10 02:02:59.018 [http-nio-8089-exec-3] DEBUG com.book.swap.security.JwtService        : Token expired for isValid false
2025-11-10 02:02:59.021 [http-nio-8089-exec-3] DEBUG c.b.s.utils.books.InMemoryCacheService   : Session retrieved: d1a015c2-9468-413b-968d-f24cd59a1c2c - Found: true
2025-11-10 02:02:59.021 [http-nio-8089-exec-3] DEBUG com.book.swap.security.JwtService        : Session id d1a015c2-9468-413b-968d-f24cd59a1c2c, d1a015c2-9468-413b-968d-f24cd59a1c2c
2025-11-10 02:02:59.022 [http-nio-8089-exec-3] DEBUG c.b.s.security.JwtAuthenticationFilter   : ✅ User authenticated successfully: alpha@gmail.com
2025-11-10 02:03:04.045 [http-nio-8089-exec-4] DEBUG c.b.s.security.JwtAuthenticationFilter   : ➡️ Incoming request path: /api/auth/login
2025-11-10 02:03:04.048 [http-nio-8089-exec-4]  INFO c.book.swap.services.auth.AuthService    : Login attempt for identifier: alpha@gmail.com
2025-11-10 02:03:04.203 [http-nio-8089-exec-4] DEBUG c.b.s.utils.books.InMemoryCacheService   : Session invalidated: d1a015c2-9468-413b-968d-f24cd59a1c2c
2025-11-10 02:03:04.204 [http-nio-8089-exec-4]  INFO c.book.swap.services.auth.AuthService    : Session expired for user: d1a015c2-9468-413b-968d-f24cd59a1c2c
2025-11-10 02:03:04.285 [http-nio-8089-exec-4] DEBUG c.b.s.utils.books.InMemoryCacheService   : Session stored: 7c985b6b-be34-440f-8842-4fd0e92212cc
2025-11-10 02:03:04.287 [http-nio-8089-exec-4]  INFO c.book.swap.services.auth.AuthService    : User logged in successfully: alpha@gmail.com with session: 7c985b6b-be34-440f-8842-4fd0e92212cc
2025-11-10 02:03:07.631 [http-nio-8089-exec-5] DEBUG c.b.s.security.JwtAuthenticationFilter   : ➡️ Incoming request path: /api/user/get-all-users
2025-11-10 02:03:07.709 [http-nio-8089-exec-5] DEBUG c.b.s.security.CustomUserDetailsService  : Loaded user: alpha@gmail.com with roles [ROLE_USER]
2025-11-10 02:03:07.711 [http-nio-8089-exec-5] DEBUG com.book.swap.security.JwtService        : Checking token for username alpha@gmail.com, alpha@gmail.com
2025-11-10 02:03:07.712 [http-nio-8089-exec-5] DEBUG com.book.swap.security.JwtService        : Token expired for isValid false
2025-11-10 02:03:07.714 [http-nio-8089-exec-5] DEBUG c.b.s.utils.books.InMemoryCacheService   : Session retrieved: d1a015c2-9468-413b-968d-f24cd59a1c2c - Found: false
2025-11-10 02:03:07.715 [http-nio-8089-exec-5] ERROR com.book.swap.security.JwtService        : Invalid session id d1a015c2-9468-413b-968d-f24cd59a1c2c
2025-11-10 21:53:54.246 [restartedMain]  INFO com.book.swap.BookSwapApplication        : Starting BookSwapApplication using Java 23.0.2 with PID 11580 (C:\Users\dell\Desktop\books\book-swap\build\classes\java\main started by dell in C:\Users\dell\Desktop\books\book-swap)
2025-11-10 21:53:54.246 [restartedMain] DEBUG com.book.swap.BookSwapApplication        : Running with Spring Boot v3.5.6, Spring v6.2.11
2025-11-10 21:53:54.246 [restartedMain]  INFO com.book.swap.BookSwapApplication        : No active profile set, falling back to 1 default profile: "default"
2025-11-10 21:53:54.460 [restartedMain]  INFO .e.DevToolsPropertyDefaultsPostProcessor : Devtools property defaults active! Set 'spring.devtools.add-properties' to 'false' to disable
2025-11-10 21:53:54.462 [restartedMain]  INFO .e.DevToolsPropertyDefaultsPostProcessor : For additional web related logging consider setting the 'logging.level.web' property to 'DEBUG'
2025-11-10 21:53:58.151 [restartedMain]  INFO .s.d.r.c.RepositoryConfigurationDelegate : Bootstrapping Spring Data MongoDB repositories in DEFAULT mode.
2025-11-10 21:53:58.494 [restartedMain]  INFO .s.d.r.c.RepositoryConfigurationDelegate : Finished Spring Data repository scanning in 319 ms. Found 6 MongoDB repository interfaces.
2025-11-10 21:54:01.163 [restartedMain]  INFO o.s.b.w.embedded.tomcat.TomcatWebServer  : Tomcat initialized with port 8089 (http)
2025-11-10 21:54:01.200 [restartedMain]  INFO o.apache.catalina.core.StandardService   : Starting service [Tomcat]
2025-11-10 21:54:01.200 [restartedMain]  INFO o.apache.catalina.core.StandardEngine    : Starting Servlet engine: [Apache Tomcat/10.1.46]
2025-11-10 21:54:01.353 [restartedMain]  INFO o.a.c.c.C.[Tomcat].[localhost].[/api]    : Initializing Spring embedded WebApplicationContext
2025-11-10 21:54:01.353 [restartedMain]  INFO w.s.c.ServletWebServerApplicationContext : Root WebApplicationContext: initialization completed in 6889 ms
2025-11-10 21:54:03.900 [restartedMain] DEBUG c.b.s.security.JwtAuthenticationFilter   : Filter 'jwtAuthenticationFilter' configured for use
2025-11-10 21:54:03.947 [restartedMain]  INFO o.s.b.d.a.OptionalLiveReloadServer       : LiveReload server is running on port 35729
2025-11-10 21:54:04.136 [restartedMain]  INFO eAuthenticationProviderManagerConfigurer : Global AuthenticationManager configured with AuthenticationProvider bean with name authenticationProvider
2025-11-10 21:54:04.137 [restartedMain]  WARN r$InitializeUserDetailsManagerConfigurer : Global AuthenticationManager configured with an AuthenticationProvider bean. UserDetailsService beans will not be used by Spring Security for automatically configuring username/password login. Consider removing the AuthenticationProvider bean. Alternatively, consider using the UserDetailsService in a manually instantiated DaoAuthenticationProvider. If the current configuration is intentional, to turn off this warning, increase the logging level of 'org.springframework.security.config.annotation.authentication.configuration.InitializeUserDetailsBeanManagerConfigurer' to ERROR
2025-11-10 21:54:06.503 [restartedMain]  INFO o.s.b.a.e.web.EndpointLinksResolver      : Exposing 1 endpoint beneath base path '/actuator'
2025-11-10 21:54:06.920 [restartedMain]  INFO o.s.v.b.OptionalValidatorFactoryBean     : Failed to set up a Bean Validation provider: jakarta.validation.NoProviderFoundException: Unable to create a Configuration, because no Jakarta Validation provider could be found. Add a provider like Hibernate Validator (RI) to your classpath.
2025-11-10 21:54:07.893 [restartedMain]  INFO o.s.b.w.embedded.tomcat.TomcatWebServer  : Tomcat started on port 8089 (http) with context path '/api'
2025-11-10 21:54:07.925 [restartedMain]  INFO com.book.swap.BookSwapApplication        : Started BookSwapApplication in 15.124 seconds (process running for 21.44)
2025-11-10 22:17:32.711 [main]  INFO com.book.swap.BookSwapApplication        : Starting BookSwapApplication using Java 17.0.16 with PID 14588 (C:\Users\dell\Desktop\books\book-swap\build\classes\java\main started by dell in C:\Users\dell\Desktop\books\book-swap)
2025-11-10 22:17:32.726 [main] DEBUG com.book.swap.BookSwapApplication        : Running with Spring Boot v3.5.6, Spring v6.2.11
2025-11-10 22:17:32.726 [main]  INFO com.book.swap.BookSwapApplication        : No active profile set, falling back to 1 default profile: "default"
2025-11-10 22:17:34.073 [main]  INFO .s.d.r.c.RepositoryConfigurationDelegate : Bootstrapping Spring Data MongoDB repositories in DEFAULT mode.
2025-11-10 22:17:34.261 [main]  INFO .s.d.r.c.RepositoryConfigurationDelegate : Finished Spring Data repository scanning in 168 ms. Found 6 MongoDB repository interfaces.
2025-11-10 22:17:36.706 [main]  INFO anValidationBeanRegistrationAotProcessor : No Bean Validation provider available - skipping validation constraint hint inference
2025-11-10 22:17:56.527 [restartedMain]  INFO com.book.swap.BookSwapApplication        : Starting BookSwapApplication using Java 23.0.2 with PID 344 (C:\Users\dell\Desktop\books\book-swap\build\classes\java\main started by dell in C:\Users\dell\Desktop\books\book-swap)
2025-11-10 22:17:56.531 [restartedMain] DEBUG com.book.swap.BookSwapApplication        : Running with Spring Boot v3.5.6, Spring v6.2.11
2025-11-10 22:17:56.535 [restartedMain]  INFO com.book.swap.BookSwapApplication        : No active profile set, falling back to 1 default profile: "default"
2025-11-10 22:17:56.949 [restartedMain]  INFO .e.DevToolsPropertyDefaultsPostProcessor : Devtools property defaults active! Set 'spring.devtools.add-properties' to 'false' to disable
2025-11-10 22:17:56.966 [restartedMain]  INFO .e.DevToolsPropertyDefaultsPostProcessor : For additional web related logging consider setting the 'logging.level.web' property to 'DEBUG'
2025-11-10 22:17:59.165 [restartedMain]  INFO .s.d.r.c.RepositoryConfigurationDelegate : Bootstrapping Spring Data MongoDB repositories in DEFAULT mode.
2025-11-10 22:17:59.384 [restartedMain]  INFO .s.d.r.c.RepositoryConfigurationDelegate : Finished Spring Data repository scanning in 207 ms. Found 6 MongoDB repository interfaces.
2025-11-10 22:18:01.374 [restartedMain]  INFO o.s.b.w.embedded.tomcat.TomcatWebServer  : Tomcat initialized with port 8080 (http)
2025-11-10 22:18:01.401 [restartedMain]  INFO o.apache.catalina.core.StandardService   : Starting service [Tomcat]
2025-11-10 22:18:01.402 [restartedMain]  INFO o.apache.catalina.core.StandardEngine    : Starting Servlet engine: [Apache Tomcat/10.1.46]
2025-11-10 22:18:01.493 [restartedMain]  INFO o.a.c.c.C.[Tomcat].[localhost].[/api]    : Initializing Spring embedded WebApplicationContext
2025-11-10 22:18:01.493 [restartedMain]  INFO w.s.c.ServletWebServerApplicationContext : Root WebApplicationContext: initialization completed in 4522 ms
2025-11-10 22:18:03.299 [restartedMain] DEBUG c.b.s.security.JwtAuthenticationFilter   : Filter 'jwtAuthenticationFilter' configured for use
2025-11-10 22:18:03.346 [restartedMain]  INFO o.s.b.d.a.OptionalLiveReloadServer       : LiveReload server is running on port 35729
2025-11-10 22:18:03.516 [restartedMain]  INFO eAuthenticationProviderManagerConfigurer : Global AuthenticationManager configured with AuthenticationProvider bean with name authenticationProvider
2025-11-10 22:18:03.518 [restartedMain]  WARN r$InitializeUserDetailsManagerConfigurer : Global AuthenticationManager configured with an AuthenticationProvider bean. UserDetailsService beans will not be used by Spring Security for automatically configuring username/password login. Consider removing the AuthenticationProvider bean. Alternatively, consider using the UserDetailsService in a manually instantiated DaoAuthenticationProvider. If the current configuration is intentional, to turn off this warning, increase the logging level of 'org.springframework.security.config.annotation.authentication.configuration.InitializeUserDetailsBeanManagerConfigurer' to ERROR
2025-11-10 22:18:04.760 [restartedMain]  INFO o.s.b.a.w.s.WelcomePageHandlerMapping    : Adding welcome page: class path resource [static/index.html]
2025-11-10 22:18:05.287 [restartedMain]  INFO o.s.b.a.e.web.EndpointLinksResolver      : Exposing 1 endpoint beneath base path '/actuator'
2025-11-10 22:18:05.640 [restartedMain]  INFO o.s.v.b.OptionalValidatorFactoryBean     : Failed to set up a Bean Validation provider: jakarta.validation.NoProviderFoundException: Unable to create a Configuration, because no Jakarta Validation provider could be found. Add a provider like Hibernate Validator (RI) to your classpath.
2025-11-10 22:18:06.412 [restartedMain]  INFO o.s.b.w.embedded.tomcat.TomcatWebServer  : Tomcat started on port 8080 (http) with context path '/api'
2025-11-10 22:18:06.443 [restartedMain]  INFO com.book.swap.BookSwapApplication        : Started BookSwapApplication in 12.176 seconds (process running for 13.004)
2025-11-10 22:18:51.590 [http-nio-8080-exec-3]  INFO o.a.c.c.C.[Tomcat].[localhost].[/api]    : Initializing Spring DispatcherServlet 'dispatcherServlet'
2025-11-10 22:18:51.590 [http-nio-8080-exec-3]  INFO o.s.web.servlet.DispatcherServlet        : Initializing Servlet 'dispatcherServlet'
2025-11-10 22:18:51.592 [http-nio-8080-exec-3]  INFO o.s.web.servlet.DispatcherServlet        : Completed initialization in 2 ms
2025-11-10 22:18:51.637 [http-nio-8080-exec-3] DEBUG c.b.s.security.JwtAuthenticationFilter   : ➡️ Incoming request path: /api/auth/login
2025-11-10 22:18:51.748 [http-nio-8080-exec-3]  INFO c.book.swap.services.auth.AuthService    : Login attempt for identifier: alpha@gmail.com
2025-11-10 22:18:51.958 [http-nio-8080-exec-3] DEBUG c.b.s.utils.books.InMemoryCacheService   : Session invalidated: 7c985b6b-be34-440f-8842-4fd0e92212cc
2025-11-10 22:18:51.958 [http-nio-8080-exec-3]  INFO c.book.swap.services.auth.AuthService    : Session expired for user: 7c985b6b-be34-440f-8842-4fd0e92212cc
2025-11-10 22:18:52.099 [http-nio-8080-exec-3] DEBUG c.b.s.utils.books.InMemoryCacheService   : Session stored: 61799c5d-acfa-4b8d-997f-df0033d11f09
2025-11-10 22:18:52.139 [http-nio-8080-exec-3]  INFO c.book.swap.services.auth.AuthService    : User logged in successfully: alpha@gmail.com with session: 61799c5d-acfa-4b8d-997f-df0033d11f09
2025-11-10 22:19:29.011 [http-nio-8080-exec-7] DEBUG c.b.s.security.JwtAuthenticationFilter   : ➡️ Incoming request path: /api/auth/login
2025-11-10 22:19:29.014 [http-nio-8080-exec-7]  INFO c.book.swap.services.auth.AuthService    : Login attempt for identifier: alpha@gmail.com
2025-11-10 22:19:29.150 [http-nio-8080-exec-7] DEBUG c.b.s.utils.books.InMemoryCacheService   : Session invalidated: 61799c5d-acfa-4b8d-997f-df0033d11f09
2025-11-10 22:19:29.150 [http-nio-8080-exec-7]  INFO c.book.swap.services.auth.AuthService    : Session expired for user: 61799c5d-acfa-4b8d-997f-df0033d11f09
2025-11-10 22:19:29.224 [http-nio-8080-exec-7] DEBUG c.b.s.utils.books.InMemoryCacheService   : Session stored: b2fd2e3d-51cd-4fef-a7d0-b4c160dccf33
2025-11-10 22:19:29.226 [http-nio-8080-exec-7]  INFO c.book.swap.services.auth.AuthService    : User logged in successfully: alpha@gmail.com with session: b2fd2e3d-51cd-4fef-a7d0-b4c160dccf33
2025-11-10 22:22:15.748 [main]  INFO com.book.swap.BookSwapApplication        : Starting BookSwapApplication using Java 17.0.16 with PID 9840 (C:\Users\dell\Desktop\books\book-swap\build\classes\java\main started by dell in C:\Users\dell\Desktop\books\book-swap)
2025-11-10 22:22:15.753 [main] DEBUG com.book.swap.BookSwapApplication        : Running with Spring Boot v3.5.6, Spring v6.2.11
2025-11-10 22:22:15.755 [main]  INFO com.book.swap.BookSwapApplication        : No active profile set, falling back to 1 default profile: "default"
2025-11-10 22:22:17.365 [main]  INFO .s.d.r.c.RepositoryConfigurationDelegate : Bootstrapping Spring Data MongoDB repositories in DEFAULT mode.
2025-11-10 22:22:17.586 [main]  INFO .s.d.r.c.RepositoryConfigurationDelegate : Finished Spring Data repository scanning in 218 ms. Found 6 MongoDB repository interfaces.
2025-11-10 22:22:24.336 [main]  INFO anValidationBeanRegistrationAotProcessor : No Bean Validation provider available - skipping validation constraint hint inference
2025-11-10 22:22:38.763 [restartedMain]  INFO com.book.swap.BookSwapApplication        : Starting BookSwapApplication using Java 23.0.2 with PID 10404 (C:\Users\dell\Desktop\books\book-swap\build\classes\java\main started by dell in C:\Users\dell\Desktop\books\book-swap)
2025-11-10 22:22:38.763 [restartedMain] DEBUG com.book.swap.BookSwapApplication        : Running with Spring Boot v3.5.6, Spring v6.2.11
2025-11-10 22:22:38.769 [restartedMain]  INFO com.book.swap.BookSwapApplication        : No active profile set, falling back to 1 default profile: "default"
2025-11-10 22:22:38.955 [restartedMain]  INFO .e.DevToolsPropertyDefaultsPostProcessor : Devtools property defaults active! Set 'spring.devtools.add-properties' to 'false' to disable
2025-11-10 22:22:38.956 [restartedMain]  INFO .e.DevToolsPropertyDefaultsPostProcessor : For additional web related logging consider setting the 'logging.level.web' property to 'DEBUG'
2025-11-10 22:22:40.401 [restartedMain]  INFO .s.d.r.c.RepositoryConfigurationDelegate : Bootstrapping Spring Data MongoDB repositories in DEFAULT mode.
2025-11-10 22:22:40.617 [restartedMain]  INFO .s.d.r.c.RepositoryConfigurationDelegate : Finished Spring Data repository scanning in 197 ms. Found 6 MongoDB repository interfaces.
2025-11-10 22:22:42.249 [restartedMain]  INFO o.s.b.w.embedded.tomcat.TomcatWebServer  : Tomcat initialized with port 8080 (http)
2025-11-10 22:22:42.274 [restartedMain]  INFO o.apache.catalina.core.StandardService   : Starting service [Tomcat]
2025-11-10 22:22:42.274 [restartedMain]  INFO o.apache.catalina.core.StandardEngine    : Starting Servlet engine: [Apache Tomcat/10.1.46]
2025-11-10 22:22:42.383 [restartedMain]  INFO o.a.c.c.C.[Tomcat].[localhost].[/api]    : Initializing Spring embedded WebApplicationContext
2025-11-10 22:22:42.383 [restartedMain]  INFO w.s.c.ServletWebServerApplicationContext : Root WebApplicationContext: initialization completed in 3426 ms
2025-11-10 22:22:44.171 [restartedMain] DEBUG c.b.s.security.JwtAuthenticationFilter   : Filter 'jwtAuthenticationFilter' configured for use
2025-11-10 22:22:44.227 [restartedMain]  INFO o.s.b.d.a.OptionalLiveReloadServer       : LiveReload server is running on port 35729
2025-11-10 22:22:44.348 [restartedMain]  INFO eAuthenticationProviderManagerConfigurer : Global AuthenticationManager configured with AuthenticationProvider bean with name authenticationProvider
2025-11-10 22:22:44.348 [restartedMain]  WARN r$InitializeUserDetailsManagerConfigurer : Global AuthenticationManager configured with an AuthenticationProvider bean. UserDetailsService beans will not be used by Spring Security for automatically configuring username/password login. Consider removing the AuthenticationProvider bean. Alternatively, consider using the UserDetailsService in a manually instantiated DaoAuthenticationProvider. If the current configuration is intentional, to turn off this warning, increase the logging level of 'org.springframework.security.config.annotation.authentication.configuration.InitializeUserDetailsBeanManagerConfigurer' to ERROR
2025-11-10 22:22:45.758 [restartedMain]  INFO o.s.b.a.w.s.WelcomePageHandlerMapping    : Adding welcome page: class path resource [static/index.html]
2025-11-10 22:22:46.289 [restartedMain]  INFO o.s.b.a.e.web.EndpointLinksResolver      : Exposing 1 endpoint beneath base path '/actuator'
2025-11-10 22:22:46.651 [restartedMain]  INFO o.s.v.b.OptionalValidatorFactoryBean     : Failed to set up a Bean Validation provider: jakarta.validation.NoProviderFoundException: Unable to create a Configuration, because no Jakarta Validation provider could be found. Add a provider like Hibernate Validator (RI) to your classpath.
2025-11-10 22:22:47.400 [restartedMain]  INFO o.s.b.w.embedded.tomcat.TomcatWebServer  : Tomcat started on port 8080 (http) with context path '/api'
2025-11-10 22:22:47.429 [restartedMain]  INFO com.book.swap.BookSwapApplication        : Started BookSwapApplication in 9.717 seconds (process running for 10.426)
2025-11-10 23:07:06.949 [restartedMain]  INFO com.book.swap.BookSwapApplication        : Starting BookSwapApplication using Java 23.0.2 with PID 4536 (C:\Users\dell\Desktop\books\book-swap\build\classes\java\main started by dell in C:\Users\dell\Desktop\books\book-swap)
2025-11-10 23:07:06.955 [restartedMain] DEBUG com.book.swap.BookSwapApplication        : Running with Spring Boot v3.5.6, Spring v6.2.11
2025-11-10 23:07:06.962 [restartedMain]  INFO com.book.swap.BookSwapApplication        : No active profile set, falling back to 1 default profile: "default"
2025-11-10 23:07:07.152 [restartedMain]  INFO .e.DevToolsPropertyDefaultsPostProcessor : Devtools property defaults active! Set 'spring.devtools.add-properties' to 'false' to disable
2025-11-10 23:07:07.152 [restartedMain]  INFO .e.DevToolsPropertyDefaultsPostProcessor : For additional web related logging consider setting the 'logging.level.web' property to 'DEBUG'
2025-11-10 23:07:08.633 [restartedMain]  INFO .s.d.r.c.RepositoryConfigurationDelegate : Bootstrapping Spring Data MongoDB repositories in DEFAULT mode.
2025-11-10 23:07:08.805 [restartedMain]  INFO .s.d.r.c.RepositoryConfigurationDelegate : Finished Spring Data repository scanning in 155 ms. Found 6 MongoDB repository interfaces.
2025-11-10 23:07:10.518 [restartedMain]  INFO o.s.b.w.embedded.tomcat.TomcatWebServer  : Tomcat initialized with port 8080 (http)
2025-11-10 23:07:10.541 [restartedMain]  INFO o.apache.catalina.core.StandardService   : Starting service [Tomcat]
2025-11-10 23:07:10.541 [restartedMain]  INFO o.apache.catalina.core.StandardEngine    : Starting Servlet engine: [Apache Tomcat/10.1.46]
2025-11-10 23:07:10.627 [restartedMain]  INFO o.a.c.c.C.[Tomcat].[localhost].[/api]    : Initializing Spring embedded WebApplicationContext
2025-11-10 23:07:10.629 [restartedMain]  INFO w.s.c.ServletWebServerApplicationContext : Root WebApplicationContext: initialization completed in 3475 ms
2025-11-10 23:07:13.094 [restartedMain] DEBUG c.b.s.security.JwtAuthenticationFilter   : Filter 'jwtAuthenticationFilter' configured for use
2025-11-10 23:07:13.169 [restartedMain]  INFO o.s.b.d.a.OptionalLiveReloadServer       : LiveReload server is running on port 35729
2025-11-10 23:07:13.300 [restartedMain]  INFO eAuthenticationProviderManagerConfigurer : Global AuthenticationManager configured with AuthenticationProvider bean with name authenticationProvider
2025-11-10 23:07:13.300 [restartedMain]  WARN r$InitializeUserDetailsManagerConfigurer : Global AuthenticationManager configured with an AuthenticationProvider bean. UserDetailsService beans will not be used by Spring Security for automatically configuring username/password login. Consider removing the AuthenticationProvider bean. Alternatively, consider using the UserDetailsService in a manually instantiated DaoAuthenticationProvider. If the current configuration is intentional, to turn off this warning, increase the logging level of 'org.springframework.security.config.annotation.authentication.configuration.InitializeUserDetailsBeanManagerConfigurer' to ERROR
2025-11-10 23:07:14.853 [restartedMain]  INFO o.s.b.a.w.s.WelcomePageHandlerMapping    : Adding welcome page: class path resource [static/index.html]
2025-11-10 23:07:15.381 [restartedMain]  INFO o.s.b.a.e.web.EndpointLinksResolver      : Exposing 1 endpoint beneath base path '/actuator'
2025-11-10 23:07:15.759 [restartedMain]  INFO o.s.v.b.OptionalValidatorFactoryBean     : Failed to set up a Bean Validation provider: jakarta.validation.NoProviderFoundException: Unable to create a Configuration, because no Jakarta Validation provider could be found. Add a provider like Hibernate Validator (RI) to your classpath.
2025-11-10 23:07:16.577 [restartedMain]  INFO o.s.b.w.embedded.tomcat.TomcatWebServer  : Tomcat started on port 8080 (http) with context path '/api'
2025-11-10 23:07:16.606 [restartedMain]  INFO com.book.swap.BookSwapApplication        : Started BookSwapApplication in 10.747 seconds (process running for 11.997)
2025-11-10 23:07:34.566 [main]  INFO com.book.swap.BookSwapApplication        : Starting BookSwapApplication using Java 17.0.16 with PID 9496 (C:\Users\dell\Desktop\books\book-swap\build\classes\java\main started by dell in C:\Users\dell\Desktop\books\book-swap)
2025-11-10 23:07:34.574 [main] DEBUG com.book.swap.BookSwapApplication        : Running with Spring Boot v3.5.6, Spring v6.2.11
2025-11-10 23:07:34.576 [main]  INFO com.book.swap.BookSwapApplication        : No active profile set, falling back to 1 default profile: "default"
2025-11-10 23:07:35.977 [main]  INFO .s.d.r.c.RepositoryConfigurationDelegate : Bootstrapping Spring Data MongoDB repositories in DEFAULT mode.
2025-11-10 23:07:36.173 [main]  INFO .s.d.r.c.RepositoryConfigurationDelegate : Finished Spring Data repository scanning in 178 ms. Found 6 MongoDB repository interfaces.
2025-11-10 23:07:39.015 [main]  INFO anValidationBeanRegistrationAotProcessor : No Bean Validation provider available - skipping validation constraint hint inference
2025-11-10 23:07:49.727 [restartedMain]  INFO com.book.swap.BookSwapApplication        : Starting BookSwapApplication using Java 23.0.2 with PID 572 (C:\Users\dell\Desktop\books\book-swap\build\classes\java\main started by dell in C:\Users\dell\Desktop\books\book-swap)
2025-11-10 23:07:49.734 [restartedMain] DEBUG com.book.swap.BookSwapApplication        : Running with Spring Boot v3.5.6, Spring v6.2.11
2025-11-10 23:07:49.737 [restartedMain]  INFO com.book.swap.BookSwapApplication        : No active profile set, falling back to 1 default profile: "default"
2025-11-10 23:07:49.902 [restartedMain]  INFO .e.DevToolsPropertyDefaultsPostProcessor : Devtools property defaults active! Set 'spring.devtools.add-properties' to 'false' to disable
2025-11-10 23:07:49.902 [restartedMain]  INFO .e.DevToolsPropertyDefaultsPostProcessor : For additional web related logging consider setting the 'logging.level.web' property to 'DEBUG'
2025-11-10 23:07:52.183 [restartedMain]  INFO .s.d.r.c.RepositoryConfigurationDelegate : Bootstrapping Spring Data MongoDB repositories in DEFAULT mode.
2025-11-10 23:08:01.433 [main]  INFO com.book.swap.BookSwapApplication        : Starting BookSwapApplication using Java 17.0.16 with PID 11444 (C:\Users\dell\Desktop\books\book-swap\build\classes\java\main started by dell in C:\Users\dell\Desktop\books\book-swap)
2025-11-10 23:08:01.439 [main] DEBUG com.book.swap.BookSwapApplication        : Running with Spring Boot v3.5.6, Spring v6.2.11
2025-11-10 23:08:01.440 [main]  INFO com.book.swap.BookSwapApplication        : No active profile set, falling back to 1 default profile: "default"
2025-11-10 23:08:02.945 [main]  INFO .s.d.r.c.RepositoryConfigurationDelegate : Bootstrapping Spring Data MongoDB repositories in DEFAULT mode.
2025-11-10 23:08:03.102 [main]  INFO .s.d.r.c.RepositoryConfigurationDelegate : Finished Spring Data repository scanning in 151 ms. Found 6 MongoDB repository interfaces.
2025-11-10 23:08:06.023 [main]  INFO anValidationBeanRegistrationAotProcessor : No Bean Validation provider available - skipping validation constraint hint inference
2025-11-10 23:08:16.305 [restartedMain]  INFO com.book.swap.BookSwapApplication        : Starting BookSwapApplication using Java 23.0.2 with PID 9368 (C:\Users\dell\Desktop\books\book-swap\build\classes\java\main started by dell in C:\Users\dell\Desktop\books\book-swap)
2025-11-10 23:08:16.308 [restartedMain] DEBUG com.book.swap.BookSwapApplication        : Running with Spring Boot v3.5.6, Spring v6.2.11
2025-11-10 23:08:16.308 [restartedMain]  INFO com.book.swap.BookSwapApplication        : No active profile set, falling back to 1 default profile: "default"
2025-11-10 23:08:16.467 [restartedMain]  INFO .e.DevToolsPropertyDefaultsPostProcessor : Devtools property defaults active! Set 'spring.devtools.add-properties' to 'false' to disable
2025-11-10 23:08:16.467 [restartedMain]  INFO .e.DevToolsPropertyDefaultsPostProcessor : For additional web related logging consider setting the 'logging.level.web' property to 'DEBUG'
2025-11-10 23:08:17.893 [restartedMain]  INFO .s.d.r.c.RepositoryConfigurationDelegate : Bootstrapping Spring Data MongoDB repositories in DEFAULT mode.
2025-11-10 23:08:18.038 [restartedMain]  INFO .s.d.r.c.RepositoryConfigurationDelegate : Finished Spring Data repository scanning in 135 ms. Found 6 MongoDB repository interfaces.
2025-11-10 23:08:19.649 [restartedMain]  INFO o.s.b.w.embedded.tomcat.TomcatWebServer  : Tomcat initialized with port 8080 (http)
2025-11-10 23:08:19.676 [restartedMain]  INFO o.apache.catalina.core.StandardService   : Starting service [Tomcat]
2025-11-10 23:08:19.676 [restartedMain]  INFO o.apache.catalina.core.StandardEngine    : Starting Servlet engine: [Apache Tomcat/10.1.46]
2025-11-10 23:08:19.746 [restartedMain]  INFO o.a.c.c.C.[Tomcat].[localhost].[/api]    : Initializing Spring embedded WebApplicationContext
2025-11-10 23:08:19.765 [restartedMain]  INFO w.s.c.ServletWebServerApplicationContext : Root WebApplicationContext: initialization completed in 3297 ms
2025-11-10 23:08:21.512 [restartedMain] DEBUG c.b.s.security.JwtAuthenticationFilter   : Filter 'jwtAuthenticationFilter' configured for use
2025-11-10 23:08:21.570 [restartedMain]  INFO o.s.b.d.a.OptionalLiveReloadServer       : LiveReload server is running on port 35729
2025-11-10 23:08:21.719 [restartedMain]  INFO eAuthenticationProviderManagerConfigurer : Global AuthenticationManager configured with AuthenticationProvider bean with name authenticationProvider
2025-11-10 23:08:21.719 [restartedMain]  WARN r$InitializeUserDetailsManagerConfigurer : Global AuthenticationManager configured with an AuthenticationProvider bean. UserDetailsService beans will not be used by Spring Security for automatically configuring username/password login. Consider removing the AuthenticationProvider bean. Alternatively, consider using the UserDetailsService in a manually instantiated DaoAuthenticationProvider. If the current configuration is intentional, to turn off this warning, increase the logging level of 'org.springframework.security.config.annotation.authentication.configuration.InitializeUserDetailsBeanManagerConfigurer' to ERROR
2025-11-10 23:08:22.993 [restartedMain]  INFO o.s.b.a.w.s.WelcomePageHandlerMapping    : Adding welcome page template: index
2025-11-10 23:08:23.512 [restartedMain]  INFO o.s.b.a.e.web.EndpointLinksResolver      : Exposing 1 endpoint beneath base path '/actuator'
2025-11-10 23:08:23.894 [restartedMain]  INFO o.s.v.b.OptionalValidatorFactoryBean     : Failed to set up a Bean Validation provider: jakarta.validation.NoProviderFoundException: Unable to create a Configuration, because no Jakarta Validation provider could be found. Add a provider like Hibernate Validator (RI) to your classpath.
2025-11-10 23:08:24.720 [restartedMain]  INFO o.s.b.w.embedded.tomcat.TomcatWebServer  : Tomcat started on port 8080 (http) with context path '/api'
2025-11-10 23:08:24.751 [restartedMain]  INFO com.book.swap.BookSwapApplication        : Started BookSwapApplication in 9.427 seconds (process running for 10.367)
2025-11-10 23:09:27.683 [http-nio-8080-exec-8]  INFO o.a.c.c.C.[Tomcat].[localhost].[/api]    : Initializing Spring DispatcherServlet 'dispatcherServlet'
2025-11-10 23:09:27.683 [http-nio-8080-exec-8]  INFO o.s.web.servlet.DispatcherServlet        : Initializing Servlet 'dispatcherServlet'
2025-11-10 23:09:27.685 [http-nio-8080-exec-8]  INFO o.s.web.servlet.DispatcherServlet        : Completed initialization in 2 ms
2025-11-10 23:09:27.743 [http-nio-8080-exec-8] DEBUG c.b.s.security.JwtAuthenticationFilter   : ➡️ Incoming request path: /api/
2025-11-10 23:11:00.739 [main]  INFO com.book.swap.BookSwapApplication        : Starting BookSwapApplication using Java 17.0.16 with PID 10428 (C:\Users\dell\Desktop\books\book-swap\build\classes\java\main started by dell in C:\Users\dell\Desktop\books\book-swap)
2025-11-10 23:11:00.739 [main] DEBUG com.book.swap.BookSwapApplication        : Running with Spring Boot v3.5.6, Spring v6.2.11
2025-11-10 23:11:00.739 [main]  INFO com.book.swap.BookSwapApplication        : No active profile set, falling back to 1 default profile: "default"
2025-11-10 23:11:02.278 [main]  INFO .s.d.r.c.RepositoryConfigurationDelegate : Bootstrapping Spring Data MongoDB repositories in DEFAULT mode.
2025-11-10 23:11:02.497 [main]  INFO .s.d.r.c.RepositoryConfigurationDelegate : Finished Spring Data repository scanning in 125 ms. Found 6 MongoDB repository interfaces.
2025-11-10 23:11:05.159 [main]  INFO anValidationBeanRegistrationAotProcessor : No Bean Validation provider available - skipping validation constraint hint inference
2025-11-10 23:11:13.915 [restartedMain]  INFO com.book.swap.BookSwapApplication        : Starting BookSwapApplication using Java 23.0.2 with PID 6284 (C:\Users\dell\Desktop\books\book-swap\build\classes\java\main started by dell in C:\Users\dell\Desktop\books\book-swap)
2025-11-10 23:11:13.915 [restartedMain] DEBUG com.book.swap.BookSwapApplication        : Running with Spring Boot v3.5.6, Spring v6.2.11
2025-11-10 23:11:13.915 [restartedMain]  INFO com.book.swap.BookSwapApplication        : No active profile set, falling back to 1 default profile: "default"
2025-11-10 23:11:14.076 [restartedMain]  INFO .e.DevToolsPropertyDefaultsPostProcessor : Devtools property defaults active! Set 'spring.devtools.add-properties' to 'false' to disable
2025-11-10 23:11:14.076 [restartedMain]  INFO .e.DevToolsPropertyDefaultsPostProcessor : For additional web related logging consider setting the 'logging.level.web' property to 'DEBUG'
2025-11-10 23:11:15.524 [restartedMain]  INFO .s.d.r.c.RepositoryConfigurationDelegate : Bootstrapping Spring Data MongoDB repositories in DEFAULT mode.
2025-11-10 23:11:15.698 [restartedMain]  INFO .s.d.r.c.RepositoryConfigurationDelegate : Finished Spring Data repository scanning in 175 ms. Found 6 MongoDB repository interfaces.
2025-11-10 23:11:17.328 [restartedMain]  INFO o.s.b.w.embedded.tomcat.TomcatWebServer  : Tomcat initialized with port 8080 (http)
2025-11-10 23:11:17.363 [restartedMain]  INFO o.apache.catalina.core.StandardService   : Starting service [Tomcat]
2025-11-10 23:11:17.364 [restartedMain]  INFO o.apache.catalina.core.StandardEngine    : Starting Servlet engine: [Apache Tomcat/10.1.46]
2025-11-10 23:11:17.446 [restartedMain]  INFO o.a.c.c.C.[Tomcat].[localhost].[/api]    : Initializing Spring embedded WebApplicationContext
2025-11-10 23:11:17.446 [restartedMain]  INFO w.s.c.ServletWebServerApplicationContext : Root WebApplicationContext: initialization completed in 3369 ms
2025-11-10 23:11:19.134 [restartedMain] DEBUG c.b.s.security.JwtAuthenticationFilter   : Filter 'jwtAuthenticationFilter' configured for use
2025-11-10 23:11:19.184 [restartedMain]  INFO o.s.b.d.a.OptionalLiveReloadServer       : LiveReload server is running on port 35729
2025-11-10 23:11:19.292 [restartedMain]  INFO eAuthenticationProviderManagerConfigurer : Global AuthenticationManager configured with AuthenticationProvider bean with name authenticationProvider
2025-11-10 23:11:19.292 [restartedMain]  WARN r$InitializeUserDetailsManagerConfigurer : Global AuthenticationManager configured with an AuthenticationProvider bean. UserDetailsService beans will not be used by Spring Security for automatically configuring username/password login. Consider removing the AuthenticationProvider bean. Alternatively, consider using the UserDetailsService in a manually instantiated DaoAuthenticationProvider. If the current configuration is intentional, to turn off this warning, increase the logging level of 'org.springframework.security.config.annotation.authentication.configuration.InitializeUserDetailsBeanManagerConfigurer' to ERROR
2025-11-10 23:11:20.666 [restartedMain]  INFO o.s.b.a.w.s.WelcomePageHandlerMapping    : Adding welcome page template: index
2025-11-10 23:11:21.161 [restartedMain]  INFO o.s.b.a.e.web.EndpointLinksResolver      : Exposing 1 endpoint beneath base path '/actuator'
2025-11-10 23:11:21.507 [restartedMain]  INFO o.s.v.b.OptionalValidatorFactoryBean     : Failed to set up a Bean Validation provider: jakarta.validation.NoProviderFoundException: Unable to create a Configuration, because no Jakarta Validation provider could be found. Add a provider like Hibernate Validator (RI) to your classpath.
2025-11-10 23:11:22.273 [restartedMain]  INFO o.s.b.w.embedded.tomcat.TomcatWebServer  : Tomcat started on port 8080 (http) with context path '/api'
2025-11-10 23:11:22.312 [restartedMain]  INFO com.book.swap.BookSwapApplication        : Started BookSwapApplication in 9.35 seconds (process running for 10.09)
2025-11-10 23:11:27.002 [http-nio-8080-exec-1]  INFO o.a.c.c.C.[Tomcat].[localhost].[/api]    : Initializing Spring DispatcherServlet 'dispatcherServlet'
2025-11-10 23:11:27.002 [http-nio-8080-exec-1]  INFO o.s.web.servlet.DispatcherServlet        : Initializing Servlet 'dispatcherServlet'
2025-11-10 23:11:27.009 [http-nio-8080-exec-1]  INFO o.s.web.servlet.DispatcherServlet        : Completed initialization in 5 ms
2025-11-10 23:11:27.138 [http-nio-8080-exec-1] DEBUG c.b.s.security.JwtAuthenticationFilter   : ➡️ Incoming request path: /api/
2025-11-10 23:13:59.317 [main]  INFO com.book.swap.BookSwapApplication        : Starting BookSwapApplication using Java 17.0.16 with PID 9764 (C:\Users\dell\Desktop\books\book-swap\build\classes\java\main started by dell in C:\Users\dell\Desktop\books\book-swap)
2025-11-10 23:13:59.321 [main] DEBUG com.book.swap.BookSwapApplication        : Running with Spring Boot v3.5.6, Spring v6.2.11
2025-11-10 23:13:59.323 [main]  INFO com.book.swap.BookSwapApplication        : No active profile set, falling back to 1 default profile: "default"
2025-11-10 23:14:00.681 [main]  INFO .s.d.r.c.RepositoryConfigurationDelegate : Bootstrapping Spring Data MongoDB repositories in DEFAULT mode.
2025-11-10 23:14:00.872 [main]  INFO .s.d.r.c.RepositoryConfigurationDelegate : Finished Spring Data repository scanning in 169 ms. Found 6 MongoDB repository interfaces.
2025-11-10 23:14:03.413 [main]  INFO anValidationBeanRegistrationAotProcessor : No Bean Validation provider available - skipping validation constraint hint inference
2025-11-10 23:14:13.665 [restartedMain]  INFO com.book.swap.BookSwapApplication        : Starting BookSwapApplication using Java 23.0.2 with PID 1188 (C:\Users\dell\Desktop\books\book-swap\build\classes\java\main started by dell in C:\Users\dell\Desktop\books\book-swap)
2025-11-10 23:14:13.667 [restartedMain] DEBUG com.book.swap.BookSwapApplication        : Running with Spring Boot v3.5.6, Spring v6.2.11
2025-11-10 23:14:13.667 [restartedMain]  INFO com.book.swap.BookSwapApplication        : No active profile set, falling back to 1 default profile: "default"
2025-11-10 23:14:13.805 [restartedMain]  INFO .e.DevToolsPropertyDefaultsPostProcessor : Devtools property defaults active! Set 'spring.devtools.add-properties' to 'false' to disable
2025-11-10 23:14:13.817 [restartedMain]  INFO .e.DevToolsPropertyDefaultsPostProcessor : For additional web related logging consider setting the 'logging.level.web' property to 'DEBUG'
2025-11-10 23:14:15.231 [restartedMain]  INFO .s.d.r.c.RepositoryConfigurationDelegate : Bootstrapping Spring Data MongoDB repositories in DEFAULT mode.
2025-11-10 23:14:15.419 [restartedMain]  INFO .s.d.r.c.RepositoryConfigurationDelegate : Finished Spring Data repository scanning in 172 ms. Found 6 MongoDB repository interfaces.
2025-11-10 23:14:17.024 [restartedMain]  INFO o.s.b.w.embedded.tomcat.TomcatWebServer  : Tomcat initialized with port 8080 (http)
2025-11-10 23:14:17.060 [restartedMain]  INFO o.apache.catalina.core.StandardService   : Starting service [Tomcat]
2025-11-10 23:14:17.060 [restartedMain]  INFO o.apache.catalina.core.StandardEngine    : Starting Servlet engine: [Apache Tomcat/10.1.46]
2025-11-10 23:14:17.152 [restartedMain]  INFO o.a.c.c.C.[Tomcat].[localhost].[/api]    : Initializing Spring embedded WebApplicationContext
2025-11-10 23:14:17.152 [restartedMain]  INFO w.s.c.ServletWebServerApplicationContext : Root WebApplicationContext: initialization completed in 3335 ms
2025-11-10 23:14:18.947 [restartedMain] DEBUG c.b.s.security.JwtAuthenticationFilter   : Filter 'jwtAuthenticationFilter' configured for use
2025-11-10 23:14:18.994 [restartedMain]  INFO o.s.b.d.a.OptionalLiveReloadServer       : LiveReload server is running on port 35729
2025-11-10 23:14:19.171 [restartedMain]  INFO eAuthenticationProviderManagerConfigurer : Global AuthenticationManager configured with AuthenticationProvider bean with name authenticationProvider
2025-11-10 23:14:19.171 [restartedMain]  WARN r$InitializeUserDetailsManagerConfigurer : Global AuthenticationManager configured with an AuthenticationProvider bean. UserDetailsService beans will not be used by Spring Security for automatically configuring username/password login. Consider removing the AuthenticationProvider bean. Alternatively, consider using the UserDetailsService in a manually instantiated DaoAuthenticationProvider. If the current configuration is intentional, to turn off this warning, increase the logging level of 'org.springframework.security.config.annotation.authentication.configuration.InitializeUserDetailsBeanManagerConfigurer' to ERROR
2025-11-10 23:14:20.440 [restartedMain]  INFO o.s.b.a.w.s.WelcomePageHandlerMapping    : Adding welcome page template: index
2025-11-10 23:14:20.906 [restartedMain]  INFO o.s.b.a.e.web.EndpointLinksResolver      : Exposing 1 endpoint beneath base path '/actuator'
2025-11-10 23:14:21.230 [restartedMain]  INFO o.s.v.b.OptionalValidatorFactoryBean     : Failed to set up a Bean Validation provider: jakarta.validation.NoProviderFoundException: Unable to create a Configuration, because no Jakarta Validation provider could be found. Add a provider like Hibernate Validator (RI) to your classpath.
2025-11-10 23:14:21.946 [restartedMain]  INFO o.s.b.w.embedded.tomcat.TomcatWebServer  : Tomcat started on port 8080 (http) with context path '/api'
2025-11-10 23:14:21.985 [restartedMain]  INFO com.book.swap.BookSwapApplication        : Started BookSwapApplication in 9.256 seconds (process running for 9.933)
2025-11-10 23:14:36.299 [http-nio-8080-exec-1]  INFO o.a.c.c.C.[Tomcat].[localhost].[/api]    : Initializing Spring DispatcherServlet 'dispatcherServlet'
2025-11-10 23:14:36.299 [http-nio-8080-exec-1]  INFO o.s.web.servlet.DispatcherServlet        : Initializing Servlet 'dispatcherServlet'
2025-11-10 23:14:36.299 [http-nio-8080-exec-1]  INFO o.s.web.servlet.DispatcherServlet        : Completed initialization in 0 ms
2025-11-10 23:14:36.393 [http-nio-8080-exec-1] DEBUG c.b.s.security.JwtAuthenticationFilter   : ➡️ Incoming request path: /api/
2025-11-10 23:15:36.092 [main]  INFO com.book.swap.BookSwapApplication        : Starting BookSwapApplication using Java 17.0.16 with PID 1008 (C:\Users\dell\Desktop\books\book-swap\build\classes\java\main started by dell in C:\Users\dell\Desktop\books\book-swap)
2025-11-10 23:15:36.108 [main] DEBUG com.book.swap.BookSwapApplication        : Running with Spring Boot v3.5.6, Spring v6.2.11
2025-11-10 23:15:36.108 [main]  INFO com.book.swap.BookSwapApplication        : No active profile set, falling back to 1 default profile: "default"
2025-11-10 23:15:37.464 [main]  INFO .s.d.r.c.RepositoryConfigurationDelegate : Bootstrapping Spring Data MongoDB repositories in DEFAULT mode.
2025-11-10 23:15:37.704 [main]  INFO .s.d.r.c.RepositoryConfigurationDelegate : Finished Spring Data repository scanning in 223 ms. Found 6 MongoDB repository interfaces.
2025-11-10 23:15:40.464 [main]  INFO anValidationBeanRegistrationAotProcessor : No Bean Validation provider available - skipping validation constraint hint inference
2025-11-10 23:15:49.432 [restartedMain]  INFO com.book.swap.BookSwapApplication        : Starting BookSwapApplication using Java 23.0.2 with PID 1652 (C:\Users\dell\Desktop\books\book-swap\build\classes\java\main started by dell in C:\Users\dell\Desktop\books\book-swap)
2025-11-10 23:15:49.435 [restartedMain] DEBUG com.book.swap.BookSwapApplication        : Running with Spring Boot v3.5.6, Spring v6.2.11
2025-11-10 23:15:49.436 [restartedMain]  INFO com.book.swap.BookSwapApplication        : No active profile set, falling back to 1 default profile: "default"
2025-11-10 23:15:49.613 [restartedMain]  INFO .e.DevToolsPropertyDefaultsPostProcessor : Devtools property defaults active! Set 'spring.devtools.add-properties' to 'false' to disable
2025-11-10 23:15:49.615 [restartedMain]  INFO .e.DevToolsPropertyDefaultsPostProcessor : For additional web related logging consider setting the 'logging.level.web' property to 'DEBUG'
2025-11-10 23:15:51.025 [restartedMain]  INFO .s.d.r.c.RepositoryConfigurationDelegate : Bootstrapping Spring Data MongoDB repositories in DEFAULT mode.
2025-11-10 23:15:51.181 [restartedMain]  INFO .s.d.r.c.RepositoryConfigurationDelegate : Finished Spring Data repository scanning in 161 ms. Found 6 MongoDB repository interfaces.
2025-11-10 23:15:52.869 [restartedMain]  INFO o.s.b.w.embedded.tomcat.TomcatWebServer  : Tomcat initialized with port 8080 (http)
2025-11-10 23:15:52.901 [restartedMain]  INFO o.apache.catalina.core.StandardService   : Starting service [Tomcat]
2025-11-10 23:15:52.901 [restartedMain]  INFO o.apache.catalina.core.StandardEngine    : Starting Servlet engine: [Apache Tomcat/10.1.46]
2025-11-10 23:15:52.978 [restartedMain]  INFO o.a.c.c.C.[Tomcat].[localhost].[/api]    : Initializing Spring embedded WebApplicationContext
2025-11-10 23:15:52.978 [restartedMain]  INFO w.s.c.ServletWebServerApplicationContext : Root WebApplicationContext: initialization completed in 3363 ms
2025-11-10 23:15:54.711 [restartedMain] DEBUG c.b.s.security.JwtAuthenticationFilter   : Filter 'jwtAuthenticationFilter' configured for use
2025-11-10 23:15:54.758 [restartedMain]  INFO o.s.b.d.a.OptionalLiveReloadServer       : LiveReload server is running on port 35729
2025-11-10 23:15:54.889 [restartedMain]  INFO eAuthenticationProviderManagerConfigurer : Global AuthenticationManager configured with AuthenticationProvider bean with name authenticationProvider
2025-11-10 23:15:54.891 [restartedMain]  WARN r$InitializeUserDetailsManagerConfigurer : Global AuthenticationManager configured with an AuthenticationProvider bean. UserDetailsService beans will not be used by Spring Security for automatically configuring username/password login. Consider removing the AuthenticationProvider bean. Alternatively, consider using the UserDetailsService in a manually instantiated DaoAuthenticationProvider. If the current configuration is intentional, to turn off this warning, increase the logging level of 'org.springframework.security.config.annotation.authentication.configuration.InitializeUserDetailsBeanManagerConfigurer' to ERROR
2025-11-10 23:15:56.293 [restartedMain]  INFO o.s.b.a.w.s.WelcomePageHandlerMapping    : Adding welcome page template: index
2025-11-10 23:15:56.774 [restartedMain]  INFO o.s.b.a.e.web.EndpointLinksResolver      : Exposing 1 endpoint beneath base path '/actuator'
2025-11-10 23:15:57.091 [restartedMain]  INFO o.s.v.b.OptionalValidatorFactoryBean     : Failed to set up a Bean Validation provider: jakarta.validation.NoProviderFoundException: Unable to create a Configuration, because no Jakarta Validation provider could be found. Add a provider like Hibernate Validator (RI) to your classpath.
2025-11-10 23:15:57.899 [restartedMain]  INFO o.s.b.w.embedded.tomcat.TomcatWebServer  : Tomcat started on port 8080 (http) with context path '/api'
2025-11-10 23:15:57.932 [restartedMain]  INFO com.book.swap.BookSwapApplication        : Started BookSwapApplication in 9.493 seconds (process running for 10.12)
2025-11-10 23:16:03.287 [http-nio-8080-exec-1]  INFO o.a.c.c.C.[Tomcat].[localhost].[/api]    : Initializing Spring DispatcherServlet 'dispatcherServlet'
2025-11-10 23:16:03.287 [http-nio-8080-exec-1]  INFO o.s.web.servlet.DispatcherServlet        : Initializing Servlet 'dispatcherServlet'
2025-11-10 23:16:03.287 [http-nio-8080-exec-1]  INFO o.s.web.servlet.DispatcherServlet        : Completed initialization in 0 ms
2025-11-10 23:16:03.358 [http-nio-8080-exec-1] DEBUG c.b.s.security.JwtAuthenticationFilter   : ➡️ Incoming request path: /api/
2025-11-10 23:17:40.318 [main]  INFO com.book.swap.BookSwapApplication        : Starting BookSwapApplication using Java 17.0.16 with PID 15020 (C:\Users\dell\Desktop\books\book-swap\build\classes\java\main started by dell in C:\Users\dell\Desktop\books\book-swap)
2025-11-10 23:17:40.334 [main] DEBUG com.book.swap.BookSwapApplication        : Running with Spring Boot v3.5.6, Spring v6.2.11
2025-11-10 23:17:40.337 [main]  INFO com.book.swap.BookSwapApplication        : No active profile set, falling back to 1 default profile: "default"
2025-11-10 23:17:41.682 [main]  INFO .s.d.r.c.RepositoryConfigurationDelegate : Bootstrapping Spring Data MongoDB repositories in DEFAULT mode.
2025-11-10 23:17:41.871 [main]  INFO .s.d.r.c.RepositoryConfigurationDelegate : Finished Spring Data repository scanning in 173 ms. Found 6 MongoDB repository interfaces.
2025-11-10 23:17:44.806 [main]  INFO anValidationBeanRegistrationAotProcessor : No Bean Validation provider available - skipping validation constraint hint inference
2025-11-10 23:17:53.854 [restartedMain]  INFO com.book.swap.BookSwapApplication        : Starting BookSwapApplication using Java 23.0.2 with PID 15292 (C:\Users\dell\Desktop\books\book-swap\build\classes\java\main started by dell in C:\Users\dell\Desktop\books\book-swap)
2025-11-10 23:17:53.861 [restartedMain] DEBUG com.book.swap.BookSwapApplication        : Running with Spring Boot v3.5.6, Spring v6.2.11
2025-11-10 23:17:53.864 [restartedMain]  INFO com.book.swap.BookSwapApplication        : No active profile set, falling back to 1 default profile: "default"
2025-11-10 23:17:54.022 [restartedMain]  INFO .e.DevToolsPropertyDefaultsPostProcessor : Devtools property defaults active! Set 'spring.devtools.add-properties' to 'false' to disable
2025-11-10 23:17:54.023 [restartedMain]  INFO .e.DevToolsPropertyDefaultsPostProcessor : For additional web related logging consider setting the 'logging.level.web' property to 'DEBUG'
2025-11-10 23:17:55.481 [restartedMain]  INFO .s.d.r.c.RepositoryConfigurationDelegate : Bootstrapping Spring Data MongoDB repositories in DEFAULT mode.
2025-11-10 23:17:55.650 [restartedMain]  INFO .s.d.r.c.RepositoryConfigurationDelegate : Finished Spring Data repository scanning in 163 ms. Found 6 MongoDB repository interfaces.
2025-11-10 23:17:57.305 [restartedMain]  INFO o.s.b.w.embedded.tomcat.TomcatWebServer  : Tomcat initialized with port 8080 (http)
2025-11-10 23:17:57.331 [restartedMain]  INFO o.apache.catalina.core.StandardService   : Starting service [Tomcat]
2025-11-10 23:17:57.331 [restartedMain]  INFO o.apache.catalina.core.StandardEngine    : Starting Servlet engine: [Apache Tomcat/10.1.46]
2025-11-10 23:17:57.417 [restartedMain]  INFO o.a.c.c.C.[Tomcat].[localhost].[/api]    : Initializing Spring embedded WebApplicationContext
2025-11-10 23:17:57.419 [restartedMain]  INFO w.s.c.ServletWebServerApplicationContext : Root WebApplicationContext: initialization completed in 3393 ms
2025-11-10 23:17:59.228 [restartedMain] DEBUG c.b.s.security.JwtAuthenticationFilter   : Filter 'jwtAuthenticationFilter' configured for use
2025-11-10 23:17:59.269 [restartedMain]  INFO o.s.b.d.a.OptionalLiveReloadServer       : LiveReload server is running on port 35729
2025-11-10 23:17:59.415 [restartedMain]  INFO eAuthenticationProviderManagerConfigurer : Global AuthenticationManager configured with AuthenticationProvider bean with name authenticationProvider
2025-11-10 23:17:59.415 [restartedMain]  WARN r$InitializeUserDetailsManagerConfigurer : Global AuthenticationManager configured with an AuthenticationProvider bean. UserDetailsService beans will not be used by Spring Security for automatically configuring username/password login. Consider removing the AuthenticationProvider bean. Alternatively, consider using the UserDetailsService in a manually instantiated DaoAuthenticationProvider. If the current configuration is intentional, to turn off this warning, increase the logging level of 'org.springframework.security.config.annotation.authentication.configuration.InitializeUserDetailsBeanManagerConfigurer' to ERROR
2025-11-10 23:18:00.682 [restartedMain]  INFO o.s.b.a.w.s.WelcomePageHandlerMapping    : Adding welcome page template: index
2025-11-10 23:18:01.149 [restartedMain]  INFO o.s.b.a.e.web.EndpointLinksResolver      : Exposing 1 endpoint beneath base path '/actuator'
2025-11-10 23:18:01.467 [restartedMain]  INFO o.s.v.b.OptionalValidatorFactoryBean     : Failed to set up a Bean Validation provider: jakarta.validation.NoProviderFoundException: Unable to create a Configuration, because no Jakarta Validation provider could be found. Add a provider like Hibernate Validator (RI) to your classpath.
2025-11-10 23:18:02.212 [restartedMain]  INFO o.s.b.w.embedded.tomcat.TomcatWebServer  : Tomcat started on port 8080 (http) with context path '/api'
2025-11-10 23:18:02.250 [restartedMain]  INFO com.book.swap.BookSwapApplication        : Started BookSwapApplication in 9.373 seconds (process running for 10.072)
2025-11-10 23:18:10.824 [http-nio-8080-exec-1]  INFO o.a.c.c.C.[Tomcat].[localhost].[/api]    : Initializing Spring DispatcherServlet 'dispatcherServlet'
2025-11-10 23:18:10.824 [http-nio-8080-exec-1]  INFO o.s.web.servlet.DispatcherServlet        : Initializing Servlet 'dispatcherServlet'
2025-11-10 23:18:10.826 [http-nio-8080-exec-1]  INFO o.s.web.servlet.DispatcherServlet        : Completed initialization in 2 ms
2025-11-10 23:18:10.913 [http-nio-8080-exec-1] DEBUG c.b.s.security.JwtAuthenticationFilter   : ➡️ Incoming request path: /api/
2025-11-10 23:18:27.841 [http-nio-8080-exec-4] DEBUG c.b.s.security.JwtAuthenticationFilter   : ➡️ Incoming request path: /api/
2025-11-10 23:21:00.484 [main]  INFO com.book.swap.BookSwapApplication        : Starting BookSwapApplication using Java 17.0.16 with PID 9712 (C:\Users\dell\Desktop\books\book-swap\build\classes\java\main started by dell in C:\Users\dell\Desktop\books\book-swap)
2025-11-10 23:21:00.487 [main] DEBUG com.book.swap.BookSwapApplication        : Running with Spring Boot v3.5.6, Spring v6.2.11
2025-11-10 23:21:00.489 [main]  INFO com.book.swap.BookSwapApplication        : No active profile set, falling back to 1 default profile: "default"
2025-11-10 23:21:01.956 [main]  INFO .s.d.r.c.RepositoryConfigurationDelegate : Bootstrapping Spring Data MongoDB repositories in DEFAULT mode.
2025-11-10 23:21:02.127 [main]  INFO .s.d.r.c.RepositoryConfigurationDelegate : Finished Spring Data repository scanning in 154 ms. Found 6 MongoDB repository interfaces.
2025-11-10 23:21:04.840 [main]  INFO anValidationBeanRegistrationAotProcessor : No Bean Validation provider available - skipping validation constraint hint inference
2025-11-10 23:21:13.961 [restartedMain]  INFO com.book.swap.BookSwapApplication        : Starting BookSwapApplication using Java 23.0.2 with PID 756 (C:\Users\dell\Desktop\books\book-swap\build\classes\java\main started by dell in C:\Users\dell\Desktop\books\book-swap)
2025-11-10 23:21:13.963 [restartedMain] DEBUG com.book.swap.BookSwapApplication        : Running with Spring Boot v3.5.6, Spring v6.2.11
2025-11-10 23:21:13.964 [restartedMain]  INFO com.book.swap.BookSwapApplication        : No active profile set, falling back to 1 default profile: "default"
2025-11-10 23:21:14.107 [restartedMain]  INFO .e.DevToolsPropertyDefaultsPostProcessor : Devtools property defaults active! Set 'spring.devtools.add-properties' to 'false' to disable
2025-11-10 23:21:14.108 [restartedMain]  INFO .e.DevToolsPropertyDefaultsPostProcessor : For additional web related logging consider setting the 'logging.level.web' property to 'DEBUG'
2025-11-10 23:21:15.577 [restartedMain]  INFO .s.d.r.c.RepositoryConfigurationDelegate : Bootstrapping Spring Data MongoDB repositories in DEFAULT mode.
2025-11-10 23:21:15.756 [restartedMain]  INFO .s.d.r.c.RepositoryConfigurationDelegate : Finished Spring Data repository scanning in 169 ms. Found 6 MongoDB repository interfaces.
2025-11-10 23:21:17.444 [restartedMain]  INFO o.s.b.w.embedded.tomcat.TomcatWebServer  : Tomcat initialized with port 8080 (http)
2025-11-10 23:21:17.472 [restartedMain]  INFO o.apache.catalina.core.StandardService   : Starting service [Tomcat]
2025-11-10 23:21:17.472 [restartedMain]  INFO o.apache.catalina.core.StandardEngine    : Starting Servlet engine: [Apache Tomcat/10.1.46]
2025-11-10 23:21:17.569 [restartedMain]  INFO o.a.c.c.C.[Tomcat].[localhost].[/api]    : Initializing Spring embedded WebApplicationContext
2025-11-10 23:21:17.571 [restartedMain]  INFO w.s.c.ServletWebServerApplicationContext : Root WebApplicationContext: initialization completed in 3460 ms
2025-11-10 23:21:19.296 [restartedMain] DEBUG c.b.s.security.JwtAuthenticationFilter   : Filter 'jwtAuthenticationFilter' configured for use
2025-11-10 23:21:19.338 [restartedMain]  INFO o.s.b.d.a.OptionalLiveReloadServer       : LiveReload server is running on port 35729
2025-11-10 23:21:19.499 [restartedMain]  INFO eAuthenticationProviderManagerConfigurer : Global AuthenticationManager configured with AuthenticationProvider bean with name authenticationProvider
2025-11-10 23:21:19.500 [restartedMain]  WARN r$InitializeUserDetailsManagerConfigurer : Global AuthenticationManager configured with an AuthenticationProvider bean. UserDetailsService beans will not be used by Spring Security for automatically configuring username/password login. Consider removing the AuthenticationProvider bean. Alternatively, consider using the UserDetailsService in a manually instantiated DaoAuthenticationProvider. If the current configuration is intentional, to turn off this warning, increase the logging level of 'org.springframework.security.config.annotation.authentication.configuration.InitializeUserDetailsBeanManagerConfigurer' to ERROR
2025-11-10 23:21:20.730 [restartedMain]  INFO o.s.b.a.w.s.WelcomePageHandlerMapping    : Adding welcome page template: index
2025-11-10 23:21:21.188 [restartedMain]  INFO o.s.b.a.e.web.EndpointLinksResolver      : Exposing 1 endpoint beneath base path '/actuator'
2025-11-10 23:21:21.513 [restartedMain]  INFO o.s.v.b.OptionalValidatorFactoryBean     : Failed to set up a Bean Validation provider: jakarta.validation.NoProviderFoundException: Unable to create a Configuration, because no Jakarta Validation provider could be found. Add a provider like Hibernate Validator (RI) to your classpath.
2025-11-10 23:21:22.271 [restartedMain]  INFO o.s.b.w.embedded.tomcat.TomcatWebServer  : Tomcat started on port 8080 (http) with context path '/api'
2025-11-10 23:21:22.297 [restartedMain]  INFO com.book.swap.BookSwapApplication        : Started BookSwapApplication in 9.277 seconds (process running for 9.953)
2025-11-10 23:21:32.120 [http-nio-8080-exec-2]  INFO o.a.c.c.C.[Tomcat].[localhost].[/api]    : Initializing Spring DispatcherServlet 'dispatcherServlet'
2025-11-10 23:21:32.120 [http-nio-8080-exec-2]  INFO o.s.web.servlet.DispatcherServlet        : Initializing Servlet 'dispatcherServlet'
2025-11-10 23:21:32.123 [http-nio-8080-exec-2]  INFO o.s.web.servlet.DispatcherServlet        : Completed initialization in 3 ms
2025-11-10 23:21:48.540 [main]  INFO com.book.swap.BookSwapApplication        : Starting BookSwapApplication using Java 17.0.16 with PID 14876 (C:\Users\dell\Desktop\books\book-swap\build\classes\java\main started by dell in C:\Users\dell\Desktop\books\book-swap)
2025-11-10 23:21:48.542 [main] DEBUG com.book.swap.BookSwapApplication        : Running with Spring Boot v3.5.6, Spring v6.2.11
2025-11-10 23:21:48.544 [main]  INFO com.book.swap.BookSwapApplication        : No active profile set, falling back to 1 default profile: "default"
2025-11-10 23:21:49.972 [main]  INFO .s.d.r.c.RepositoryConfigurationDelegate : Bootstrapping Spring Data MongoDB repositories in DEFAULT mode.
2025-11-10 23:21:50.158 [main]  INFO .s.d.r.c.RepositoryConfigurationDelegate : Finished Spring Data repository scanning in 173 ms. Found 6 MongoDB repository interfaces.
2025-11-10 23:21:52.950 [main]  INFO anValidationBeanRegistrationAotProcessor : No Bean Validation provider available - skipping validation constraint hint inference
2025-11-10 23:22:01.989 [restartedMain]  INFO com.book.swap.BookSwapApplication        : Starting BookSwapApplication using Java 23.0.2 with PID 15172 (C:\Users\dell\Desktop\books\book-swap\build\classes\java\main started by dell in C:\Users\dell\Desktop\books\book-swap)
2025-11-10 23:22:01.991 [restartedMain] DEBUG com.book.swap.BookSwapApplication        : Running with Spring Boot v3.5.6, Spring v6.2.11
2025-11-10 23:22:01.993 [restartedMain]  INFO com.book.swap.BookSwapApplication        : No active profile set, falling back to 1 default profile: "default"
2025-11-10 23:22:02.162 [restartedMain]  INFO .e.DevToolsPropertyDefaultsPostProcessor : Devtools property defaults active! Set 'spring.devtools.add-properties' to 'false' to disable
2025-11-10 23:22:02.162 [restartedMain]  INFO .e.DevToolsPropertyDefaultsPostProcessor : For additional web related logging consider setting the 'logging.level.web' property to 'DEBUG'
2025-11-10 23:22:03.547 [restartedMain]  INFO .s.d.r.c.RepositoryConfigurationDelegate : Bootstrapping Spring Data MongoDB repositories in DEFAULT mode.
2025-11-10 23:22:03.725 [restartedMain]  INFO .s.d.r.c.RepositoryConfigurationDelegate : Finished Spring Data repository scanning in 168 ms. Found 6 MongoDB repository interfaces.
2025-11-10 23:22:05.469 [restartedMain]  INFO o.s.b.w.embedded.tomcat.TomcatWebServer  : Tomcat initialized with port 8080 (http)
2025-11-10 23:22:05.494 [restartedMain]  INFO o.apache.catalina.core.StandardService   : Starting service [Tomcat]
2025-11-10 23:22:05.495 [restartedMain]  INFO o.apache.catalina.core.StandardEngine    : Starting Servlet engine: [Apache Tomcat/10.1.46]
2025-11-10 23:22:05.592 [restartedMain]  INFO o.a.c.c.C.[Tomcat].[localhost].[/api]    : Initializing Spring embedded WebApplicationContext
2025-11-10 23:22:05.595 [restartedMain]  INFO w.s.c.ServletWebServerApplicationContext : Root WebApplicationContext: initialization completed in 3429 ms
2025-11-10 23:22:07.425 [restartedMain] DEBUG c.b.s.security.JwtAuthenticationFilter   : Filter 'jwtAuthenticationFilter' configured for use
2025-11-10 23:22:07.457 [restartedMain]  INFO o.s.b.d.a.OptionalLiveReloadServer       : LiveReload server is running on port 35729
2025-11-10 23:22:07.593 [restartedMain]  INFO eAuthenticationProviderManagerConfigurer : Global AuthenticationManager configured with AuthenticationProvider bean with name authenticationProvider
2025-11-10 23:22:07.594 [restartedMain]  WARN r$InitializeUserDetailsManagerConfigurer : Global AuthenticationManager configured with an AuthenticationProvider bean. UserDetailsService beans will not be used by Spring Security for automatically configuring username/password login. Consider removing the AuthenticationProvider bean. Alternatively, consider using the UserDetailsService in a manually instantiated DaoAuthenticationProvider. If the current configuration is intentional, to turn off this warning, increase the logging level of 'org.springframework.security.config.annotation.authentication.configuration.InitializeUserDetailsBeanManagerConfigurer' to ERROR
2025-11-10 23:22:08.861 [restartedMain]  INFO o.s.b.a.w.s.WelcomePageHandlerMapping    : Adding welcome page template: index
2025-11-10 23:22:09.397 [restartedMain]  INFO o.s.b.a.e.web.EndpointLinksResolver      : Exposing 1 endpoint beneath base path '/actuator'
2025-11-10 23:22:09.743 [restartedMain]  INFO o.s.v.b.OptionalValidatorFactoryBean     : Failed to set up a Bean Validation provider: jakarta.validation.NoProviderFoundException: Unable to create a Configuration, because no Jakarta Validation provider could be found. Add a provider like Hibernate Validator (RI) to your classpath.
2025-11-10 23:22:10.556 [restartedMain]  INFO o.s.b.w.embedded.tomcat.TomcatWebServer  : Tomcat started on port 8080 (http) with context path '/api'
2025-11-10 23:22:10.587 [restartedMain]  INFO com.book.swap.BookSwapApplication        : Started BookSwapApplication in 9.61 seconds (process running for 10.317)
2025-11-10 23:22:18.702 [http-nio-8080-exec-2]  INFO o.a.c.c.C.[Tomcat].[localhost].[/api]    : Initializing Spring DispatcherServlet 'dispatcherServlet'
2025-11-10 23:22:18.703 [http-nio-8080-exec-2]  INFO o.s.web.servlet.DispatcherServlet        : Initializing Servlet 'dispatcherServlet'
2025-11-10 23:22:18.704 [http-nio-8080-exec-2]  INFO o.s.web.servlet.DispatcherServlet        : Completed initialization in 1 ms
2025-11-10 23:23:18.917 [main]  INFO com.book.swap.BookSwapApplication        : Starting BookSwapApplication using Java 17.0.16 with PID 1244 (C:\Users\dell\Desktop\books\book-swap\build\classes\java\main started by dell in C:\Users\dell\Desktop\books\book-swap)
2025-11-10 23:23:18.925 [main] DEBUG com.book.swap.BookSwapApplication        : Running with Spring Boot v3.5.6, Spring v6.2.11
2025-11-10 23:23:18.925 [main]  INFO com.book.swap.BookSwapApplication        : No active profile set, falling back to 1 default profile: "default"
2025-11-10 23:23:20.423 [main]  INFO .s.d.r.c.RepositoryConfigurationDelegate : Bootstrapping Spring Data MongoDB repositories in DEFAULT mode.
2025-11-10 23:23:20.621 [main]  INFO .s.d.r.c.RepositoryConfigurationDelegate : Finished Spring Data repository scanning in 186 ms. Found 6 MongoDB repository interfaces.
2025-11-10 23:23:26.451 [main]  INFO anValidationBeanRegistrationAotProcessor : No Bean Validation provider available - skipping validation constraint hint inference
2025-11-10 23:23:47.600 [main]  INFO com.book.swap.BookSwapApplication        : Starting BookSwapApplication using Java 17.0.16 with PID 4436 (C:\Users\dell\Desktop\books\book-swap\build\classes\java\main started by dell in C:\Users\dell\Desktop\books\book-swap)
2025-11-10 23:23:47.600 [main] DEBUG com.book.swap.BookSwapApplication        : Running with Spring Boot v3.5.6, Spring v6.2.11
2025-11-10 23:23:47.600 [main]  INFO com.book.swap.BookSwapApplication        : No active profile set, falling back to 1 default profile: "default"
2025-11-10 23:23:49.183 [main]  INFO .s.d.r.c.RepositoryConfigurationDelegate : Bootstrapping Spring Data MongoDB repositories in DEFAULT mode.
2025-11-10 23:23:49.387 [main]  INFO .s.d.r.c.RepositoryConfigurationDelegate : Finished Spring Data repository scanning in 190 ms. Found 6 MongoDB repository interfaces.
2025-11-10 23:23:52.321 [main]  INFO anValidationBeanRegistrationAotProcessor : No Bean Validation provider available - skipping validation constraint hint inference
2025-11-10 23:24:01.743 [restartedMain]  INFO com.book.swap.BookSwapApplication        : Starting BookSwapApplication using Java 23.0.2 with PID 14732 (C:\Users\dell\Desktop\books\book-swap\build\classes\java\main started by dell in C:\Users\dell\Desktop\books\book-swap)
2025-11-10 23:24:01.759 [restartedMain] DEBUG com.book.swap.BookSwapApplication        : Running with Spring Boot v3.5.6, Spring v6.2.11
2025-11-10 23:24:01.759 [restartedMain]  INFO com.book.swap.BookSwapApplication        : No active profile set, falling back to 1 default profile: "default"
2025-11-10 23:24:01.930 [restartedMain]  INFO .e.DevToolsPropertyDefaultsPostProcessor : Devtools property defaults active! Set 'spring.devtools.add-properties' to 'false' to disable
2025-11-10 23:24:01.930 [restartedMain]  INFO .e.DevToolsPropertyDefaultsPostProcessor : For additional web related logging consider setting the 'logging.level.web' property to 'DEBUG'
2025-11-10 23:24:03.494 [restartedMain]  INFO .s.d.r.c.RepositoryConfigurationDelegate : Bootstrapping Spring Data MongoDB repositories in DEFAULT mode.
2025-11-10 23:24:03.696 [restartedMain]  INFO .s.d.r.c.RepositoryConfigurationDelegate : Finished Spring Data repository scanning in 192 ms. Found 6 MongoDB repository interfaces.
2025-11-10 23:24:05.462 [restartedMain]  INFO o.s.b.w.embedded.tomcat.TomcatWebServer  : Tomcat initialized with port 8080 (http)
2025-11-10 23:24:05.483 [restartedMain]  INFO o.apache.catalina.core.StandardService   : Starting service [Tomcat]
2025-11-10 23:24:05.492 [restartedMain]  INFO o.apache.catalina.core.StandardEngine    : Starting Servlet engine: [Apache Tomcat/10.1.46]
2025-11-10 23:24:05.599 [restartedMain]  INFO o.a.c.c.C.[Tomcat].[localhost].[/api]    : Initializing Spring embedded WebApplicationContext
2025-11-10 23:24:05.604 [restartedMain]  INFO w.s.c.ServletWebServerApplicationContext : Root WebApplicationContext: initialization completed in 3669 ms
2025-11-10 23:24:07.372 [restartedMain] DEBUG c.b.s.security.JwtAuthenticationFilter   : Filter 'jwtAuthenticationFilter' configured for use
2025-11-10 23:24:07.420 [restartedMain]  INFO o.s.b.d.a.OptionalLiveReloadServer       : LiveReload server is running on port 35729
2025-11-10 23:24:07.531 [restartedMain]  INFO eAuthenticationProviderManagerConfigurer : Global AuthenticationManager configured with AuthenticationProvider bean with name authenticationProvider
2025-11-10 23:24:07.531 [restartedMain]  WARN r$InitializeUserDetailsManagerConfigurer : Global AuthenticationManager configured with an AuthenticationProvider bean. UserDetailsService beans will not be used by Spring Security for automatically configuring username/password login. Consider removing the AuthenticationProvider bean. Alternatively, consider using the UserDetailsService in a manually instantiated DaoAuthenticationProvider. If the current configuration is intentional, to turn off this warning, increase the logging level of 'org.springframework.security.config.annotation.authentication.configuration.InitializeUserDetailsBeanManagerConfigurer' to ERROR
2025-11-10 23:24:08.915 [restartedMain]  INFO o.s.b.a.w.s.WelcomePageHandlerMapping    : Adding welcome page template: index
2025-11-10 23:24:09.414 [restartedMain]  INFO o.s.b.a.e.web.EndpointLinksResolver      : Exposing 1 endpoint beneath base path '/actuator'
2025-11-10 23:24:09.772 [restartedMain]  INFO o.s.v.b.OptionalValidatorFactoryBean     : Failed to set up a Bean Validation provider: jakarta.validation.NoProviderFoundException: Unable to create a Configuration, because no Jakarta Validation provider could be found. Add a provider like Hibernate Validator (RI) to your classpath.
2025-11-10 23:24:10.558 [restartedMain]  INFO o.s.b.w.embedded.tomcat.TomcatWebServer  : Tomcat started on port 8080 (http) with context path '/api'
2025-11-10 23:24:10.580 [restartedMain]  INFO com.book.swap.BookSwapApplication        : Started BookSwapApplication in 9.884 seconds (process running for 10.593)
2025-11-10 23:24:15.086 [http-nio-8080-exec-1]  INFO o.a.c.c.C.[Tomcat].[localhost].[/api]    : Initializing Spring DispatcherServlet 'dispatcherServlet'
2025-11-10 23:24:15.086 [http-nio-8080-exec-1]  INFO o.s.web.servlet.DispatcherServlet        : Initializing Servlet 'dispatcherServlet'
2025-11-10 23:24:15.088 [http-nio-8080-exec-1]  INFO o.s.web.servlet.DispatcherServlet        : Completed initialization in 2 ms
2025-11-10 23:24:33.436 [http-nio-8080-exec-4] DEBUG c.b.s.security.JwtAuthenticationFilter   : ➡️ Incoming request path: /api/actuator/health
2025-11-10 23:25:25.727 [main]  INFO com.book.swap.BookSwapApplication        : Starting BookSwapApplication using Java 17.0.16 with PID 5664 (C:\Users\dell\Desktop\books\book-swap\build\classes\java\main started by dell in C:\Users\dell\Desktop\books\book-swap)
2025-11-10 23:25:25.735 [main] DEBUG com.book.swap.BookSwapApplication        : Running with Spring Boot v3.5.6, Spring v6.2.11
2025-11-10 23:25:25.735 [main]  INFO com.book.swap.BookSwapApplication        : No active profile set, falling back to 1 default profile: "default"
2025-11-10 23:25:27.135 [main]  INFO .s.d.r.c.RepositoryConfigurationDelegate : Bootstrapping Spring Data MongoDB repositories in DEFAULT mode.
2025-11-10 23:25:27.347 [main]  INFO .s.d.r.c.RepositoryConfigurationDelegate : Finished Spring Data repository scanning in 195 ms. Found 6 MongoDB repository interfaces.
2025-11-10 23:25:29.955 [main]  INFO anValidationBeanRegistrationAotProcessor : No Bean Validation provider available - skipping validation constraint hint inference
2025-11-10 23:25:41.604 [restartedMain]  INFO com.book.swap.BookSwapApplication        : Starting BookSwapApplication using Java 23.0.2 with PID 6004 (C:\Users\dell\Desktop\books\book-swap\build\classes\java\main started by dell in C:\Users\dell\Desktop\books\book-swap)
2025-11-10 23:25:41.604 [restartedMain] DEBUG com.book.swap.BookSwapApplication        : Running with Spring Boot v3.5.6, Spring v6.2.11
2025-11-10 23:25:41.604 [restartedMain]  INFO com.book.swap.BookSwapApplication        : No active profile set, falling back to 1 default profile: "default"
2025-11-10 23:25:41.773 [restartedMain]  INFO .e.DevToolsPropertyDefaultsPostProcessor : Devtools property defaults active! Set 'spring.devtools.add-properties' to 'false' to disable
2025-11-10 23:25:41.773 [restartedMain]  INFO .e.DevToolsPropertyDefaultsPostProcessor : For additional web related logging consider setting the 'logging.level.web' property to 'DEBUG'
2025-11-10 23:25:43.507 [restartedMain]  INFO .s.d.r.c.RepositoryConfigurationDelegate : Bootstrapping Spring Data MongoDB repositories in DEFAULT mode.
2025-11-10 23:25:43.681 [restartedMain]  INFO .s.d.r.c.RepositoryConfigurationDelegate : Finished Spring Data repository scanning in 179 ms. Found 6 MongoDB repository interfaces.
2025-11-10 23:25:45.559 [restartedMain]  INFO o.s.b.w.embedded.tomcat.TomcatWebServer  : Tomcat initialized with port 8080 (http)
2025-11-10 23:25:45.592 [restartedMain]  INFO o.apache.catalina.core.StandardService   : Starting service [Tomcat]
2025-11-10 23:25:45.592 [restartedMain]  INFO o.apache.catalina.core.StandardEngine    : Starting Servlet engine: [Apache Tomcat/10.1.46]
2025-11-10 23:25:45.684 [restartedMain]  INFO o.a.c.c.C.[Tomcat].[localhost].[/api]    : Initializing Spring embedded WebApplicationContext
2025-11-10 23:25:45.686 [restartedMain]  INFO w.s.c.ServletWebServerApplicationContext : Root WebApplicationContext: initialization completed in 3911 ms
2025-11-10 23:25:47.583 [restartedMain] DEBUG c.b.s.security.JwtAuthenticationFilter   : Filter 'jwtAuthenticationFilter' configured for use
2025-11-10 23:25:47.662 [restartedMain]  INFO o.s.b.d.a.OptionalLiveReloadServer       : LiveReload server is running on port 35729
2025-11-10 23:25:47.828 [restartedMain]  INFO eAuthenticationProviderManagerConfigurer : Global AuthenticationManager configured with AuthenticationProvider bean with name authenticationProvider
2025-11-10 23:25:47.828 [restartedMain]  WARN r$InitializeUserDetailsManagerConfigurer : Global AuthenticationManager configured with an AuthenticationProvider bean. UserDetailsService beans will not be used by Spring Security for automatically configuring username/password login. Consider removing the AuthenticationProvider bean. Alternatively, consider using the UserDetailsService in a manually instantiated DaoAuthenticationProvider. If the current configuration is intentional, to turn off this warning, increase the logging level of 'org.springframework.security.config.annotation.authentication.configuration.InitializeUserDetailsBeanManagerConfigurer' to ERROR
2025-11-10 23:25:49.071 [restartedMain]  INFO o.s.b.a.w.s.WelcomePageHandlerMapping    : Adding welcome page template: index
2025-11-10 23:25:49.552 [restartedMain]  INFO o.s.b.a.e.web.EndpointLinksResolver      : Exposing 1 endpoint beneath base path '/actuator'
2025-11-10 23:25:49.908 [restartedMain]  INFO o.s.v.b.OptionalValidatorFactoryBean     : Failed to set up a Bean Validation provider: jakarta.validation.NoProviderFoundException: Unable to create a Configuration, because no Jakarta Validation provider could be found. Add a provider like Hibernate Validator (RI) to your classpath.
2025-11-10 23:25:50.743 [restartedMain]  INFO o.s.b.w.embedded.tomcat.TomcatWebServer  : Tomcat started on port 8080 (http) with context path '/api'
2025-11-10 23:25:50.777 [restartedMain]  INFO com.book.swap.BookSwapApplication        : Started BookSwapApplication in 10.133 seconds (process running for 10.806)
2025-11-10 23:26:03.740 [http-nio-8080-exec-2]  INFO o.a.c.c.C.[Tomcat].[localhost].[/api]    : Initializing Spring DispatcherServlet 'dispatcherServlet'
2025-11-10 23:26:03.741 [http-nio-8080-exec-2]  INFO o.s.web.servlet.DispatcherServlet        : Initializing Servlet 'dispatcherServlet'
2025-11-10 23:26:03.742 [http-nio-8080-exec-2]  INFO o.s.web.servlet.DispatcherServlet        : Completed initialization in 1 ms
2025-11-10 23:26:03.808 [http-nio-8080-exec-2] DEBUG c.b.s.security.JwtAuthenticationFilter   : ➡️ Incoming request path: /api/actuator/health
2025-11-10 23:26:57.123 [main]  INFO com.book.swap.BookSwapApplication        : Starting BookSwapApplication using Java 17.0.16 with PID 15036 (C:\Users\dell\Desktop\books\book-swap\build\classes\java\main started by dell in C:\Users\dell\Desktop\books\book-swap)
2025-11-10 23:26:57.123 [main] DEBUG com.book.swap.BookSwapApplication        : Running with Spring Boot v3.5.6, Spring v6.2.11
2025-11-10 23:26:57.123 [main]  INFO com.book.swap.BookSwapApplication        : No active profile set, falling back to 1 default profile: "default"
2025-11-10 23:26:58.449 [main]  INFO .s.d.r.c.RepositoryConfigurationDelegate : Bootstrapping Spring Data MongoDB repositories in DEFAULT mode.
2025-11-10 23:26:58.633 [main]  INFO .s.d.r.c.RepositoryConfigurationDelegate : Finished Spring Data repository scanning in 173 ms. Found 6 MongoDB repository interfaces.
2025-11-10 23:27:01.289 [main]  INFO anValidationBeanRegistrationAotProcessor : No Bean Validation provider available - skipping validation constraint hint inference
2025-11-10 23:27:11.787 [restartedMain]  INFO com.book.swap.BookSwapApplication        : Starting BookSwapApplication using Java 23.0.2 with PID 10428 (C:\Users\dell\Desktop\books\book-swap\build\classes\java\main started by dell in C:\Users\dell\Desktop\books\book-swap)
2025-11-10 23:27:11.790 [restartedMain] DEBUG com.book.swap.BookSwapApplication        : Running with Spring Boot v3.5.6, Spring v6.2.11
2025-11-10 23:27:11.791 [restartedMain]  INFO com.book.swap.BookSwapApplication        : No active profile set, falling back to 1 default profile: "default"
2025-11-10 23:27:11.945 [restartedMain]  INFO .e.DevToolsPropertyDefaultsPostProcessor : Devtools property defaults active! Set 'spring.devtools.add-properties' to 'false' to disable
2025-11-10 23:27:11.951 [restartedMain]  INFO .e.DevToolsPropertyDefaultsPostProcessor : For additional web related logging consider setting the 'logging.level.web' property to 'DEBUG'
2025-11-10 23:27:13.509 [restartedMain]  INFO .s.d.r.c.RepositoryConfigurationDelegate : Bootstrapping Spring Data MongoDB repositories in DEFAULT mode.
2025-11-10 23:27:13.705 [restartedMain]  INFO .s.d.r.c.RepositoryConfigurationDelegate : Finished Spring Data repository scanning in 185 ms. Found 6 MongoDB repository interfaces.
2025-11-10 23:27:15.305 [restartedMain]  INFO o.s.b.w.embedded.tomcat.TomcatWebServer  : Tomcat initialized with port 8080 (http)
2025-11-10 23:27:15.346 [restartedMain]  INFO o.apache.catalina.core.StandardService   : Starting service [Tomcat]
2025-11-10 23:27:15.348 [restartedMain]  INFO o.apache.catalina.core.StandardEngine    : Starting Servlet engine: [Apache Tomcat/10.1.46]
2025-11-10 23:27:15.446 [restartedMain]  INFO o.a.c.c.C.[Tomcat].[localhost].[/api]    : Initializing Spring embedded WebApplicationContext
2025-11-10 23:27:15.450 [restartedMain]  INFO w.s.c.ServletWebServerApplicationContext : Root WebApplicationContext: initialization completed in 3495 ms
2025-11-10 23:27:17.141 [restartedMain] DEBUG c.b.s.security.JwtAuthenticationFilter   : Filter 'jwtAuthenticationFilter' configured for use
2025-11-10 23:27:17.176 [restartedMain]  INFO o.s.b.d.a.OptionalLiveReloadServer       : LiveReload server is running on port 35729
2025-11-10 23:27:17.368 [restartedMain]  INFO eAuthenticationProviderManagerConfigurer : Global AuthenticationManager configured with AuthenticationProvider bean with name authenticationProvider
2025-11-10 23:27:17.371 [restartedMain]  WARN r$InitializeUserDetailsManagerConfigurer : Global AuthenticationManager configured with an AuthenticationProvider bean. UserDetailsService beans will not be used by Spring Security for automatically configuring username/password login. Consider removing the AuthenticationProvider bean. Alternatively, consider using the UserDetailsService in a manually instantiated DaoAuthenticationProvider. If the current configuration is intentional, to turn off this warning, increase the logging level of 'org.springframework.security.config.annotation.authentication.configuration.InitializeUserDetailsBeanManagerConfigurer' to ERROR
2025-11-10 23:27:18.626 [restartedMain]  INFO o.s.b.a.w.s.WelcomePageHandlerMapping    : Adding welcome page template: index
2025-11-10 23:27:19.149 [restartedMain]  INFO o.s.b.a.e.web.EndpointLinksResolver      : Exposing 3 endpoints beneath base path '/actuator'
2025-11-10 23:27:19.471 [restartedMain]  INFO o.s.v.b.OptionalValidatorFactoryBean     : Failed to set up a Bean Validation provider: jakarta.validation.NoProviderFoundException: Unable to create a Configuration, because no Jakarta Validation provider could be found. Add a provider like Hibernate Validator (RI) to your classpath.
2025-11-10 23:27:20.205 [restartedMain]  INFO o.s.b.w.embedded.tomcat.TomcatWebServer  : Tomcat started on port 8080 (http) with context path '/api'
2025-11-10 23:27:20.227 [restartedMain]  INFO com.book.swap.BookSwapApplication        : Started BookSwapApplication in 9.391 seconds (process running for 10.082)
2025-11-10 23:27:28.366 [http-nio-8080-exec-1]  INFO o.a.c.c.C.[Tomcat].[localhost].[/api]    : Initializing Spring DispatcherServlet 'dispatcherServlet'
2025-11-10 23:27:28.367 [http-nio-8080-exec-1]  INFO o.s.web.servlet.DispatcherServlet        : Initializing Servlet 'dispatcherServlet'
2025-11-10 23:27:28.369 [http-nio-8080-exec-1]  INFO o.s.web.servlet.DispatcherServlet        : Completed initialization in 2 ms
2025-11-10 23:27:28.435 [http-nio-8080-exec-1] DEBUG c.b.s.security.JwtAuthenticationFilter   : ➡️ Incoming request path: /api/actuator/health
2025-11-10 23:30:47.996 [main]  INFO com.book.swap.BookSwapApplication        : Starting BookSwapApplication using Java 17.0.16 with PID 7272 (C:\Users\dell\Desktop\books\book-swap\build\classes\java\main started by dell in C:\Users\dell\Desktop\books\book-swap)
2025-11-10 23:30:47.997 [main] DEBUG com.book.swap.BookSwapApplication        : Running with Spring Boot v3.5.6, Spring v6.2.11
2025-11-10 23:30:47.998 [main]  INFO com.book.swap.BookSwapApplication        : No active profile set, falling back to 1 default profile: "default"
2025-11-10 23:30:49.277 [main]  INFO .s.d.r.c.RepositoryConfigurationDelegate : Bootstrapping Spring Data MongoDB repositories in DEFAULT mode.
2025-11-10 23:30:49.473 [main]  INFO .s.d.r.c.RepositoryConfigurationDelegate : Finished Spring Data repository scanning in 187 ms. Found 6 MongoDB repository interfaces.
2025-11-10 23:30:51.909 [main]  INFO anValidationBeanRegistrationAotProcessor : No Bean Validation provider available - skipping validation constraint hint inference
2025-11-10 23:31:01.983 [restartedMain]  INFO com.book.swap.BookSwapApplication        : Starting BookSwapApplication using Java 23.0.2 with PID 13444 (C:\Users\dell\Desktop\books\book-swap\build\classes\java\main started by dell in C:\Users\dell\Desktop\books\book-swap)
2025-11-10 23:31:01.986 [restartedMain] DEBUG com.book.swap.BookSwapApplication        : Running with Spring Boot v3.5.6, Spring v6.2.11
2025-11-10 23:31:01.988 [restartedMain]  INFO com.book.swap.BookSwapApplication        : No active profile set, falling back to 1 default profile: "default"
2025-11-10 23:31:02.134 [restartedMain]  INFO .e.DevToolsPropertyDefaultsPostProcessor : Devtools property defaults active! Set 'spring.devtools.add-properties' to 'false' to disable
2025-11-10 23:31:02.134 [restartedMain]  INFO .e.DevToolsPropertyDefaultsPostProcessor : For additional web related logging consider setting the 'logging.level.web' property to 'DEBUG'
2025-11-10 23:31:03.523 [restartedMain]  INFO .s.d.r.c.RepositoryConfigurationDelegate : Bootstrapping Spring Data MongoDB repositories in DEFAULT mode.
2025-11-10 23:31:03.650 [restartedMain]  INFO .s.d.r.c.RepositoryConfigurationDelegate : Finished Spring Data repository scanning in 132 ms. Found 6 MongoDB repository interfaces.
2025-11-10 23:31:05.234 [restartedMain]  INFO o.s.b.w.embedded.tomcat.TomcatWebServer  : Tomcat initialized with port 8080 (http)
2025-11-10 23:31:05.259 [restartedMain]  INFO o.apache.catalina.core.StandardService   : Starting service [Tomcat]
2025-11-10 23:31:05.259 [restartedMain]  INFO o.apache.catalina.core.StandardEngine    : Starting Servlet engine: [Apache Tomcat/10.1.46]
2025-11-10 23:31:05.352 [restartedMain]  INFO o.a.c.c.C.[Tomcat].[localhost].[/api]    : Initializing Spring embedded WebApplicationContext
2025-11-10 23:31:05.352 [restartedMain]  INFO w.s.c.ServletWebServerApplicationContext : Root WebApplicationContext: initialization completed in 3218 ms
2025-11-10 23:31:07.046 [restartedMain] DEBUG c.b.s.security.JwtAuthenticationFilter   : Filter 'jwtAuthenticationFilter' configured for use
2025-11-10 23:31:07.100 [restartedMain]  INFO o.s.b.d.a.OptionalLiveReloadServer       : LiveReload server is running on port 35729
2025-11-10 23:31:07.231 [restartedMain]  INFO eAuthenticationProviderManagerConfigurer : Global AuthenticationManager configured with AuthenticationProvider bean with name authenticationProvider
2025-11-10 23:31:07.235 [restartedMain]  WARN r$InitializeUserDetailsManagerConfigurer : Global AuthenticationManager configured with an AuthenticationProvider bean. UserDetailsService beans will not be used by Spring Security for automatically configuring username/password login. Consider removing the AuthenticationProvider bean. Alternatively, consider using the UserDetailsService in a manually instantiated DaoAuthenticationProvider. If the current configuration is intentional, to turn off this warning, increase the logging level of 'org.springframework.security.config.annotation.authentication.configuration.InitializeUserDetailsBeanManagerConfigurer' to ERROR
2025-11-10 23:31:08.601 [restartedMain]  INFO o.s.b.a.w.s.WelcomePageHandlerMapping    : Adding welcome page template: index
2025-11-10 23:31:09.041 [restartedMain]  INFO o.s.b.a.e.web.EndpointLinksResolver      : Exposing 3 endpoints beneath base path '/actuator'
2025-11-10 23:31:09.368 [restartedMain]  INFO o.s.v.b.OptionalValidatorFactoryBean     : Failed to set up a Bean Validation provider: jakarta.validation.NoProviderFoundException: Unable to create a Configuration, because no Jakarta Validation provider could be found. Add a provider like Hibernate Validator (RI) to your classpath.
2025-11-10 23:31:10.133 [restartedMain]  INFO o.s.b.w.embedded.tomcat.TomcatWebServer  : Tomcat started on port 8080 (http) with context path '/api'
2025-11-10 23:31:10.164 [restartedMain]  INFO com.book.swap.BookSwapApplication        : Started BookSwapApplication in 9.108 seconds (process running for 9.739)
2025-11-10 23:31:25.219 [http-nio-8080-exec-1]  INFO o.a.c.c.C.[Tomcat].[localhost].[/api]    : Initializing Spring DispatcherServlet 'dispatcherServlet'
2025-11-10 23:31:25.230 [http-nio-8080-exec-1]  INFO o.s.web.servlet.DispatcherServlet        : Initializing Servlet 'dispatcherServlet'
2025-11-10 23:31:25.232 [http-nio-8080-exec-1]  INFO o.s.web.servlet.DispatcherServlet        : Completed initialization in 2 ms
2025-11-10 23:31:25.306 [http-nio-8080-exec-1] DEBUG c.b.s.security.JwtAuthenticationFilter   : ➡️ Incoming request path: /api/
2025-11-10 23:31:25.702 [http-nio-8080-exec-2] DEBUG c.b.s.security.JwtAuthenticationFilter   : ➡️ Incoming request path: /api/actuator/health
2025-11-10 23:31:31.350 [http-nio-8080-exec-4] DEBUG c.b.s.security.JwtAuthenticationFilter   : ➡️ Incoming request path: /api/
2025-11-10 23:31:31.388 [http-nio-8080-exec-3] DEBUG c.b.s.security.JwtAuthenticationFilter   : ➡️ Incoming request path: /api/actuator/health
